0.000000 0.000000
2.000000 0.000000
4.000000 0.000000
6.000000 0.000000
8.000000 0.000000
10.000000 0.000000
12.000000 0.000000
14.000000 0.000000
16.000000 0.000000
18.000000 0.000000
20.000000 0.000000
22.000000 0.000000
24.000000 0.000000
26.000000 0.000000
28.000000 0.000000
30.000000 0.000000
32.000000 0.000000
34.000000 0.000000
36.000000 0.000000
38.000000 0.000000
40.000000 0.000000
42.000000 0.000000
44.000000 0.000000
46.000000 2.828559
48.000000 8.483087
50.000000 12.723983
52.000000 16.975671
54.000000 15.562038
56.000000 14.148406
58.000000 12.723983
60.000000 11.310351
62.000000 8.483087
64.000000 5.655823
66.000000 1.414927
68.000000 0.000000
70.000000 0.000000
72.000000 0.000000
74.000000 0.000000
76.000000 0.000000
78.000000 0.000000
80.000000 0.000000
82.000000 0.000000
84.000000 0.000000
86.000000 4.242191
88.000000 8.483087
90.000000 5.655823
92.000000 2.828559
94.000000 0.001295
96.000000 0.000000
98.000000 4.242191
100.000000 11.310351
102.000000 12.723983
104.000000 14.148406
106.000000 12.734774
108.000000 11.321142
110.000000 9.896719
112.000000 8.483087
114.000000 7.069455
116.000000 5.655823
118.000000 12.723983
120.000000 19.802935
122.000000 24.043831
124.000000 28.284727
126.000000 28.996938
128.000000 29.698359
130.000000 30.399779
132.000000 31.111991
134.000000 25.457463
136.000000 19.802935
138.000000 15.551247
140.000000 11.310351
142.000000 9.896719
144.000000 8.483087
146.000000 14.148406
148.000000 19.802935
150.000000 19.328127
152.000000 18.864110
154.000000 18.389303
156.000000 17.914495
158.000000 17.450478
160.000000 16.975671
162.000000 18.389303
164.000000 19.802935
166.000000 20.515146
168.000000 21.216567
170.000000 21.917987
172.000000 22.630199
174.000000 19.802935
176.000000 16.975671
178.000000 21.216567
180.000000 25.457463
182.000000 19.802935
184.000000 14.148406
186.000000 5.666614
188.000000 0.000000
190.000000 0.000000
192.000000 0.000000
194.000000 0.000000
196.000000 0.000000
198.000000 0.000000
200.000000 0.000000
202.000000 0.000000
204.000000 0.000000
206.000000 0.000000
208.000000 0.000000
210.000000 0.000000
212.000000 0.000000
214.000000 0.000000
216.000000 0.000000
218.000000 0.000000
220.000000 0.000000
222.000000 0.000000
224.000000 0.000000
226.000000 0.000000
228.000000 0.000000
230.000000 0.000000
232.000000 0.000000
234.000000 0.000000
236.000000 0.000000
238.000000 0.000000
240.000000 5.655823
242.000000 4.242191
244.000000 2.828559
246.000000 1.414927
248.000000 0.001295
250.000000 0.000000
252.000000 0.000000
254.000000 0.000000
256.000000 0.000000
258.000000 0.000000
260.000000 0.000000
262.000000 0.000000
264.000000 0.000000
266.000000 0.000000
268.000000 0.000000
270.000000 0.000000
272.000000 0.000000
274.000000 0.000000
276.000000 0.000000
278.000000 0.000000
280.000000 0.000000
282.000000 0.000000
284.000000 0.000000
286.000000 0.000000
288.000000 0.000000
290.000000 0.000000
292.000000 0.000000
294.000000 0.000000
296.000000 0.000000
298.000000 0.000000
300.000000 0.000000
302.000000 0.000000
304.000000 0.000000
306.000000 0.000000
308.000000 0.000000
310.000000 0.000000
312.000000 0.001295
314.000000 5.655823
316.000000 11.310351
318.000000 12.723983
320.000000 14.148406
322.000000 19.802935
324.000000 25.457463
326.000000 32.536414
328.000000 39.604574
330.000000 48.097158
332.000000 56.578950
334.000000 49.499999
336.000000 42.431838
338.000000 41.018206
340.000000 39.604574
342.000000 38.190942
344.000000 36.777310
346.000000 43.845470
348.000000 50.913631
350.000000 53.751686
352.000000 56.578950
354.000000 53.751686
356.000000 50.913631
358.000000 42.431838
360.000000 33.950046
362.000000 24.054622
364.000000 14.148406
366.000000 18.389303
368.000000 22.630199
370.000000 19.802935
372.000000 16.975671
374.000000 14.148406
376.000000 11.310351
378.000000 9.896719
380.000000 8.483087
382.000000 6.357244
384.000000 4.242191
386.000000 2.127139
388.000000 0.001295
390.000000 0.000000
392.000000 0.000000
394.000000 0.000000
396.000000 0.000000
398.000000 0.000000
400.000000 0.000000
402.000000 0.000000
404.000000 0.000000
406.000000 0.000000
408.000000 0.000000
410.000000 0.000000
412.000000 0.000000
414.000000 0.000000
416.000000 0.000000
418.000000 0.000000
420.000000 0.000000
422.000000 0.000000
424.000000 2.828559
426.000000 9.896719
428.000000 16.975671
430.000000 21.216567
432.000000 25.457463
434.000000 24.043831
436.000000 22.630199
438.000000 21.216567
440.000000 19.802935
442.000000 16.975671
444.000000 14.148406
446.000000 15.562038
448.000000 16.975671
450.000000 12.723983
452.000000 8.483087
454.000000 4.242191
456.000000 0.001295
458.000000 0.000000
460.000000 0.000000
462.000000 0.000000
464.000000 0.000000
466.000000 0.000000
468.000000 0.000000
470.000000 0.000000
472.000000 0.000000
474.000000 0.000000
476.000000 0.000000
478.000000 9.896719
480.000000 28.284727
482.000000 33.939255
484.000000 39.604574
486.000000 33.939255
488.000000 28.284727
490.000000 25.457463
492.000000 22.630199
494.000000 16.975671
496.000000 11.310351
498.000000 16.975671
500.000000 22.630199
502.000000 18.389303
504.000000 14.148406
506.000000 11.321142
508.000000 8.483087
510.000000 5.655823
512.000000 2.828559
514.000000 0.001295
516.000000 0.000000
518.000000 0.000000
520.000000 0.000000
522.000000 0.000000
524.000000 0.000000
526.000000 0.000000
528.000000 0.000000
530.000000 0.000000
532.000000 0.000000
534.000000 0.000000
536.000000 0.000000
538.000000 0.000000
540.000000 0.000000
542.000000 0.000000
544.000000 0.000000
546.000000 0.000000
548.000000 0.000000
550.000000 0.000000
552.000000 0.000000
554.000000 0.000000
556.000000 0.000000
558.000000 0.000000
560.000000 0.000000
562.000000 0.000000
564.000000 0.000000
566.000000 0.000000
568.000000 0.000000
570.000000 0.000000
572.000000 0.000000
574.000000 0.000000
576.000000 0.000000
578.000000 0.000000
580.000000 0.000000
582.000000 0.000000
584.000000 0.000000
586.000000 0.000000
588.000000 0.000000
590.000000 0.000000
592.000000 0.000000
594.000000 0.000000
596.000000 0.000000
598.000000 0.000000
600.000000 0.000000
602.000000 0.000000
604.000000 0.000000
606.000000 -3.500042
608.000000 -9.331665
610.000000 -5.832691
612.000000 -2.333718
614.000000 0.000000
616.000000 0.000000
618.000000 0.000000
620.000000 -2.333718
622.000000 -8.165340
624.000000 -14.005867
626.000000 -17.504840
628.000000 -21.003814
630.000000 -23.336463
632.000000 -25.669112
634.000000 -24.502788
636.000000 -23.336463
638.000000 -22.170139
640.000000 -21.003814
642.000000 -17.504840
644.000000 -14.005867
646.000000 -12.839542
648.000000 -11.673217
650.000000 -10.497990
652.000000 -9.331665
654.000000 -8.165340
656.000000 -6.999016
658.000000 -11.673217
660.000000 -16.338516
662.000000 -16.926130
664.000000 -17.504840
666.000000 -18.083551
668.000000 -18.671165
670.000000 -15.172191
672.000000 -11.673217
674.000000 -14.005867
676.000000 -16.338516
678.000000 -14.005867
680.000000 -11.673217
682.000000 -12.839542
684.000000 -14.005867
686.000000 -19.837489
688.000000 -25.669112
690.000000 -26.844340
692.000000 -28.010665
694.000000 -26.844340
696.000000 -25.669112
698.000000 -26.844340
700.000000 -28.010665
702.000000 -25.669112
704.000000 -23.336463
706.000000 -18.671165
708.000000 -14.005867
710.000000 -10.497990
712.000000 -6.999016
714.000000 -10.497990
716.000000 -14.005867
718.000000 -12.839542
720.000000 -11.673217
722.000000 -22.179042
724.000000 -32.675963
726.000000 -31.509638
728.000000 -30.343314
730.000000 -29.764603
732.000000 -29.176989
734.000000 -28.589375
736.000000 -28.010665
738.000000 -25.669112
740.000000 -23.336463
742.000000 -22.170139
744.000000 -21.003814
746.000000 -19.837489
748.000000 -18.671165
750.000000 -19.837489
752.000000 -21.003814
754.000000 -20.416200
756.000000 -19.837489
758.000000 -19.258779
760.000000 -18.671165
762.000000 -15.172191
764.000000 -11.673217
766.000000 -12.839542
768.000000 -14.005867
770.000000 -15.172191
772.000000 -16.338516
774.000000 -10.497990
776.000000 -4.666367
778.000000 -6.999016
780.000000 -9.340568
782.000000 -11.673217
784.000000 -14.005867
786.000000 -19.837489
788.000000 -25.669112
790.000000 -26.256726
792.000000 -26.844340
794.000000 -27.423051
796.000000 -28.010665
798.000000 -24.511691
800.000000 -21.003814
802.000000 -21.591428
804.000000 -22.170139
806.000000 -22.748849
808.000000 -23.336463
810.000000 -23.924077
812.000000 -24.502788
814.000000 -25.081498
816.000000 -25.669112
818.000000 -24.502788
820.000000 -23.336463
822.000000 -22.170139
824.000000 -21.003814
826.000000 -18.671165
828.000000 -16.338516
830.000000 -10.497990
832.000000 -4.666367
834.000000 -5.832691
836.000000 -6.999016
838.000000 -8.165340
840.000000 -9.331665
842.000000 -8.165340
844.000000 -6.999016
846.000000 -5.832691
848.000000 -4.666367
850.000000 -3.500042
852.000000 -2.333718
854.000000 0.000000
856.000000 0.000000
858.000000 0.000000
860.000000 0.000000
862.000000 0.000000
864.000000 0.000000
866.000000 0.000000
868.000000 0.000000
870.000000 0.000000
872.000000 0.000000
874.000000 0.000000
876.000000 0.000000
878.000000 0.000000
880.000000 0.000000
882.000000 0.000000
884.000000 0.000000
886.000000 0.000000
888.000000 0.000000
890.000000 0.000000
892.000000 0.000000
894.000000 0.000000
896.000000 0.000000
898.000000 0.000000
900.000000 0.000000
902.000000 0.000000
904.000000 0.000000
906.000000 0.000000
908.000000 0.000000
910.000000 0.000000
912.000000 0.000000
914.000000 0.000000
916.000000 0.000000
918.000000 0.000000
920.000000 0.000000
922.000000 0.000000
924.000000 0.000000
926.000000 0.000000
928.000000 0.000000
930.000000 0.000000
932.000000 0.000000
934.000000 0.000000
936.000000 0.000000
938.000000 0.000000
940.000000 0.000000
942.000000 0.000000
944.000000 0.000000
946.000000 0.000000
948.000000 0.000000
950.000000 0.000000
952.000000 0.000000
954.000000 0.000000
956.000000 0.000000
958.000000 0.000000
960.000000 0.000000
962.000000 0.000000
964.000000 0.000000
966.000000 0.000000
968.000000 0.000000
970.000000 0.000000
972.000000 0.000000
974.000000 0.000000
976.000000 0.000000
978.000000 0.000000
980.000000 0.000000
982.000000 0.000000
984.000000 0.000000
986.000000 0.000000
988.000000 0.000000
990.000000 0.000000
992.000000 0.000000
994.000000 0.000000
996.000000 0.000000
998.000000 0.000000
1000.000000 0.000000
1002.000000 0.000000
1004.000000 0.000000
1006.000000 0.000000
1008.000000 0.000000
1010.000000 0.000000
1012.000000 0.000000
1014.000000 0.000000
1016.000000 0.000000
1018.000000 0.000000
1020.000000 0.000000
1022.000000 0.000000
1024.000000 0.000000
1026.000000 0.000000
1028.000000 0.000000
1030.000000 0.000000
1032.000000 0.000000
1034.000000 0.000000
1036.000000 0.000000
1038.000000 0.000000
1040.000000 0.000000
1042.000000 0.000000
1044.000000 0.000000
1046.000000 0.000000
1048.000000 0.000000
1050.000000 0.000000
1052.000000 0.000000
1054.000000 0.000000
1056.000000 0.000000
1058.000000 0.000000
1060.000000 0.000000
1062.000000 0.000000
1064.000000 0.000000
1066.000000 0.000000
1068.000000 0.000000
1070.000000 0.000000
1072.000000 0.000000
1074.000000 0.000000
1076.000000 0.000000
1078.000000 0.000000
1080.000000 0.000000
1082.000000 0.000000
1084.000000 0.000000
1086.000000 0.000000
1088.000000 0.000000
1090.000000 0.000000
1092.000000 0.000000
1094.000000 0.000000
1096.000000 -0.001068
1098.000000 0.000000
1100.000000 0.000000
1102.000000 0.000000
1104.000000 0.000000
1106.000000 0.000000
1108.000000 0.000000
1110.000000 0.000000
1112.000000 0.000000
1114.000000 0.000000
1116.000000 0.000000
1118.000000 0.000000
1120.000000 0.000000
1122.000000 0.000000
1124.000000 0.000000
1126.000000 0.000000
1128.000000 0.000000
1130.000000 0.000000
1132.000000 0.000000
1134.000000 0.000000
1136.000000 0.000000
1138.000000 0.000000
1140.000000 0.000000
1142.000000 0.000000
1144.000000 0.000000
1146.000000 0.000000
1148.000000 0.000000
1150.000000 0.000000
1152.000000 0.000000
1154.000000 0.000000
1156.000000 0.000000
1158.000000 0.000000
1160.000000 0.000000
1162.000000 0.000000
1164.000000 0.000000
1166.000000 0.000000
1168.000000 0.000000
1170.000000 0.000000
1172.000000 0.000000
1174.000000 0.000000
1176.000000 0.000000
1178.000000 0.000000
1180.000000 0.000000
1182.000000 0.000000
1184.000000 0.000000
1186.000000 0.000000
1188.000000 0.000000
1190.000000 0.000000
1192.000000 0.000000
1194.000000 0.000000
1196.000000 0.000000
1198.000000 0.000000
1200.000000 0.000000
1202.000000 0.000000
1204.000000 0.000000
1206.000000 0.000000
1208.000000 0.000000
1210.000000 0.000000
1212.000000 0.000000
1214.000000 0.000000
1216.000000 0.000000
1218.000000 0.000000
1220.000000 0.000000
1222.000000 0.000000
1224.000000 0.000000
1226.000000 0.000000
1228.000000 0.000000
1230.000000 0.000000
1232.000000 0.000000
1234.000000 0.000000
1236.000000 0.000000
1238.000000 0.000000
1240.000000 0.000000
1242.000000 0.000000
1244.000000 0.000000
1246.000000 0.000000
1248.000000 0.000000
1250.000000 0.000000
1252.000000 0.000000
1254.000000 0.000000
1256.000000 0.000000
1258.000000 0.000000
1260.000000 0.000000
1262.000000 0.000000
1264.000000 0.000000
1266.000000 0.000000
1268.000000 0.000000
1270.000000 0.000000
1272.000000 0.000000
1274.000000 0.000000
1276.000000 0.000000
1278.000000 0.000000
1280.000000 0.000000
1282.000000 0.000000
1284.000000 0.000000
1286.000000 0.000000
1288.000000 0.000000
1290.000000 0.000000
1292.000000 0.000000
1294.000000 0.000000
1296.000000 0.000000
1298.000000 0.000000
1300.000000 0.000000
1302.000000 0.000000
1304.000000 0.000000
1306.000000 0.000000
1308.000000 0.000000
1310.000000 0.000000
1312.000000 0.000000
1314.000000 0.000000
1316.000000 0.000000
1318.000000 0.000000
1320.000000 0.000000
1322.000000 0.000000
1324.000000 0.000000
1326.000000 0.000000
1328.000000 0.000000
1330.000000 0.000000
1332.000000 0.000000
1334.000000 0.000000
1336.000000 0.000000
1338.000000 0.000000
1340.000000 0.000000
1342.000000 0.000000
1344.000000 0.000000
1346.000000 0.000000
1348.000000 0.000000
1350.000000 0.000000
1352.000000 0.000000
1354.000000 0.000000
1356.000000 0.000000
1358.000000 0.000000
1360.000000 0.000000
1362.000000 0.000000
1364.000000 0.000000
1366.000000 0.000000
1368.000000 0.000000
1370.000000 0.000000
1372.000000 0.000000
1374.000000 0.000000
1376.000000 0.000000
1378.000000 0.000000
1380.000000 0.000000
1382.000000 0.000000
1384.000000 0.000000
1386.000000 0.000000
1388.000000 0.000000
1390.000000 0.000000
1392.000000 0.000000
1394.000000 0.000000
1396.000000 0.000000
1398.000000 0.000000
1400.000000 0.000000
1402.000000 0.000000
1404.000000 0.000000
1406.000000 0.000000
1408.000000 0.000000
1410.000000 0.000000
1412.000000 0.000000
1414.000000 0.000000
1416.000000 0.000000
1418.000000 0.000000
1420.000000 0.000000
1422.000000 0.000000
1424.000000 0.000000
1426.000000 0.000000
1428.000000 0.000000
1430.000000 0.000000
1432.000000 0.000000
1434.000000 0.000000
1436.000000 0.000000
1438.000000 0.000000
1440.000000 0.000000
1442.000000 0.000000
1444.000000 0.000000
1446.000000 0.000000
1448.000000 -2.333718
1450.000000 -0.001068
1452.000000 0.000000
1454.000000 0.000000
1456.000000 0.000000
1458.000000 0.000000
1460.000000 0.000000
1462.000000 0.000000
1464.000000 0.000000
1466.000000 0.000000
1468.000000 0.000000
1470.000000 0.000000
1472.000000 -0.001068
1474.000000 -1.167393
1476.000000 -2.333718
1478.000000 0.000000
1480.000000 0.000000
1482.000000 0.000000
1484.000000 -0.001068
1486.000000 -1.167393
1488.000000 -2.333718
1490.000000 -1.167393
1492.000000 -0.001068
1494.000000 0.000000
1496.000000 0.000000
1498.000000 0.000000
1500.000000 0.000000
1502.000000 0.000000
1504.000000 0.000000
1506.000000 -8.165340
1508.000000 -21.003814
1510.000000 -24.511691
1512.000000 -28.010665
1514.000000 -25.669112
1516.000000 -23.336463
1518.000000 -21.778396
1520.000000 -20.229232
1522.000000 -18.671165
1524.000000 -17.113098
1526.000000 -15.563934
1528.000000 -14.005867
1530.000000 -10.497990
1532.000000 -6.999016
1534.000000 -9.919279
1536.000000 -12.830639
1538.000000 -15.750902
1540.000000 -18.671165
1542.000000 -21.003814
1544.000000 -23.336463
1546.000000 -21.003814
1548.000000 -18.671165
1550.000000 -12.830639
1552.000000 -6.999016
1554.000000 -3.500042
1556.000000 0.000000
1558.000000 0.000000
1560.000000 0.000000
1562.000000 0.000000
1564.000000 0.000000
1566.000000 0.000000
1568.000000 0.000000
1570.000000 0.000000
1572.000000 0.000000
1574.000000 0.000000
1576.000000 0.000000
1578.000000 0.000000
1580.000000 0.000000
1582.000000 0.000000
1584.000000 0.000000
1586.000000 0.000000
1588.000000 0.000000
1590.000000 0.000000
1592.000000 0.000000
1594.000000 0.000000
1596.000000 0.000000
1598.000000 0.000000
1600.000000 0.000000
1602.000000 0.000000
1604.000000 0.000000
1606.000000 0.000000
1608.000000 0.000000
1610.000000 0.000000
1612.000000 0.000000
1614.000000 0.000000
1616.000000 0.000000
1618.000000 0.000000
1620.000000 0.000000
1622.000000 0.000000
1624.000000 0.000000
1626.000000 0.000000
1628.000000 0.000000
1630.000000 0.000000
1632.000000 0.000000
1634.000000 0.000000
1636.000000 0.000000
1638.000000 0.000000
1640.000000 0.000000
1642.000000 0.000000
1644.000000 0.000000
1646.000000 0.000000
1648.000000 0.000000
1650.000000 0.000000
1652.000000 0.000000
1654.000000 0.000000
1656.000000 0.000000
1658.000000 0.000000
1660.000000 0.000000
1662.000000 0.000000
1664.000000 0.000000
1666.000000 0.000000
1668.000000 0.000000
1670.000000 0.000000
1672.000000 0.000000
1674.000000 0.000000
1676.000000 0.000000
1678.000000 0.000000
1680.000000 0.000000
1682.000000 0.000000
1684.000000 0.000000
1686.000000 0.000000
1688.000000 0.000000
1690.000000 0.000000
1692.000000 0.000000
1694.000000 0.000000
1696.000000 0.000000
1698.000000 0.000000
1700.000000 0.000000
1702.000000 0.000000
1704.000000 0.000000
1706.000000 0.000000
1708.000000 0.000000
1710.000000 0.000000
1712.000000 0.000000
1714.000000 0.000000
1716.000000 0.000000
1718.000000 0.000000
1720.000000 0.000000
1722.000000 0.000000
1724.000000 0.000000
1726.000000 0.000000
1728.000000 0.000000
1730.000000 0.000000
1732.000000 0.000000
1734.000000 0.000000
1736.000000 0.000000
1738.000000 0.000000
1740.000000 0.000000
1742.000000 0.000000
1744.000000 0.000000
1746.000000 0.000000
1748.000000 0.000000
1750.000000 0.000000
1752.000000 0.000000
1754.000000 0.000000
1756.000000 0.000000
1758.000000 0.000000
1760.000000 0.000000
1762.000000 0.000000
1764.000000 0.000000
1766.000000 0.000000
1768.000000 0.000000
1770.000000 0.000000
1772.000000 0.000000
1774.000000 0.000000
1776.000000 0.000000
1778.000000 0.000000
1780.000000 0.000000
1782.000000 0.000000
1784.000000 0.000000
1786.000000 0.000000
1788.000000 2.828559
1790.000000 8.493878
1792.000000 14.148406
1794.000000 11.321142
1796.000000 8.483087
1798.000000 12.723983
1800.000000 16.975671
1802.000000 14.148406
1804.000000 11.310351
1806.000000 2.828559
1808.000000 0.000000
1810.000000 0.000000
1812.000000 0.000000
1814.000000 0.000000
1816.000000 0.000000
1818.000000 0.000000
1820.000000 0.000000
1822.000000 0.000000
1824.000000 0.000000
1826.000000 0.000000
1828.000000 0.000000
1830.000000 0.000000
1832.000000 0.000000
1834.000000 0.000000
1836.000000 0.000000
1838.000000 0.000000
1840.000000 0.000000
1842.000000 0.000000
1844.000000 0.000000
1846.000000 0.000000
1848.000000 0.000000
1850.000000 0.000000
1852.000000 0.000000
1854.000000 0.000000
1856.000000 0.000000
1858.000000 0.000000
1860.000000 0.000000
1862.000000 0.000000
1864.000000 0.000000
1866.000000 0.000000
1868.000000 0.000000
1870.000000 0.000000
1872.000000 0.000000
1874.000000 0.000000
1876.000000 0.000000
1878.000000 0.000000
1880.000000 5.655823
1882.000000 14.148406
1884.000000 22.630199
1886.000000 21.917987
1888.000000 21.216567
1890.000000 20.515146
1892.000000 19.802935
1894.000000 22.630199
1896.000000 25.457463
1898.000000 26.871095
1900.000000 28.284727
1902.000000 26.871095
1904.000000 25.457463
1906.000000 16.975671
1908.000000 8.483087
1910.000000 5.655823
1912.000000 2.828559
1914.000000 3.529979
1916.000000 4.242191
1918.000000 4.954403
1920.000000 5.655823
1922.000000 1.414927
1924.000000 0.000000
1926.000000 0.000000
1928.000000 0.000000
1930.000000 0.001295
1932.000000 0.940119
1934.000000 1.889735
1936.000000 2.828559
1938.000000 0.001295
1940.000000 0.000000
1942.000000 0.000000
1944.000000 0.000000
1946.000000 0.000000
1948.000000 0.000000
1950.000000 0.000000
1952.000000 0.000000
1954.000000 0.000000
1956.000000 0.000000
1958.000000 0.000000
1960.000000 0.000000
1962.000000 0.000000
1964.000000 0.000000
1966.000000 0.000000
1968.000000 0.000000
1970.000000 0.000000
1972.000000 0.000000
1974.000000 0.000000
1976.000000 0.000000
1978.000000 0.000000
1980.000000 0.000000
1982.000000 0.000000
1984.000000 0.000000
1986.000000 0.000000
1988.000000 0.000000
1990.000000 0.000000
1992.000000 0.000000
1994.000000 0.000000
1996.000000 0.000000
1998.000000 0.000000
2000.000000 0.000000
2002.000000 0.000000
2004.000000 0.000000
2006.000000 0.000000
2008.000000 0.000000
2010.000000 0.000000
2012.000000 0.000000
2014.000000 0.000000
2016.000000 0.000000
2018.000000 0.000000
2020.000000 0.000000
2022.000000 0.000000
2024.000000 0.000000
2026.000000 0.000000
2028.000000 0.000000
2030.000000 0.000000
2032.000000 0.000000
2034.000000 0.000000
2036.000000 0.000000
2038.000000 0.000000
2040.000000 0.000000
2042.000000 0.000000
2044.000000 0.001295
2046.000000 1.414927
2048.000000 2.828559
2050.000000 8.493878
2052.000000 14.148406
2054.000000 9.896719
2056.000000 5.655823
2058.000000 7.781667
2060.000000 9.896719
2062.000000 12.022563
2064.000000 14.148406
2066.000000 12.734774
2068.000000 11.321142
2070.000000 9.896719
2072.000000 8.483087
2074.000000 5.655823
2076.000000 2.828559
2078.000000 0.001295
2080.000000 0.000000
2082.000000 0.000000
2084.000000 0.000000
2086.000000 0.000000
2088.000000 0.000000
2090.000000 0.000000
2092.000000 0.000000
2094.000000 0.000000
2096.000000 0.000000
2098.000000 0.000000
2100.000000 0.000000
2102.000000 0.000000
2104.000000 0.000000
2106.000000 0.000000
2108.000000 0.000000
2110.000000 0.000000
2112.000000 0.000000
2114.000000 0.000000
2116.000000 0.000000
2118.000000 0.000000
2120.000000 0.000000
2122.000000 0.000000
2124.000000 0.000000
2126.000000 0.000000
2128.000000 0.000000
2130.000000 0.000000
2132.000000 5.655823
2134.000000 14.148406
2136.000000 22.630199
2138.000000 29.709150
2140.000000 36.777310
2142.000000 41.018206
2144.000000 45.259102
2146.000000 42.431838
2148.000000 39.604574
2150.000000 33.939255
2152.000000 28.284727
2154.000000 31.111991
2156.000000 33.950046
2158.000000 41.018206
2160.000000 48.086367
2162.000000 45.259102
2164.000000 42.431838
2166.000000 26.871095
2168.000000 11.310351
2170.000000 4.242191
2172.000000 0.000000
2174.000000 0.000000
2176.000000 0.000000
2178.000000 0.000000
2180.000000 0.000000
2182.000000 0.000000
2184.000000 0.000000
2186.000000 0.000000
2188.000000 0.000000
2190.000000 0.000000
2192.000000 0.000000
2194.000000 0.000000
2196.000000 0.000000
2198.000000 0.000000
2200.000000 0.000000
2202.000000 0.000000
2204.000000 0.000000
2206.000000 0.000000
2208.000000 0.000000
2210.000000 0.000000
2212.000000 0.000000
2214.000000 0.000000
2216.000000 0.000000
2218.000000 0.000000
2220.000000 0.000000
2222.000000 0.000000
2224.000000 0.000000
2226.000000 0.000000
2228.000000 0.000000
2230.000000 0.000000
2232.000000 0.000000
2234.000000 0.000000
2236.000000 0.000000
2238.000000 0.000000
2240.000000 0.000000
2242.000000 0.000000
2244.000000 0.000000
2246.000000 0.000000
2248.000000 0.000000
2250.000000 0.000000
2252.000000 0.000000
2254.000000 0.000000
2256.000000 0.000000
2258.000000 0.000000
2260.000000 0.000000
2262.000000 0.000000
2264.000000 0.000000
2266.000000 0.000000
2268.000000 0.000000
2270.000000 0.000000
2272.000000 0.000000
2274.000000 0.000000
2276.000000 0.000000
2278.000000 0.000000
2280.000000 0.000000
2282.000000 0.000000
2284.000000 0.000000
2286.000000 0.000000
2288.000000 0.000000
2290.000000 0.000000
2292.000000 0.000000
2294.000000 0.000000
2296.000000 0.000000
2298.000000 0.000000
2300.000000 0.000000
2302.000000 0.000000
2304.000000 0.000000
2306.000000 0.000000
2308.000000 -0.001068
2310.000000 -2.333718
2312.000000 -4.666367
2314.000000 -1.167393
2316.000000 0.000000
2318.000000 0.000000
2320.000000 0.000000
2322.000000 0.000000
2324.000000 0.000000
2326.000000 0.000000
2328.000000 -0.001068
2330.000000 0.000000
2332.000000 0.000000
2334.000000 0.000000
2336.000000 0.000000
2338.000000 0.000000
2340.000000 0.000000
2342.000000 0.000000
2344.000000 0.000000
2346.000000 0.000000
2348.000000 0.000000
2350.000000 0.000000
2352.000000 0.000000
2354.000000 0.000000
2356.000000 0.000000
2358.000000 0.000000
2360.000000 0.000000
2362.000000 0.000000
2364.000000 -1.167393
2366.000000 -2.912428
2368.000000 -4.666367
2370.000000 -2.333718
2372.000000 -0.001068
2374.000000 0.000000
2376.000000 0.000000
2378.000000 0.000000
2380.000000 0.000000
2382.000000 0.000000
2384.000000 -2.333718
2386.000000 -2.725460
2388.000000 -3.108300
2390.000000 -3.500042
2392.000000 -3.891785
2394.000000 -4.274624
2396.000000 -4.666367
2398.000000 -2.333718
2400.000000 -0.001068
2402.000000 -3.500042
2404.000000 -6.999016
2406.000000 -8.165340
2408.000000 -9.331665
2410.000000 -16.338516
2412.000000 -23.336463
2414.000000 -24.502788
2416.000000 -25.669112
2418.000000 -28.001762
2420.000000 -30.343314
2422.000000 -32.675963
2424.000000 -35.008612
2426.000000 -38.507586
2428.000000 -42.006560
2430.000000 -46.680761
2432.000000 -51.346060
2434.000000 -49.601024
2436.000000 -47.847086
2438.000000 -46.093147
2440.000000 -44.348112
2442.000000 -42.015463
2444.000000 -39.673911
2446.000000 -36.174937
2448.000000 -32.675963
2450.000000 -31.509638
2452.000000 -30.343314
2454.000000 -35.008612
2456.000000 -39.673911
2458.000000 -42.015463
2460.000000 -44.348112
2462.000000 -45.514437
2464.000000 -46.680761
2466.000000 -42.015463
2468.000000 -37.341261
2470.000000 -39.095200
2472.000000 -40.840235
2474.000000 -42.594174
2476.000000 -44.348112
2478.000000 -42.015463
2480.000000 -39.673911
2482.000000 -40.840235
2484.000000 -42.006560
2486.000000 -44.348112
2488.000000 -46.680761
2490.000000 -50.179735
2492.000000 -53.678709
2494.000000 -52.512384
2496.000000 -51.346060
2498.000000 -51.933673
2500.000000 -52.512384
2502.000000 -53.091095
2504.000000 -53.678709
2506.000000 -50.179735
2508.000000 -46.680761
2510.000000 -51.346060
2512.000000 -56.011358
2514.000000 -55.423744
2516.000000 -54.845033
2518.000000 -54.266323
2520.000000 -53.678709
2522.000000 -52.512384
2524.000000 -51.346060
2526.000000 -50.758446
2528.000000 -50.179735
2530.000000 -49.601024
2532.000000 -49.013410
2534.000000 -46.680761
2536.000000 -44.348112
2538.000000 -43.760498
2540.000000 -43.172884
2542.000000 -42.594174
2544.000000 -42.006560
2546.000000 -38.507586
2548.000000 -35.008612
2550.000000 -34.429902
2552.000000 -33.842288
2554.000000 -33.254674
2556.000000 -32.675963
2558.000000 -33.842288
2560.000000 -35.008612
2562.000000 -33.842288
2564.000000 -32.675963
2566.000000 -28.001762
2568.000000 -23.336463
2570.000000 -19.837489
2572.000000 -16.338516
2574.000000 -14.005867
2576.000000 -11.673217
2578.000000 -10.497990
2580.000000 -9.331665
2582.000000 -15.163288
2584.000000 -21.003814
2586.000000 -22.170139
2588.000000 -23.336463
2590.000000 -21.003814
2592.000000 -18.671165
2594.000000 -21.003814
2596.000000 -23.336463
2598.000000 -22.170139
2600.000000 -21.003814
2602.000000 -17.504840
2604.000000 -14.005867
2606.000000 -15.172191
2608.000000 -16.338516
2610.000000 -22.179042
2612.000000 -28.010665
2614.000000 -26.844340
2616.000000 -25.669112
2618.000000 -23.924077
2620.000000 -22.170139
2622.000000 -20.416200
2624.000000 -18.671165
2626.000000 -9.340568
2628.000000 -0.001068
2630.000000 0.000000
2632.000000 0.000000
2634.000000 0.000000
2636.000000 0.000000
2638.000000 0.000000
2640.000000 0.000000
2642.000000 0.000000
2644.000000 0.000000
2646.000000 0.000000
2648.000000 0.000000
2650.000000 0.000000
2652.000000 0.000000
2654.000000 0.000000
2656.000000 0.000000
2658.000000 0.000000
2660.000000 0.000000
2662.000000 0.000000
2664.000000 0.000000
2666.000000 0.000000
2668.000000 0.000000
2670.000000 0.000000
2672.000000 0.000000
2674.000000 0.000000
2676.000000 0.000000
2678.000000 0.000000
2680.000000 0.000000
2682.000000 0.000000
2684.000000 0.000000
2686.000000 0.000000
2688.000000 0.000000
2690.000000 0.000000
2692.000000 0.000000
2694.000000 0.000000
2696.000000 0.000000
2698.000000 0.000000
2700.000000 0.000000
2702.000000 0.000000
2704.000000 0.000000
2706.000000 0.000000
2708.000000 0.000000
2710.000000 0.000000
2712.000000 0.000000
2714.000000 0.000000
2716.000000 0.000000
2718.000000 0.000000
2720.000000 0.000000
2722.000000 0.000000
2724.000000 0.000000
2726.000000 0.000000
2728.000000 0.000000
2730.000000 0.000000
2732.000000 0.000000
2734.000000 0.000000
2736.000000 0.000000
2738.000000 0.000000
2740.000000 0.000000
2742.000000 0.000000
2744.000000 0.000000
2746.000000 0.000000
2748.000000 0.000000
2750.000000 0.000000
2752.000000 0.000000
2754.000000 0.000000
2756.000000 0.000000
2758.000000 0.000000
2760.000000 0.000000
2762.000000 0.000000
2764.000000 0.000000
2766.000000 0.000000
2768.000000 0.000000
2770.000000 0.000000
2772.000000 0.000000
2774.000000 0.000000
2776.000000 0.000000
2778.000000 0.000000
2780.000000 0.000000
2782.000000 0.000000
2784.000000 0.000000
2786.000000 0.000000
2788.000000 0.000000
2790.000000 0.000000
2792.000000 0.000000
2794.000000 0.000000
2796.000000 0.000000
2798.000000 0.000000
2800.000000 0.000000
2802.000000 0.000000
2804.000000 0.000000
2806.000000 0.000000
2808.000000 0.000000
2810.000000 0.000000
2812.000000 0.000000
2814.000000 0.000000
2816.000000 0.000000
2818.000000 0.000000
2820.000000 0.000000
2822.000000 0.000000
2824.000000 0.000000
2826.000000 0.000000
2828.000000 0.000000
2830.000000 0.000000
2832.000000 0.000000
2834.000000 0.000000
2836.000000 0.000000
2838.000000 0.000000
2840.000000 0.000000
2842.000000 0.000000
2844.000000 0.000000
2846.000000 0.000000
2848.000000 0.000000
2850.000000 0.000000
2852.000000 0.000000
2854.000000 0.000000
2856.000000 0.000000
2858.000000 0.000000
2860.000000 0.000000
2862.000000 0.000000
2864.000000 0.000000
2866.000000 0.000000
2868.000000 0.000000
2870.000000 0.000000
2872.000000 0.000000
2874.000000 0.000000
2876.000000 0.000000
2878.000000 0.000000
2880.000000 0.000000
2882.000000 0.000000
2884.000000 0.000000
2886.000000 0.000000
2888.000000 0.000000
2890.000000 0.000000
2892.000000 0.000000
2894.000000 0.000000
2896.000000 0.000000
2898.000000 0.000000
2900.000000 0.000000
2902.000000 0.000000
2904.000000 0.000000
2906.000000 0.000000
2908.000000 0.000000
2910.000000 0.000000
2912.000000 0.000000
2914.000000 0.000000
2916.000000 0.000000
2918.000000 0.000000
2920.000000 0.000000
2922.000000 0.000000
2924.000000 0.000000
2926.000000 0.000000
2928.000000 0.000000
2930.000000 0.000000
2932.000000 0.000000
2934.000000 0.000000
2936.000000 0.000000
2938.000000 0.000000
2940.000000 0.000000
2942.000000 0.000000
2944.000000 0.000000
2946.000000 0.000000
2948.000000 0.000000
2950.000000 0.000000
2952.000000 -0.001068
2954.000000 -1.167393
2956.000000 -2.333718
2958.000000 0.000000
2960.000000 0.000000
2962.000000 0.000000
2964.000000 0.000000
2966.000000 0.000000
2968.000000 0.000000
2970.000000 -0.001068
2972.000000 -4.666367
2974.000000 -1.167393
2976.000000 0.000000
2978.000000 0.000000
2980.000000 0.000000
2982.000000 0.000000
2984.000000 0.000000
2986.000000 0.000000
2988.000000 0.000000
2990.000000 0.000000
2992.000000 0.000000
2994.000000 0.000000
2996.000000 0.000000
2998.000000 0.000000
3000.000000 0.000000
3002.000000 0.000000
3004.000000 0.000000
3006.000000 0.000000
3008.000000 0.000000
3010.000000 0.000000
3012.000000 0.000000
3014.000000 0.000000
3016.000000 0.000000
3018.000000 0.000000
3020.000000 0.000000
3022.000000 0.000000
3024.000000 0.000000
3026.000000 0.000000
3028.000000 0.000000
3030.000000 0.000000
3032.000000 0.000000
3034.000000 0.000000
3036.000000 0.000000
3038.000000 0.000000
3040.000000 0.000000
3042.000000 0.000000
3044.000000 0.000000
3046.000000 0.000000
3048.000000 0.000000
3050.000000 0.000000
3052.000000 0.000000
3054.000000 0.000000
3056.000000 0.000000
3058.000000 0.000000
3060.000000 0.000000
3062.000000 0.000000
3064.000000 0.000000
3066.000000 0.000000
3068.000000 0.000000
3070.000000 0.000000
3072.000000 0.000000
3074.000000 0.000000
3076.000000 0.000000
3078.000000 0.000000
3080.000000 0.000000
3082.000000 0.000000
3084.000000 0.000000
3086.000000 0.000000
3088.000000 0.000000
3090.000000 0.000000
3092.000000 0.000000
3094.000000 0.000000
3096.000000 0.000000
3098.000000 0.000000
3100.000000 0.000000
3102.000000 0.000000
3104.000000 0.000000
3106.000000 0.000000
3108.000000 0.000000
3110.000000 0.000000
3112.000000 0.000000
3114.000000 0.000000
3116.000000 0.000000
3118.000000 0.000000
3120.000000 0.000000
3122.000000 0.000000
3124.000000 0.000000
3126.000000 0.000000
3128.000000 0.000000
3130.000000 0.000000
3132.000000 0.000000
3134.000000 0.000000
3136.000000 0.000000
3138.000000 0.000000
3140.000000 0.000000
3142.000000 0.000000
3144.000000 0.000000
3146.000000 0.000000
3148.000000 0.000000
3150.000000 0.000000
3152.000000 0.000000
3154.000000 0.000000
3156.000000 -0.001068
3158.000000 -2.333718
3160.000000 -4.666367
3162.000000 -5.832691
3164.000000 -6.999016
3166.000000 -1.167393
3168.000000 0.000000
3170.000000 0.000000
3172.000000 0.000000
3174.000000 0.000000
3176.000000 0.000000
3178.000000 0.000000
3180.000000 0.000000
3182.000000 0.000000
3184.000000 0.000000
3186.000000 0.000000
3188.000000 0.000000
3190.000000 0.000000
3192.000000 0.000000
3194.000000 0.000000
3196.000000 0.000000
3198.000000 0.000000
3200.000000 0.000000
3202.000000 0.000000
3204.000000 0.000000
3206.000000 0.000000
3208.000000 0.000000
3210.000000 0.000000
3212.000000 0.000000
3214.000000 0.000000
3216.000000 0.000000
3218.000000 0.000000
3220.000000 0.000000
3222.000000 0.000000
3224.000000 0.000000
3226.000000 0.000000
3228.000000 0.000000
3230.000000 0.000000
3232.000000 0.000000
3234.000000 0.000000
3236.000000 0.000000
3238.000000 0.000000
3240.000000 0.000000
3242.000000 0.000000
3244.000000 0.000000
3246.000000 0.000000
3248.000000 0.000000
3250.000000 0.000000
3252.000000 0.000000
3254.000000 0.000000
3256.000000 0.000000
3258.000000 0.000000
3260.000000 0.000000
3262.000000 0.000000
3264.000000 0.000000
3266.000000 0.000000
3268.000000 0.000000
3270.000000 0.000000
3272.000000 0.000000
3274.000000 0.000000
3276.000000 0.000000
3278.000000 0.000000
3280.000000 0.000000
3282.000000 0.000000
3284.000000 0.000000
3286.000000 0.000000
3288.000000 0.000000
3290.000000 0.000000
3292.000000 0.000000
3294.000000 0.000000
3296.000000 0.000000
3298.000000 0.000000
3300.000000 0.000000
3302.000000 0.000000
3304.000000 0.000000
3306.000000 0.000000
3308.000000 0.000000
3310.000000 0.000000
3312.000000 0.000000
3314.000000 0.000000
3316.000000 0.000000
3318.000000 0.000000
3320.000000 0.000000
3322.000000 0.000000
3324.000000 0.000000
3326.000000 0.000000
3328.000000 0.000000
3330.000000 0.000000
3332.000000 0.000000
3334.000000 0.000000
3336.000000 0.000000
3338.000000 0.000000
3340.000000 0.000000
3342.000000 0.000000
3344.000000 0.000000
3346.000000 0.000000
3348.000000 0.000000
3350.000000 0.000000
3352.000000 0.000000
3354.000000 0.000000
3356.000000 0.000000
3358.000000 0.000000
3360.000000 0.000000
3362.000000 0.000000
3364.000000 0.000000
3366.000000 0.000000
3368.000000 0.000000
3370.000000 0.000000
3372.000000 0.000000
3374.000000 0.000000
3376.000000 0.000000
3378.000000 0.000000
3380.000000 0.000000
3382.000000 0.000000
3384.000000 0.000000
3386.000000 0.000000
3388.000000 0.000000
3390.000000 0.000000
3392.000000 0.000000
3394.000000 0.000000
3396.000000 0.000000
3398.000000 0.000000
3400.000000 0.000000
3402.000000 0.000000
3404.000000 0.000000
3406.000000 0.000000
3408.000000 0.000000
3410.000000 0.000000
3412.000000 0.000000
3414.000000 0.000000
3416.000000 0.000000
3418.000000 0.000000
3420.000000 0.000000
3422.000000 0.000000
3424.000000 0.000000
3426.000000 0.000000
3428.000000 0.000000
3430.000000 0.000000
3432.000000 0.000000
3434.000000 0.000000
3436.000000 0.000000
3438.000000 0.000000
3440.000000 0.000000
3442.000000 0.000000
3444.000000 0.000000
3446.000000 0.000000
3448.000000 0.000000
3450.000000 0.000000
3452.000000 0.000000
3454.000000 0.000000
3456.000000 0.000000
3458.000000 0.000000
3460.000000 0.000000
3462.000000 0.000000
3464.000000 0.000000
3466.000000 0.000000
3468.000000 0.000000
3470.000000 0.000000
3472.000000 0.000000
3474.000000 0.000000
3476.000000 0.000000
3478.000000 0.000000
3480.000000 0.000000
3482.000000 0.000000
3484.000000 0.000000
3486.000000 0.000000
3488.000000 0.000000
3490.000000 0.000000
3492.000000 0.000000
3494.000000 0.000000
3496.000000 0.000000
3498.000000 0.000000
3500.000000 0.000000
3502.000000 0.000000
3504.000000 0.000000
3506.000000 0.000000
3508.000000 0.000000
3510.000000 0.000000
3512.000000 0.000000
3514.000000 0.000000
3516.000000 0.000000
3518.000000 0.000000
3520.000000 0.000000
3522.000000 0.000000
3524.000000 0.000000
3526.000000 0.000000
3528.000000 0.000000
3530.000000 0.000000
3532.000000 0.000000
3534.000000 0.000000
3536.000000 0.000000
3538.000000 0.000000
3540.000000 0.000000
3542.000000 0.000000
3544.000000 0.000000
3546.000000 0.000000
3548.000000 0.000000
3550.000000 0.000000
3552.000000 0.000000
3554.000000 0.000000
3556.000000 0.000000
3558.000000 0.000000
3560.000000 0.000000
3562.000000 0.000000
3564.000000 0.000000
3566.000000 0.000000
3568.000000 0.000000
3570.000000 0.000000
3572.000000 0.000000
3574.000000 0.000000
3576.000000 0.000000
3578.000000 0.000000
3580.000000 0.000000
3582.000000 0.000000
3584.000000 0.000000
3586.000000 0.000000
3588.000000 0.000000
3590.000000 0.000000
3592.000000 0.000000
3594.000000 0.000000
3596.000000 0.000000
3598.000000 0.000000
3600.000000 0.000000
3602.000000 0.000000
3604.000000 0.000000
3606.000000 0.000000
3608.000000 0.000000
3610.000000 0.000000
3612.000000 0.000000
3614.000000 0.000000
3616.000000 0.000000
3618.000000 0.000000
3620.000000 0.000000
3622.000000 0.000000
3624.000000 0.000000
3626.000000 0.000000
3628.000000 0.000000
3630.000000 0.000000
3632.000000 0.000000
3634.000000 0.000000
3636.000000 0.000000
3638.000000 0.000000
3640.000000 0.000000
3642.000000 0.000000
3644.000000 0.000000
3646.000000 0.000000
3648.000000 0.000000
3650.000000 0.000000
3652.000000 0.000000
3654.000000 0.000000
3656.000000 0.000000
3658.000000 0.000000
3660.000000 0.000000
3662.000000 0.000000
3664.000000 0.000000
3666.000000 0.000000
3668.000000 0.000000
3670.000000 0.000000
3672.000000 0.000000
3674.000000 0.000000
3676.000000 0.000000
3678.000000 0.000000
3680.000000 0.000000
3682.000000 0.000000
3684.000000 0.000000
3686.000000 0.000000
3688.000000 0.000000
3690.000000 0.000000
3692.000000 0.000000
3694.000000 0.000000
3696.000000 0.000000
3698.000000 0.000000
3700.000000 0.000000
3702.000000 0.000000
3704.000000 0.000000
3706.000000 0.000000
3708.000000 0.000000
3710.000000 0.000000
3712.000000 0.000000
3714.000000 0.000000
3716.000000 0.000000
3718.000000 0.000000
3720.000000 0.000000
3722.000000 0.000000
3724.000000 0.000000
3726.000000 0.000000
3728.000000 0.000000
3730.000000 0.000000
3732.000000 0.000000
3734.000000 0.000000
3736.000000 0.000000
3738.000000 0.000000
3740.000000 0.000000
3742.000000 0.000000
3744.000000 0.000000
3746.000000 0.000000
3748.000000 0.000000
3750.000000 0.000000
3752.000000 0.000000
3754.000000 0.000000
3756.000000 0.000000
3758.000000 0.000000
3760.000000 0.000000
3762.000000 0.000000
3764.000000 0.000000
3766.000000 0.000000
3768.000000 0.000000
3770.000000 0.000000
3772.000000 0.000000
3774.000000 0.000000
3776.000000 0.000000
3778.000000 0.000000
3780.000000 0.000000
3782.000000 0.000000
3784.000000 0.000000
3786.000000 -1.167393
3788.000000 -9.331665
3790.000000 -10.497990
3792.000000 -11.673217
3794.000000 -7.007919
3796.000000 -2.333718
3798.000000 -4.087656
3800.000000 -5.832691
3802.000000 -7.577727
3804.000000 -9.331665
3806.000000 -6.999016
3808.000000 -4.666367
3810.000000 -2.333718
3812.000000 -0.001068
3814.000000 0.000000
3816.000000 0.000000
3818.000000 0.000000
3820.000000 0.000000
3822.000000 0.000000
3824.000000 0.000000
3826.000000 0.000000
3828.000000 0.000000
3830.000000 0.000000
3832.000000 0.000000
3834.000000 0.000000
3836.000000 0.000000
3838.000000 0.000000
3840.000000 0.000000
3842.000000 0.000000
3844.000000 0.000000
3846.000000 0.000000
3848.000000 0.000000
3850.000000 0.000000
3852.000000 0.000000
3854.000000 0.000000
3856.000000 0.000000
3858.000000 0.000000
3860.000000 0.000000
3862.000000 0.000000
3864.000000 0.000000
3866.000000 0.000000
3868.000000 0.000000
3870.000000 0.000000
3872.000000 0.000000
3874.000000 2.828559
3876.000000 8.483087
3878.000000 9.896719
3880.000000 11.310351
3882.000000 8.483087
3884.000000 5.655823
3886.000000 2.828559
3888.000000 0.001295
3890.000000 0.702715
3892.000000 1.414927
3894.000000 2.127139
3896.000000 2.828559
3898.000000 5.655823
3900.000000 8.483087
3902.000000 4.242191
3904.000000 0.001295
3906.000000 0.000000
3908.000000 0.000000
3910.000000 0.000000
3912.000000 0.000000
3914.000000 0.000000
3916.000000 0.000000
3918.000000 0.000000
3920.000000 0.000000
3922.000000 0.000000
3924.000000 0.000000
3926.000000 0.000000
3928.000000 0.000000
3930.000000 0.000000
3932.000000 0.000000
3934.000000 0.000000
3936.000000 0.000000
3938.000000 0.000000
3940.000000 0.000000
3942.000000 0.000000
3944.000000 0.000000
3946.000000 0.000000
3948.000000 0.000000
3950.000000 0.000000
3952.000000 0.000000
3954.000000 0.000000
3956.000000 0.000000
3958.000000 0.000000
3960.000000 0.000000
3962.000000 0.000000
3964.000000 0.000000
3966.000000 0.000000
3968.000000 0.000000
3970.000000 0.000000
3972.000000 0.000000
3974.000000 0.000000
3976.000000 0.000000
3978.000000 0.000000
3980.000000 0.000000
3982.000000 0.000000
3984.000000 0.000000
3986.000000 0.000000
3988.000000 0.000000
3990.000000 0.000000
3992.000000 0.000000
3994.000000 0.000000
3996.000000 0.000000
3998.000000 0.000000
4000.000000 0.000000
4002.000000 0.000000
4004.000000 0.000000
4006.000000 0.000000
4008.000000 0.000000
4010.000000 0.000000
4012.000000 0.000000
4014.000000 0.000000
4016.000000 0.000000
4018.000000 0.000000
4020.000000 0.000000
4022.000000 0.000000
4024.000000 0.000000
4026.000000 0.000000
4028.000000 0.000000
4030.000000 0.000000
4032.000000 0.000000
4034.000000 0.000000
4036.000000 0.000000
4038.000000 0.000000
4040.000000 0.000000
4042.000000 0.000000
4044.000000 0.000000
4046.000000 0.000000
4048.000000 0.000000
4050.000000 0.000000
4052.000000 0.000000
4054.000000 0.000000
4056.000000 0.000000
4058.000000 0.000000
4060.000000 0.000000
4062.000000 0.000000
4064.000000 0.000000
4066.000000 0.000000
4068.000000 0.000000
4070.000000 0.000000
4072.000000 0.000000
4074.000000 0.000000
4076.000000 0.000000
4078.000000 0.000000
4080.000000 0.000000
4082.000000 0.000000
4084.000000 0.000000
4086.000000 0.000000
4088.000000 0.000000
4090.000000 0.000000
4092.000000 0.000000
4094.000000 0.000000
4096.000000 0.000000
4098.000000 0.000000
4100.000000 0.000000
4102.000000 0.000000
4104.000000 0.000000
4106.000000 0.000000
4108.000000 0.000000
4110.000000 0.000000
4112.000000 0.000000
4114.000000 0.000000
4116.000000 0.000000
4118.000000 0.000000
4120.000000 0.000000
4122.000000 0.000000
4124.000000 0.000000
4126.000000 0.000000
4128.000000 0.000000
4130.000000 0.000000
4132.000000 0.000000
4134.000000 0.000000
4136.000000 0.000000
4138.000000 0.000000
4140.000000 0.000000
4142.000000 0.000000
4144.000000 0.000000
4146.000000 0.000000
4148.000000 0.000000
4150.000000 0.000000
4152.000000 0.000000
4154.000000 0.000000
4156.000000 0.000000
4158.000000 0.000000
4160.000000 0.000000
4162.000000 0.000000
4164.000000 0.000000
4166.000000 0.000000
4168.000000 0.000000
4170.000000 0.000000
4172.000000 0.000000
4174.000000 0.000000
4176.000000 0.000000
4178.000000 0.000000
4180.000000 0.000000
4182.000000 0.000000
4184.000000 0.000000
4186.000000 0.000000
4188.000000 -2.333718
4190.000000 -2.912428
4192.000000 -3.500042
4194.000000 -4.087656
4196.000000 -4.666367
4198.000000 -3.500042
4200.000000 -2.333718
4202.000000 -2.912428
4204.000000 -3.500042
4206.000000 -4.087656
4208.000000 -4.666367
4210.000000 -9.340568
4212.000000 -14.005867
4214.000000 -17.504840
4216.000000 -21.003814
4218.000000 -19.837489
4220.000000 -18.671165
4222.000000 -16.338516
4224.000000 -14.005867
4226.000000 -12.839542
4228.000000 -11.673217
4230.000000 -14.005867
4232.000000 -16.338516
4234.000000 -18.671165
4236.000000 -21.003814
4238.000000 -17.504840
4240.000000 -14.005867
4242.000000 -12.839542
4244.000000 -11.673217
4246.000000 -10.497990
4248.000000 -9.331665
4250.000000 -4.666367
4252.000000 -0.001068
4254.000000 0.000000
4256.000000 0.000000
4258.000000 -1.167393
4260.000000 -4.666367
4262.000000 -3.500042
4264.000000 -2.333718
4266.000000 -5.832691
4268.000000 -9.331665
4270.000000 -10.497990
4272.000000 -11.673217
4274.000000 -12.839542
4276.000000 -14.005867
4278.000000 -15.172191
4280.000000 -16.338516
4282.000000 -11.673217
4284.000000 -6.999016
4286.000000 -8.165340
4288.000000 -9.331665
4290.000000 -11.673217
4292.000000 -14.005867
4294.000000 -15.172191
4296.000000 -16.338516
4298.000000 -17.504840
4300.000000 -18.671165
4302.000000 -18.279422
4304.000000 -17.896583
4306.000000 -17.504840
4308.000000 -17.113098
4310.000000 -16.730258
4312.000000 -16.338516
4314.000000 -14.005867
4316.000000 -11.673217
4318.000000 -10.497990
4320.000000 -9.331665
4322.000000 -8.752954
4324.000000 -8.165340
4326.000000 -7.577727
4328.000000 -6.999016
4330.000000 -2.333718
4332.000000 0.000000
4334.000000 0.000000
4336.000000 0.000000
4338.000000 0.000000
4340.000000 0.000000
4342.000000 0.000000
4344.000000 0.000000
4346.000000 0.000000
4348.000000 0.000000
4350.000000 0.000000
4352.000000 0.000000
4354.000000 0.000000
4356.000000 0.000000
4358.000000 0.000000
4360.000000 0.000000
4362.000000 0.000000
4364.000000 0.000000
4366.000000 0.000000
4368.000000 0.000000
4370.000000 0.000000
4372.000000 0.000000
4374.000000 0.000000
4376.000000 0.000000
4378.000000 0.000000
4380.000000 0.000000
4382.000000 0.000000
4384.000000 0.000000
4386.000000 0.000000
4388.000000 0.000000
4390.000000 0.000000
4392.000000 0.001295
4394.000000 8.493878
4396.000000 16.975671
4398.000000 26.881886
4400.000000 36.777310
4402.000000 41.018206
4404.000000 45.259102
4406.000000 48.086367
4408.000000 50.913631
4410.000000 49.499999
4412.000000 48.086367
4414.000000 49.499999
4416.000000 50.924422
4418.000000 52.338054
4420.000000 53.751686
4422.000000 54.312822
4424.000000 54.884750
4426.000000 55.445886
4428.000000 56.017813
4430.000000 56.578950
4432.000000 57.140086
4434.000000 57.712014
4436.000000 58.273150
4438.000000 58.845078
4440.000000 59.406214
4442.000000 55.154527
4444.000000 50.913631
4446.000000 53.039474
4448.000000 55.154527
4450.000000 57.280370
4452.000000 59.406214
4454.000000 57.992582
4456.000000 56.578950
4458.000000 55.154527
4460.000000 53.740895
4462.000000 52.327263
4464.000000 50.913631
4466.000000 46.672734
4468.000000 42.431838
4470.000000 39.604574
4472.000000 36.777310
4474.000000 34.651467
4476.000000 32.536414
4478.000000 30.410570
4480.000000 28.284727
4482.000000 24.043831
4484.000000 19.802935
4486.000000 21.216567
4488.000000 22.630199
4490.000000 19.802935
4492.000000 16.975671
4494.000000 14.148406
4496.000000 11.310351
4498.000000 9.184508
4500.000000 7.069455
4502.000000 4.954403
4504.000000 2.828559
4506.000000 0.702715
4508.000000 0.000000
4510.000000 0.000000
4512.000000 0.000000
4514.000000 0.000000
4516.000000 0.000000
4518.000000 0.000000
4520.000000 0.000000
4522.000000 0.000000
4524.000000 0.000000
4526.000000 0.000000
4528.000000 0.000000
4530.000000 0.000000
4532.000000 0.000000
4534.000000 0.000000
4536.000000 0.000000
4538.000000 0.000000
4540.000000 0.000000
4542.000000 0.000000
4544.000000 0.000000
4546.000000 0.000000
4548.000000 0.000000
4550.000000 0.000000
4552.000000 0.000000
4554.000000 -3.500042
4556.000000 -9.331665
4558.000000 -8.165340
4560.000000 -6.999016
4562.000000 -4.087656
4564.000000 -1.167393
4566.000000 0.000000
4568.000000 0.000000
4570.000000 0.000000
4572.000000 0.000000
4574.000000 0.000000
4576.000000 -0.001068
4578.000000 -5.832691
4580.000000 -11.673217
4582.000000 -12.839542
4584.000000 -14.005867
4586.000000 -12.447799
4588.000000 -10.889732
4590.000000 -9.340568
4592.000000 -7.782501
4594.000000 -6.224434
4596.000000 -4.666367
4598.000000 -1.167393
4600.000000 0.000000
4602.000000 0.000000
4604.000000 0.000000
4606.000000 0.000000
4608.000000 0.000000
4610.000000 0.000000
4612.000000 0.000000
4614.000000 0.000000
4616.000000 0.000000
4618.000000 0.000000
4620.000000 -2.333718
4622.000000 -7.007919
4624.000000 -11.673217
4626.000000 -9.340568
4628.000000 -6.999016
4630.000000 -9.340568
4632.000000 -11.673217
4634.000000 -12.260831
4636.000000 -12.839542
4638.000000 -13.418253
4640.000000 -14.005867
4642.000000 -16.338516
4644.000000 -18.671165
4646.000000 -19.837489
4648.000000 -21.003814
4650.000000 -23.336463
4652.000000 -25.669112
4654.000000 -24.502788
4656.000000 -23.336463
4658.000000 -18.671165
4660.000000 -14.005867
4662.000000 -15.172191
4664.000000 -16.338516
4666.000000 -17.504840
4668.000000 -18.671165
4670.000000 -22.170139
4672.000000 -25.669112
4674.000000 -26.844340
4676.000000 -28.010665
4678.000000 -26.844340
4680.000000 -25.669112
4682.000000 -24.502788
4684.000000 -23.336463
4686.000000 -22.170139
4688.000000 -21.003814
4690.000000 -19.837489
4692.000000 -18.671165
4694.000000 -17.504840
4696.000000 -16.338516
4698.000000 -15.172191
4700.000000 -14.005867
4702.000000 -9.340568
4704.000000 -4.666367
4706.000000 -1.167393
4708.000000 0.000000
4710.000000 0.000000
4712.000000 0.000000
4714.000000 0.000000
4716.000000 0.000000
4718.000000 -0.001068
4720.000000 -2.333718
4722.000000 -4.087656
4724.000000 -5.832691
4726.000000 -7.577727
4728.000000 -9.331665
4730.000000 -4.666367
4732.000000 -0.001068
4734.000000 0.000000
4736.000000 0.000000
4738.000000 0.000000
4740.000000 0.000000
4742.000000 0.000000
4744.000000 0.000000
4746.000000 0.000000
4748.000000 0.000000
4750.000000 0.000000
4752.000000 0.000000
4754.000000 0.000000
4756.000000 -2.333718
4758.000000 -4.666367
4760.000000 -6.999016
4762.000000 -8.165340
4764.000000 -9.331665
4766.000000 -8.939922
4768.000000 -8.557083
4770.000000 -8.165340
4772.000000 -7.773598
4774.000000 -7.390758
4776.000000 -6.999016
4778.000000 -8.165340
4780.000000 -9.331665
4782.000000 -10.497990
4784.000000 -11.673217
4786.000000 -4.675270
4788.000000 0.000000
4790.000000 0.000000
4792.000000 0.000000
4794.000000 0.000000
4796.000000 0.000000
4798.000000 0.000000
4800.000000 0.000000
4802.000000 0.000000
4804.000000 0.000000
4806.000000 0.000000
4808.000000 0.000000
4810.000000 0.000000
4812.000000 0.000000
4814.000000 0.000000
4816.000000 0.000000
4818.000000 0.000000
4820.000000 0.000000
4822.000000 0.000000
4824.000000 0.000000
4826.000000 0.000000
4828.000000 0.000000
4830.000000 0.000000
4832.000000 0.000000
4834.000000 0.000000
4836.000000 0.000000
4838.000000 0.000000
4840.000000 0.000000
4842.000000 0.000000
4844.000000 0.000000
4846.000000 0.000000
4848.000000 0.000000
4850.000000 0.000000
4852.000000 0.000000
4854.000000 0.000000
4856.000000 0.000000
4858.000000 0.000000
4860.000000 0.000000
4862.000000 0.000000
4864.000000 0.000000
4866.000000 0.000000
4868.000000 0.000000
4870.000000 0.000000
4872.000000 0.000000
4874.000000 0.000000
4876.000000 0.000000
4878.000000 0.000000
4880.000000 0.000000
4882.000000 0.000000
4884.000000 0.000000
4886.000000 0.000000
4888.000000 0.000000
4890.000000 0.000000
4892.000000 0.000000
4894.000000 0.000000
4896.000000 0.000000
4898.000000 0.000000
4900.000000 0.000000
4902.000000 0.000000
4904.000000 0.001295
4906.000000 2.828559
4908.000000 5.655823
4910.000000 2.828559
4912.000000 0.001295
4914.000000 1.414927
4916.000000 2.828559
4918.000000 0.001295
4920.000000 0.000000
4922.000000 0.000000
4924.000000 0.000000
4926.000000 0.000000
4928.000000 0.000000
4930.000000 0.000000
4932.000000 0.000000
4934.000000 0.000000
4936.000000 0.000000
4938.000000 0.000000
4940.000000 0.000000
4942.000000 0.000000
4944.000000 0.000000
4946.000000 0.000000
4948.000000 0.000000
4950.000000 0.000000
4952.000000 0.000000
4954.000000 0.000000
4956.000000 0.000000
4958.000000 0.000000
4960.000000 0.000000
4962.000000 0.000000
4964.000000 0.000000
4966.000000 0.000000
4968.000000 0.000000
4970.000000 0.000000
4972.000000 0.000000
4974.000000 0.000000
4976.000000 0.000000
4978.000000 0.000000
4980.000000 0.000000
4982.000000 0.000000
4984.000000 0.000000
4986.000000 0.000000
4988.000000 0.000000
4990.000000 0.000000
4992.000000 0.000000
4994.000000 0.000000
4996.000000 0.000000
4998.000000 0.000000
5000.000000 5.655823
5002.000000 9.896719
5004.000000 14.148406
5006.000000 15.562038
5008.000000 16.975671
5010.000000 12.723983
5012.000000 8.483087
5014.000000 9.896719
5016.000000 11.310351
5018.000000 9.896719
5020.000000 8.483087
5022.000000 2.828559
5024.000000 0.000000
5026.000000 0.000000
5028.000000 0.000000
5030.000000 0.000000
5032.000000 0.000000
5034.000000 0.000000
5036.000000 0.000000
5038.000000 0.000000
5040.000000 0.000000
5042.000000 0.000000
5044.000000 0.000000
5046.000000 0.000000
5048.000000 0.000000
5050.000000 0.000000
5052.000000 0.000000
5054.000000 0.000000
5056.000000 0.000000
5058.000000 0.000000
5060.000000 0.000000
5062.000000 0.000000
5064.000000 0.000000
5066.000000 0.000000
5068.000000 0.000000
5070.000000 0.000000
5072.000000 0.000000
5074.000000 0.000000
5076.000000 0.000000
5078.000000 0.000000
5080.000000 0.000000
5082.000000 0.000000
5084.000000 0.000000
5086.000000 0.000000
5088.000000 0.000000
5090.000000 0.000000
5092.000000 0.000000
5094.000000 0.000000
5096.000000 -2.333718
5098.000000 0.000000
5100.000000 0.000000
5102.000000 0.000000
5104.000000 0.000000
5106.000000 0.000000
5108.000000 0.000000
5110.000000 0.000000
5112.000000 0.000000
5114.000000 0.000000
5116.000000 0.000000
5118.000000 0.000000
5120.000000 0.000000
5122.000000 0.000000
5124.000000 0.000000
5126.000000 0.000000
5128.000000 0.000000
5130.000000 0.000000
5132.000000 0.000000
5134.000000 0.000000
5136.000000 0.000000
5138.000000 0.000000
5140.000000 0.000000
5142.000000 0.000000
5144.000000 0.000000
5146.000000 0.000000
5148.000000 0.000000
5150.000000 0.000000
5152.000000 0.000000
5154.000000 0.000000
5156.000000 0.000000
5158.000000 0.000000
5160.000000 0.000000
5162.000000 0.000000
5164.000000 0.000000
5166.000000 0.000000
5168.000000 0.000000
5170.000000 0.000000
5172.000000 0.000000
5174.000000 0.000000
5176.000000 0.000000
5178.000000 0.000000
5180.000000 0.000000
5182.000000 0.000000
5184.000000 0.000000
5186.000000 0.000000
5188.000000 0.000000
5190.000000 0.000000
5192.000000 0.000000
5194.000000 0.000000
5196.000000 0.000000
5198.000000 0.000000
5200.000000 0.000000
5202.000000 0.000000
5204.000000 0.000000
5206.000000 0.000000
5208.000000 0.000000
5210.000000 0.000000
5212.000000 0.000000
5214.000000 0.000000
5216.000000 0.000000
5218.000000 0.000000
5220.000000 0.000000
5222.000000 0.000000
5224.000000 0.000000
5226.000000 0.000000
5228.000000 0.000000
5230.000000 0.000000
5232.000000 0.000000
5234.000000 0.000000
5236.000000 0.000000
5238.000000 0.000000
5240.000000 0.000000
5242.000000 0.000000
5244.000000 0.000000
5246.000000 0.000000
5248.000000 0.000000
5250.000000 0.000000
5252.000000 -0.775650
5254.000000 -2.716557
5256.000000 -4.666367
5258.000000 -3.500042
5260.000000 -2.333718
5262.000000 -3.500042
5264.000000 -4.666367
5266.000000 -1.167393
5268.000000 0.000000
5270.000000 -1.755007
5272.000000 -5.832691
5274.000000 -9.919279
5276.000000 -14.005867
5278.000000 -9.340568
5280.000000 -4.666367
5282.000000 -5.245077
5284.000000 -5.832691
5286.000000 -6.420305
5288.000000 -6.999016
5290.000000 -5.832691
5292.000000 -4.666367
5294.000000 -3.500042
5296.000000 -2.333718
5298.000000 -4.666367
5300.000000 -6.999016
5302.000000 -9.340568
5304.000000 -11.673217
5306.000000 -8.165340
5308.000000 -4.666367
5310.000000 -4.087656
5312.000000 -3.500042
5314.000000 -2.912428
5316.000000 -2.333718
5318.000000 -1.167393
5320.000000 -0.001068
5322.000000 0.000000
5324.000000 0.000000
5326.000000 0.000000
5328.000000 0.000000
5330.000000 0.000000
5332.000000 0.000000
5334.000000 0.000000
5336.000000 0.000000
5338.000000 0.000000
5340.000000 0.000000
5342.000000 0.000000
5344.000000 0.000000
5346.000000 0.000000
5348.000000 0.000000
5350.000000 0.000000
5352.000000 0.000000
5354.000000 0.000000
5356.000000 0.000000
5358.000000 0.000000
5360.000000 -2.333718
5362.000000 -3.500042
5364.000000 -4.666367
5366.000000 -1.167393
5368.000000 0.000000
5370.000000 -0.001068
5372.000000 -2.333718
5374.000000 -1.167393
5376.000000 -0.001068
5378.000000 0.000000
5380.000000 0.000000
5382.000000 0.000000
5384.000000 0.000000
5386.000000 0.000000
5388.000000 0.000000
5390.000000 0.000000
5392.000000 0.000000
5394.000000 0.000000
5396.000000 0.000000
5398.000000 0.000000
5400.000000 0.000000
5402.000000 0.000000
5404.000000 0.000000
5406.000000 0.000000
5408.000000 0.000000
5410.000000 0.000000
5412.000000 0.000000
5414.000000 0.000000
5416.000000 0.000000
5418.000000 0.000000
5420.000000 0.000000
5422.000000 0.000000
5424.000000 0.000000
5426.000000 0.000000
5428.000000 0.000000
5430.000000 0.000000
5432.000000 0.000000
5434.000000 0.000000
5436.000000 0.000000
5438.000000 0.000000
5440.000000 0.000000
5442.000000 0.000000
5444.000000 0.000000
5446.000000 0.000000
5448.000000 0.000000
5450.000000 0.000000
5452.000000 0.000000
5454.000000 0.000000
5456.000000 0.000000
5458.000000 0.000000
5460.000000 0.000000
5462.000000 0.000000
5464.000000 0.000000
5466.000000 0.000000
5468.000000 0.000000
5470.000000 0.000000
5472.000000 0.000000
5474.000000 0.000000
5476.000000 0.000000
5478.000000 0.000000
5480.000000 0.000000
5482.000000 0.000000
5484.000000 0.000000
5486.000000 0.000000
5488.000000 0.000000
5490.000000 0.000000
5492.000000 0.000000
5494.000000 0.000000
5496.000000 0.000000
5498.000000 0.000000
5500.000000 0.000000
5502.000000 0.000000
5504.000000 0.000000
5506.000000 0.000000
5508.000000 0.000000
5510.000000 0.000000
5512.000000 0.000000
5514.000000 0.000000
5516.000000 0.000000
5518.000000 0.000000
5520.000000 0.000000
5522.000000 0.000000
5524.000000 0.000000
5526.000000 0.000000
5528.000000 0.000000
5530.000000 0.000000
5532.000000 0.000000
5534.000000 0.000000
5536.000000 0.000000
5538.000000 0.000000
5540.000000 0.000000
5542.000000 0.000000
5544.000000 0.000000
5546.000000 0.000000
5548.000000 0.000000
5550.000000 0.000000
5552.000000 0.000000
5554.000000 0.000000
5556.000000 0.000000
5558.000000 0.000000
5560.000000 0.000000
5562.000000 0.000000
5564.000000 0.000000
5566.000000 0.000000
5568.000000 0.000000
5570.000000 0.000000
5572.000000 0.000000
5574.000000 0.000000
5576.000000 0.000000
5578.000000 0.000000
5580.000000 0.000000
5582.000000 0.000000
5584.000000 0.000000
5586.000000 0.000000
5588.000000 0.000000
5590.000000 0.000000
5592.000000 0.000000
5594.000000 0.000000
5596.000000 0.000000
5598.000000 0.000000
5600.000000 0.000000
5602.000000 0.000000
5604.000000 0.000000
5606.000000 0.000000
5608.000000 0.000000
5610.000000 0.000000
5612.000000 0.000000
5614.000000 0.000000
5616.000000 0.000000
5618.000000 0.000000
5620.000000 0.000000
5622.000000 0.000000
5624.000000 0.000000
5626.000000 0.000000
5628.000000 0.000000
5630.000000 0.000000
5632.000000 0.000000
5634.000000 0.000000
5636.000000 0.000000
5638.000000 0.000000
5640.000000 0.000000
5642.000000 0.000000
5644.000000 0.000000
5646.000000 0.000000
5648.000000 0.000000
5650.000000 0.000000
5652.000000 0.000000
5654.000000 0.000000
5656.000000 0.000000
5658.000000 0.000000
5660.000000 0.000000
5662.000000 0.000000
5664.000000 0.000000
5666.000000 0.000000
5668.000000 0.000000
5670.000000 0.000000
5672.000000 0.000000
5674.000000 0.000000
5676.000000 0.000000
5678.000000 0.000000
5680.000000 0.000000
5682.000000 0.000000
5684.000000 0.000000
5686.000000 0.000000
5688.000000 0.000000
5690.000000 0.000000
5692.000000 0.000000
5694.000000 0.000000
5696.000000 0.000000
5698.000000 0.000000
5700.000000 0.000000
5702.000000 0.000000
5704.000000 0.000000
5706.000000 0.000000
5708.000000 0.000000
5710.000000 0.000000
5712.000000 0.000000
5714.000000 0.000000
5716.000000 0.000000
5718.000000 0.000000
5720.000000 0.000000
5722.000000 0.000000
5724.000000 0.000000
5726.000000 0.000000
5728.000000 0.000000
5730.000000 0.000000
5732.000000 0.000000
5734.000000 0.000000
5736.000000 0.000000
5738.000000 0.000000
5740.000000 0.000000
5742.000000 0.000000
5744.000000 0.000000
5746.000000 0.000000
5748.000000 0.000000
5750.000000 0.000000
5752.000000 0.000000
5754.000000 0.000000
5756.000000 0.000000
5758.000000 0.000000
5760.000000 0.000000
5762.000000 0.000000
5764.000000 0.000000
5766.000000 0.000000
5768.000000 0.000000
5770.000000 0.000000
5772.000000 0.000000
5774.000000 0.000000
5776.000000 0.000000
5778.000000 0.000000
5780.000000 0.000000
5782.000000 0.000000
5784.000000 0.000000
5786.000000 0.000000
5788.000000 0.000000
5790.000000 0.001295
5792.000000 2.828559
5794.000000 8.493878
5796.000000 14.148406
5798.000000 8.493878
5800.000000 2.828559
5802.000000 1.414927
5804.000000 0.001295
5806.000000 4.242191
5808.000000 8.483087
5810.000000 9.896719
5812.000000 11.321142
5814.000000 12.734774
5816.000000 14.148406
5818.000000 11.321142
5820.000000 8.493878
5822.000000 5.655823
5824.000000 2.828559
5826.000000 0.000000
5828.000000 0.000000
5830.000000 0.000000
5832.000000 0.000000
5834.000000 0.000000
5836.000000 0.000000
5838.000000 0.000000
5840.000000 0.000000
5842.000000 0.000000
5844.000000 0.000000
5846.000000 0.000000
5848.000000 0.000000
5850.000000 0.000000
5852.000000 0.000000
5854.000000 0.000000
5856.000000 0.000000
5858.000000 0.000000
5860.000000 0.000000
5862.000000 0.000000
5864.000000 0.000000
5866.000000 0.000000
5868.000000 0.000000
5870.000000 0.000000
5872.000000 0.000000
5874.000000 0.000000
5876.000000 0.000000
5878.000000 0.000000
5880.000000 -0.001068
5882.000000 -1.167393
5884.000000 -2.333718
5886.000000 -3.500042
5888.000000 -4.666367
5890.000000 -5.832691
5892.000000 -6.999016
5894.000000 -3.500042
5896.000000 -0.001068
5898.000000 0.000000
5900.000000 0.000000
5902.000000 0.000000
5904.000000 0.000000
5906.000000 0.000000
5908.000000 0.000000
5910.000000 0.000000
5912.000000 0.000000
5914.000000 0.000000
5916.000000 0.000000
5918.000000 0.000000
5920.000000 0.000000
5922.000000 0.000000
5924.000000 0.000000
5926.000000 0.000000
5928.000000 0.000000
5930.000000 0.000000
5932.000000 0.000000
5934.000000 0.000000
5936.000000 0.000000
5938.000000 0.000000
5940.000000 0.000000
5942.000000 0.000000
5944.000000 0.000000
5946.000000 0.000000
5948.000000 0.000000
5950.000000 0.000000
5952.000000 0.000000
5954.000000 0.000000
5956.000000 0.000000
5958.000000 0.000000
5960.000000 0.000000
5962.000000 0.000000
5964.000000 0.000000
5966.000000 0.000000
5968.000000 0.000000
5970.000000 0.000000
5972.000000 0.000000
5974.000000 0.000000
5976.000000 0.000000
5978.000000 0.000000
5980.000000 0.000000
5982.000000 0.000000
5984.000000 0.000000
5986.000000 0.000000
5988.000000 0.000000
5990.000000 0.000000
5992.000000 0.000000
5994.000000 0.000000
5996.000000 0.000000
5998.000000 0.000000
6000.000000 0.000000
6002.000000 0.000000
6004.000000 0.000000
6006.000000 0.000000
6008.000000 0.000000
6010.000000 0.000000
6012.000000 0.000000
6014.000000 0.000000
6016.000000 0.000000
6018.000000 0.000000
6020.000000 0.000000
6022.000000 0.000000
6024.000000 0.000000
6026.000000 0.000000
6028.000000 0.000000
6030.000000 0.000000
6032.000000 0.000000
6034.000000 0.000000
6036.000000 0.000000
6038.000000 0.000000
6040.000000 0.000000
6042.000000 0.000000
6044.000000 0.000000
6046.000000 0.000000
6048.000000 0.000000
6050.000000 0.000000
6052.000000 0.001295
6054.000000 0.000000
6056.000000 0.000000
6058.000000 0.000000
6060.000000 0.000000
6062.000000 0.000000
6064.000000 0.000000
6066.000000 0.000000
6068.000000 0.000000
6070.000000 0.000000
6072.000000 0.000000
6074.000000 0.000000
6076.000000 0.000000
6078.000000 0.001295
6080.000000 2.828559
6082.000000 1.414927
6084.000000 0.001295
6086.000000 0.000000
6088.000000 0.000000
6090.000000 1.414927
6092.000000 5.655823
6094.000000 1.414927
6096.000000 0.000000
6098.000000 0.000000
6100.000000 0.000000
6102.000000 0.000000
6104.000000 0.000000
6106.000000 0.000000
6108.000000 0.000000
6110.000000 0.000000
6112.000000 0.000000
6114.000000 0.000000
6116.000000 0.000000
6118.000000 0.000000
6120.000000 0.000000
6122.000000 0.000000
6124.000000 0.000000
6126.000000 0.000000
6128.000000 0.000000
6130.000000 0.000000
6132.000000 0.000000
6134.000000 0.000000
6136.000000 0.000000
6138.000000 0.000000
6140.000000 0.000000
6142.000000 0.000000
6144.000000 0.000000
6146.000000 0.000000
6148.000000 0.000000
6150.000000 0.000000
6152.000000 0.000000
6154.000000 0.000000
6156.000000 0.000000
6158.000000 0.000000
6160.000000 0.000000
6162.000000 0.000000
6164.000000 0.000000
6166.000000 0.000000
6168.000000 0.000000
6170.000000 0.000000
6172.000000 0.000000
6174.000000 0.000000
6176.000000 0.000000
6178.000000 0.000000
6180.000000 0.000000
6182.000000 0.000000
6184.000000 0.000000
6186.000000 0.000000
6188.000000 0.000000
6190.000000 0.000000
6192.000000 0.000000
6194.000000 0.000000
6196.000000 0.000000
6198.000000 0.000000
6200.000000 0.000000
6202.000000 0.000000
6204.000000 0.000000
6206.000000 0.000000
6208.000000 0.000000
6210.000000 0.000000
6212.000000 0.000000
6214.000000 0.000000
6216.000000 0.000000
6218.000000 0.000000
6220.000000 0.000000
6222.000000 0.000000
6224.000000 0.000000
6226.000000 0.000000
6228.000000 0.000000
6230.000000 0.000000
6232.000000 0.000000
6234.000000 0.000000
6236.000000 0.000000
6238.000000 0.000000
6240.000000 0.000000
6242.000000 0.000000
6244.000000 0.000000
6246.000000 0.000000
6248.000000 0.000000
6250.000000 0.000000
6252.000000 0.000000
6254.000000 0.000000
6256.000000 0.000000
6258.000000 0.000000
6260.000000 0.000000
6262.000000 0.000000
6264.000000 0.000000
6266.000000 0.000000
6268.000000 0.000000
6270.000000 0.000000
6272.000000 0.000000
6274.000000 0.000000
6276.000000 0.000000
6278.000000 0.000000
6280.000000 0.000000
6282.000000 0.000000
6284.000000 0.000000
6286.000000 0.000000
6288.000000 0.000000
6290.000000 0.000000
6292.000000 0.000000
6294.000000 0.000000
6296.000000 0.000000
6298.000000 0.000000
6300.000000 0.000000
6302.000000 0.000000
6304.000000 0.001295
6306.000000 0.000000
6308.000000 0.000000
6310.000000 0.000000
6312.000000 0.000000
6314.000000 0.000000
6316.000000 0.000000
6318.000000 0.000000
6320.000000 0.000000
6322.000000 0.000000
6324.000000 0.000000
6326.000000 0.000000
6328.000000 0.000000
6330.000000 0.000000
6332.000000 0.000000
6334.000000 0.000000
6336.000000 0.000000
6338.000000 0.000000
6340.000000 0.000000
6342.000000 0.000000
6344.000000 0.000000
6346.000000 0.000000
6348.000000 0.000000
6350.000000 0.000000
6352.000000 0.000000
6354.000000 0.000000
6356.000000 0.000000
6358.000000 0.000000
6360.000000 0.000000
6362.000000 0.000000
6364.000000 0.000000
6366.000000 0.000000
6368.000000 0.000000
6370.000000 0.000000
6372.000000 0.000000
6374.000000 0.000000
6376.000000 0.000000
6378.000000 0.000000
6380.000000 0.000000
6382.000000 0.000000
6384.000000 0.000000
6386.000000 0.000000
6388.000000 0.000000
6390.000000 0.000000
6392.000000 0.000000
6394.000000 0.000000
6396.000000 0.000000
6398.000000 0.000000
6400.000000 0.000000
6402.000000 0.000000
6404.000000 0.000000
6406.000000 0.000000
6408.000000 -0.001068
6410.000000 0.000000
6412.000000 0.000000
6414.000000 0.000000
6416.000000 0.000000
6418.000000 0.000000
6420.000000 0.000000
6422.000000 0.000000
6424.000000 0.000000
6426.000000 0.000000
6428.000000 0.000000
6430.000000 0.000000
6432.000000 0.000000
6434.000000 0.000000
6436.000000 0.000000
6438.000000 0.000000
6440.000000 0.000000
6442.000000 0.000000
6444.000000 0.000000
6446.000000 0.000000
6448.000000 0.000000
6450.000000 0.000000
6452.000000 0.000000
6454.000000 0.000000
6456.000000 0.000000
6458.000000 0.000000
6460.000000 0.000000
6462.000000 0.000000
6464.000000 0.000000
6466.000000 0.000000
6468.000000 0.000000
6470.000000 0.000000
6472.000000 0.000000
6474.000000 0.000000
6476.000000 0.000000
6478.000000 0.000000
6480.000000 0.000000
6482.000000 0.000000
6484.000000 0.000000
6486.000000 0.000000
6488.000000 0.000000
6490.000000 0.000000
6492.000000 0.000000
6494.000000 0.000000
6496.000000 0.000000
6498.000000 -0.001068
6500.000000 -2.333718
6502.000000 0.000000
6504.000000 0.000000
6506.000000 0.000000
6508.000000 0.000000
6510.000000 0.000000
6512.000000 0.000000
6514.000000 0.000000
6516.000000 0.000000
6518.000000 0.000000
6520.000000 0.000000
6522.000000 0.000000
6524.000000 0.000000
6526.000000 0.000000
6528.000000 0.000000
6530.000000 0.000000
6532.000000 0.000000
6534.000000 0.000000
6536.000000 0.000000
6538.000000 -1.167393
6540.000000 -4.666367
6542.000000 -2.912428
6544.000000 -1.167393
6546.000000 0.000000
6548.000000 0.000000
6550.000000 0.000000
6552.000000 -1.559136
6554.000000 -3.500042
6556.000000 -5.440949
6558.000000 -7.390758
6560.000000 -9.331665
6562.000000 -6.999016
6564.000000 -4.666367
6566.000000 -2.333718
6568.000000 -0.001068
6570.000000 0.000000
6572.000000 0.000000
6574.000000 0.000000
6576.000000 0.000000
6578.000000 0.000000
6580.000000 0.000000
6582.000000 0.000000
6584.000000 0.000000
6586.000000 0.000000
6588.000000 0.000000
6590.000000 0.000000
6592.000000 0.000000
6594.000000 0.000000
6596.000000 0.000000
6598.000000 0.000000
6600.000000 0.000000
6602.000000 0.000000
6604.000000 0.000000
6606.000000 0.000000
6608.000000 0.000000
6610.000000 0.000000
6612.000000 0.000000
6614.000000 0.000000
6616.000000 0.000000
6618.000000 0.000000
6620.000000 0.000000
6622.000000 0.000000
6624.000000 0.000000
6626.000000 0.000000
6628.000000 0.000000
6630.000000 0.000000
6632.000000 -0.001068
6634.000000 -2.333718
6636.000000 -4.666367
6638.000000 -5.832691
6640.000000 -6.999016
6642.000000 -3.500042
6644.000000 -0.001068
6646.000000 0.000000
6648.000000 0.000000
6650.000000 -1.167393
6652.000000 -4.675270
6654.000000 -8.174244
6656.000000 -11.673217
6658.000000 -8.165340
6660.000000 -4.666367
6662.000000 -6.999016
6664.000000 -9.340568
6666.000000 -11.673217
6668.000000 -14.005867
6670.000000 -19.837489
6672.000000 -25.669112
6674.000000 -28.001762
6676.000000 -30.343314
6678.000000 -32.675963
6680.000000 -35.008612
6682.000000 -38.507586
6684.000000 -42.006560
6686.000000 -39.673911
6688.000000 -37.341261
6690.000000 -35.008612
6692.000000 -32.675963
6694.000000 -35.008612
6696.000000 -37.341261
6698.000000 -35.008612
6700.000000 -32.675963
6702.000000 -31.509638
6704.000000 -30.343314
6706.000000 -29.176989
6708.000000 -28.010665
6710.000000 -24.511691
6712.000000 -21.003814
6714.000000 -17.504840
6716.000000 -14.005867
6718.000000 -9.340568
6720.000000 -4.666367
6722.000000 -1.167393
6724.000000 0.000000
6726.000000 0.000000
6728.000000 0.000000
6730.000000 0.000000
6732.000000 0.000000
6734.000000 0.000000
6736.000000 0.000000
6738.000000 0.000000
6740.000000 0.000000
6742.000000 0.000000
6744.000000 0.000000
6746.000000 0.000000
6748.000000 0.000000
6750.000000 0.000000
6752.000000 0.000000
6754.000000 0.000000
6756.000000 0.000000
6758.000000 0.000000
6760.000000 0.000000
6762.000000 0.000000
6764.000000 0.000000
6766.000000 0.000000
6768.000000 0.000000
6770.000000 0.000000
6772.000000 0.000000
6774.000000 0.000000
6776.000000 0.000000
6778.000000 0.000000
6780.000000 0.000000
6782.000000 0.000000
6784.000000 0.000000
6786.000000 0.000000
6788.000000 0.000000
6790.000000 0.000000
6792.000000 0.000000
6794.000000 0.000000
6796.000000 -0.001068
6798.000000 0.000000
6800.000000 0.000000
6802.000000 0.000000
6804.000000 0.000000
6806.000000 0.000000
6808.000000 0.000000
6810.000000 0.000000
6812.000000 0.000000
6814.000000 0.000000
6816.000000 0.000000
6818.000000 0.000000
6820.000000 0.000000
6822.000000 0.000000
6824.000000 0.000000
6826.000000 0.000000
6828.000000 0.000000
6830.000000 0.000000
6832.000000 0.000000
6834.000000 0.000000
6836.000000 0.000000
6838.000000 0.000000
6840.000000 0.000000
6842.000000 0.000000
6844.000000 0.000000
6846.000000 0.000000
6848.000000 0.000000
6850.000000 0.000000
6852.000000 0.000000
6854.000000 0.000000
6856.000000 0.000000
6858.000000 0.000000
6860.000000 0.000000
6862.000000 0.000000
6864.000000 0.000000
6866.000000 0.000000
6868.000000 0.000000
6870.000000 0.000000
6872.000000 0.000000
6874.000000 0.000000
6876.000000 0.000000
6878.000000 0.000000
6880.000000 0.000000
6882.000000 0.000000
6884.000000 0.000000
6886.000000 0.000000
6888.000000 0.000000
6890.000000 0.000000
6892.000000 0.000000
6894.000000 0.000000
6896.000000 0.000000
6898.000000 0.000000
6900.000000 0.000000
6902.000000 0.000000
6904.000000 0.000000
6906.000000 0.000000
6908.000000 0.000000
6910.000000 0.000000
6912.000000 0.000000
6914.000000 0.000000
6916.000000 0.000000
6918.000000 0.000000
6920.000000 0.000000
6922.000000 0.000000
6924.000000 0.000000
6926.000000 0.000000
6928.000000 0.000000
6930.000000 0.000000
6932.000000 0.000000
6934.000000 0.000000
6936.000000 0.000000
6938.000000 0.000000
6940.000000 0.000000
6942.000000 0.000000
6944.000000 0.000000
6946.000000 0.000000
6948.000000 0.000000
6950.000000 0.000000
6952.000000 0.000000
6954.000000 0.000000
6956.000000 0.000000
6958.000000 0.000000
6960.000000 0.000000
6962.000000 0.000000
6964.000000 0.000000
6966.000000 0.000000
6968.000000 0.000000
6970.000000 0.000000
6972.000000 -4.666367
6974.000000 -5.832691
6976.000000 -6.999016
6978.000000 -8.165340
6980.000000 -9.331665
6982.000000 -10.497990
6984.000000 -11.673217
6986.000000 -9.340568
6988.000000 -6.999016
6990.000000 -11.673217
6992.000000 -16.338516
6994.000000 -21.003814
6996.000000 -25.669112
6998.000000 -24.502788
7000.000000 -23.336463
7002.000000 -24.502788
7004.000000 -25.669112
7006.000000 -25.277370
7008.000000 -24.894530
7010.000000 -24.502788
7012.000000 -24.111045
7014.000000 -23.728206
7016.000000 -23.336463
7018.000000 -22.170139
7020.000000 -21.003814
7022.000000 -23.336463
7024.000000 -25.669112
7026.000000 -30.334411
7028.000000 -35.008612
7030.000000 -33.842288
7032.000000 -32.675963
7034.000000 -31.509638
7036.000000 -30.343314
7038.000000 -29.176989
7040.000000 -28.010665
7042.000000 -22.179042
7044.000000 -16.338516
7046.000000 -10.497990
7048.000000 -4.666367
7050.000000 -6.999016
7052.000000 -9.331665
7054.000000 -8.165340
7056.000000 -6.999016
7058.000000 -4.666367
7060.000000 -2.333718
7062.000000 -3.500042
7064.000000 -4.666367
7066.000000 -2.333718
7068.000000 -0.001068
7070.000000 0.000000
7072.000000 0.000000
7074.000000 0.000000
7076.000000 0.000000
7078.000000 0.000000
7080.000000 0.000000
7082.000000 0.000000
7084.000000 0.000000
7086.000000 0.000000
7088.000000 0.000000
7090.000000 0.000000
7092.000000 0.000000
7094.000000 0.000000
7096.000000 0.000000
7098.000000 0.000000
7100.000000 0.000000
7102.000000 -2.333718
7104.000000 -6.999016
7106.000000 -11.673217
7108.000000 -16.338516
7110.000000 -17.504840
7112.000000 -18.671165
7114.000000 -15.172191
7116.000000 -11.673217
7118.000000 -9.340568
7120.000000 -6.999016
7122.000000 -4.666367
7124.000000 -2.333718
7126.000000 -1.755007
7128.000000 -1.167393
7130.000000 -0.579779
7132.000000 -0.001068
7134.000000 -1.167393
7136.000000 -2.333718
7138.000000 -3.500042
7140.000000 -4.666367
7142.000000 -5.832691
7144.000000 -6.999016
7146.000000 -10.497990
7148.000000 -14.005867
7150.000000 -12.839542
7152.000000 -11.673217
7154.000000 -10.497990
7156.000000 -9.331665
7158.000000 -8.165340
7160.000000 -6.999016
7162.000000 -5.832691
7164.000000 -4.666367
7166.000000 -3.500042
7168.000000 -2.333718
7170.000000 -3.500042
7172.000000 -4.666367
7174.000000 -5.832691
7176.000000 -6.999016
7178.000000 -8.165340
7180.000000 -9.331665
7182.000000 -8.165340
7184.000000 -6.999016
7186.000000 -3.500042
7188.000000 -0.001068
7190.000000 0.000000
7192.000000 0.000000
7194.000000 0.000000
7196.000000 0.000000
7198.000000 0.000000
7200.000000 0.000000
7202.000000 0.000000
7204.000000 0.000000
7206.000000 0.000000
7208.000000 0.000000
7210.000000 1.414927
7212.000000 5.655823
7214.000000 2.828559
7216.000000 0.001295
7218.000000 0.000000
7220.000000 0.000000
7222.000000 0.000000
7224.000000 0.000000
7226.000000 0.000000
7228.000000 0.000000
7230.000000 0.000000
7232.000000 0.000000
7234.000000 0.000000
7236.000000 0.000000
7238.000000 0.000000
7240.000000 0.000000
7242.000000 0.000000
7244.000000 0.000000
7246.000000 0.000000
7248.000000 0.000000
7250.000000 0.000000
7252.000000 0.000000
7254.000000 0.000000
7256.000000 0.000000
7258.000000 0.000000
7260.000000 0.000000
7262.000000 0.000000
7264.000000 0.000000
7266.000000 0.000000
7268.000000 0.000000
7270.000000 0.000000
7272.000000 0.000000
7274.000000 0.000000
7276.000000 0.000000
7278.000000 0.000000
7280.000000 0.000000
7282.000000 0.000000
7284.000000 0.000000
7286.000000 0.000000
7288.000000 0.000000
7290.000000 0.000000
7292.000000 0.000000
7294.000000 0.000000
7296.000000 0.000000
7298.000000 0.000000
7300.000000 0.000000
7302.000000 0.000000
7304.000000 0.000000
7306.000000 0.000000
7308.000000 0.000000
7310.000000 0.000000
7312.000000 0.000000
7314.000000 0.000000
7316.000000 0.000000
7318.000000 0.000000
7320.000000 0.000000
7322.000000 0.000000
7324.000000 0.000000
7326.000000 0.000000
7328.000000 0.000000
7330.000000 0.000000
7332.000000 0.000000
7334.000000 0.000000
7336.000000 0.000000
7338.000000 0.000000
7340.000000 0.000000
7342.000000 0.000000
7344.000000 0.000000
7346.000000 0.000000
7348.000000 0.000000
7350.000000 0.000000
7352.000000 0.000000
7354.000000 0.000000
7356.000000 0.000000
7358.000000 0.000000
7360.000000 0.000000
7362.000000 0.000000
7364.000000 0.000000
7366.000000 0.000000
7368.000000 0.000000
7370.000000 0.000000
7372.000000 0.000000
7374.000000 0.000000
7376.000000 0.000000
7378.000000 0.000000
7380.000000 0.000000
7382.000000 0.000000
7384.000000 0.000000
7386.000000 0.000000
7388.000000 0.000000
7390.000000 0.000000
7392.000000 0.000000
7394.000000 0.000000
7396.000000 0.000000
7398.000000 0.000000
7400.000000 0.000000
7402.000000 0.000000
7404.000000 0.000000
7406.000000 0.000000
7408.000000 0.000000
7410.000000 0.000000
7412.000000 0.000000
7414.000000 0.000000
7416.000000 0.000000
7418.000000 0.000000
7420.000000 0.000000
7422.000000 0.000000
7424.000000 0.000000
7426.000000 0.000000
7428.000000 0.000000
7430.000000 0.000000
7432.000000 0.000000
7434.000000 0.000000
7436.000000 0.000000
7438.000000 0.000000
7440.000000 0.000000
7442.000000 0.000000
7444.000000 0.000000
7446.000000 0.000000
7448.000000 0.000000
7450.000000 0.000000
7452.000000 0.000000
7454.000000 0.000000
7456.000000 0.000000
7458.000000 0.000000
7460.000000 0.000000
7462.000000 0.000000
7464.000000 0.000000
7466.000000 0.000000
7468.000000 0.000000
7470.000000 0.000000
7472.000000 0.000000
7474.000000 0.000000
7476.000000 0.000000
7478.000000 0.000000
7480.000000 0.000000
7482.000000 0.000000
7484.000000 0.000000
7486.000000 0.000000
7488.000000 0.000000
7490.000000 0.000000
7492.000000 0.000000
7494.000000 0.000000
7496.000000 0.000000
7498.000000 0.000000
7500.000000 0.000000
7502.000000 0.000000
7504.000000 0.000000
7506.000000 0.000000
7508.000000 0.000000
7510.000000 0.000000
7512.000000 0.000000
7514.000000 0.000000
7516.000000 0.000000
7518.000000 0.000000
7520.000000 0.000000
7522.000000 0.000000
7524.000000 0.001295
7526.000000 2.828559
7528.000000 5.655823
7530.000000 4.954403
7532.000000 4.242191
7534.000000 3.529979
7536.000000 2.828559
7538.000000 0.000000
7540.000000 0.000000
7542.000000 0.000000
7544.000000 0.000000
7546.000000 4.242191
7548.000000 11.310351
7550.000000 4.242191
7552.000000 0.000000
7554.000000 0.000000
7556.000000 0.000000
7558.000000 0.000000
7560.000000 0.000000
7562.000000 0.000000
7564.000000 0.000000
7566.000000 0.000000
7568.000000 0.000000
7570.000000 1.414927
7572.000000 5.655823
7574.000000 6.357244
7576.000000 7.069455
7578.000000 7.781667
7580.000000 8.483087
7582.000000 4.242191
7584.000000 0.001295
7586.000000 0.000000
7588.000000 0.000000
7590.000000 0.000000
7592.000000 0.000000
7594.000000 0.000000
7596.000000 0.000000
7598.000000 0.000000
7600.000000 0.000000
7602.000000 0.000000
7604.000000 0.000000
7606.000000 0.000000
7608.000000 0.000000
7610.000000 0.000000
7612.000000 0.000000
7614.000000 0.000000
7616.000000 0.000000
7618.000000 0.000000
7620.000000 0.000000
7622.000000 0.000000
7624.000000 0.000000
7626.000000 0.000000
7628.000000 0.000000
7630.000000 0.000000
7632.000000 0.000000
7634.000000 0.000000
7636.000000 0.000000
7638.000000 0.000000
7640.000000 0.000000
7642.000000 0.000000
7644.000000 0.000000
7646.000000 0.000000
7648.000000 0.000000
7650.000000 0.000000
7652.000000 0.000000
7654.000000 0.000000
7656.000000 0.000000
7658.000000 0.000000
7660.000000 0.000000
7662.000000 0.000000
7664.000000 0.000000
7666.000000 0.000000
7668.000000 0.000000
7670.000000 0.000000
7672.000000 0.000000
7674.000000 0.000000
7676.000000 0.000000
7678.000000 0.000000
7680.000000 0.000000
7682.000000 0.000000
7684.000000 0.000000
7686.000000 0.000000
7688.000000 0.000000
7690.000000 0.000000
7692.000000 0.000000
7694.000000 0.000000
7696.000000 0.000000
7698.000000 0.000000
7700.000000 0.000000
7702.000000 0.000000
7704.000000 0.000000
7706.000000 0.000000
7708.000000 0.000000
7710.000000 0.000000
7712.000000 0.000000
7714.000000 0.000000
7716.000000 0.000000
7718.000000 0.000000
7720.000000 0.000000
7722.000000 0.000000
7724.000000 0.000000
7726.000000 0.000000
7728.000000 0.000000
7730.000000 0.000000
7732.000000 0.000000
7734.000000 0.000000
7736.000000 -4.666367
7738.000000 -1.167393
7740.000000 0.000000
7742.000000 0.000000
7744.000000 0.000000
7746.000000 0.000000
7748.000000 0.000000
7750.000000 0.000000
7752.000000 0.000000
7754.000000 0.000000
7756.000000 0.000000
7758.000000 0.000000
7760.000000 0.000000
7762.000000 0.000000
7764.000000 0.000000
7766.000000 0.000000
7768.000000 0.000000
7770.000000 0.000000
7772.000000 0.000000
7774.000000 0.000000
7776.000000 0.000000
7778.000000 0.000000
7780.000000 0.000000
7782.000000 0.000000
7784.000000 0.000000
7786.000000 0.000000
7788.000000 0.000000
7790.000000 0.000000
7792.000000 2.828559
7794.000000 1.414927
7796.000000 0.001295
7798.000000 0.000000
7800.000000 0.000000
7802.000000 0.000000
7804.000000 0.000000
7806.000000 0.000000
7808.000000 0.000000
7810.000000 0.000000
7812.000000 0.000000
7814.000000 0.000000
7816.000000 0.000000
7818.000000 0.000000
7820.000000 0.000000
7822.000000 0.000000
7824.000000 0.000000
7826.000000 0.000000
7828.000000 0.000000
7830.000000 0.000000
7832.000000 0.000000
7834.000000 0.000000
7836.000000 0.000000
7838.000000 0.000000
7840.000000 0.000000
7842.000000 0.000000
7844.000000 0.000000
7846.000000 0.000000
7848.000000 0.000000
7850.000000 0.000000
7852.000000 0.000000
7854.000000 0.000000
7856.000000 0.000000
7858.000000 0.000000
7860.000000 0.000000
7862.000000 0.000000
7864.000000 0.000000
7866.000000 0.000000
7868.000000 0.000000
7870.000000 0.000000
7872.000000 0.000000
7874.000000 0.000000
7876.000000 0.000000
7878.000000 0.000000
7880.000000 0.000000
7882.000000 0.000000
7884.000000 0.000000
7886.000000 0.000000
7888.000000 0.000000
7890.000000 0.000000
7892.000000 0.000000
7894.000000 0.000000
7896.000000 0.000000
7898.000000 0.000000
7900.000000 0.000000
7902.000000 0.000000
7904.000000 0.000000
7906.000000 0.000000
7908.000000 0.000000
7910.000000 0.000000
7912.000000 0.000000
7914.000000 0.000000
7916.000000 0.000000
7918.000000 0.000000
7920.000000 0.000000
7922.000000 0.000000
7924.000000 0.000000
7926.000000 0.000000
7928.000000 0.000000
7930.000000 0.000000
7932.000000 0.000000
7934.000000 0.000000
7936.000000 0.000000
7938.000000 0.000000
7940.000000 0.000000
7942.000000 0.000000
7944.000000 0.000000
7946.000000 0.000000
7948.000000 0.000000
7950.000000 0.000000
7952.000000 0.000000
7954.000000 0.000000
7956.000000 0.000000
7958.000000 0.000000
7960.000000 0.000000
7962.000000 0.000000
7964.000000 0.000000
7966.000000 0.000000
7968.000000 0.000000
7970.000000 0.000000
7972.000000 0.000000
7974.000000 0.000000
7976.000000 0.000000
7978.000000 0.000000
7980.000000 0.000000
7982.000000 0.000000
7984.000000 0.000000
7986.000000 0.000000
7988.000000 0.000000
7990.000000 0.000000
7992.000000 0.000000
7994.000000 0.000000
7996.000000 0.000000
7998.000000 0.000000
8000.000000 0.000000
8002.000000 0.000000
8004.000000 0.000000
8006.000000 0.000000
8008.000000 0.000000
8010.000000 0.000000
8012.000000 0.000000
8014.000000 0.000000
8016.000000 0.000000
8018.000000 0.000000
8020.000000 0.000000
8022.000000 0.000000
8024.000000 0.000000
8026.000000 0.000000
8028.000000 0.000000
8030.000000 0.000000
8032.000000 0.000000
8034.000000 0.000000
8036.000000 0.000000
8038.000000 0.000000
8040.000000 0.000000
8042.000000 0.000000
8044.000000 0.000000
8046.000000 0.000000
8048.000000 0.000000
8050.000000 0.000000
8052.000000 0.000000
8054.000000 0.000000
8056.000000 0.000000
8058.000000 0.000000
8060.000000 0.000000
8062.000000 0.000000
8064.000000 0.000000
8066.000000 0.000000
8068.000000 0.000000
8070.000000 0.000000
8072.000000 0.000000
8074.000000 0.000000
8076.000000 0.000000
8078.000000 0.000000
8080.000000 0.000000
8082.000000 0.000000
8084.000000 0.000000
8086.000000 0.000000
8088.000000 0.000000
8090.000000 0.000000
8092.000000 0.000000
8094.000000 0.000000
8096.000000 0.000000
8098.000000 0.000000
8100.000000 0.000000
8102.000000 0.000000
8104.000000 0.000000
8106.000000 0.000000
8108.000000 0.000000
8110.000000 0.000000
8112.000000 0.000000
8114.000000 0.000000
8116.000000 0.000000
8118.000000 0.000000
8120.000000 0.000000
8122.000000 0.000000
8124.000000 0.000000
8126.000000 0.000000
8128.000000 0.000000
8130.000000 0.000000
8132.000000 0.000000
8134.000000 0.000000
8136.000000 0.000000
8138.000000 0.000000
8140.000000 0.000000
8142.000000 0.000000
8144.000000 0.000000
8146.000000 0.000000
8148.000000 0.000000
8150.000000 0.000000
8152.000000 0.000000
8154.000000 0.000000
8156.000000 0.000000
8158.000000 0.000000
8160.000000 0.000000
8162.000000 0.000000
8164.000000 0.000000
8166.000000 0.000000
8168.000000 0.000000
8170.000000 0.000000
8172.000000 0.000000
8174.000000 0.000000
8176.000000 0.000000
8178.000000 0.000000
8180.000000 0.000000
8182.000000 0.000000
8184.000000 0.000000
8186.000000 0.000000
8188.000000 0.000000
8190.000000 0.000000
8192.000000 0.000000
8194.000000 0.000000
8196.000000 0.000000
8198.000000 0.000000
8200.000000 0.000000
8202.000000 0.000000
8204.000000 0.000000
8206.000000 0.000000
8208.000000 0.000000
8210.000000 0.000000
8212.000000 0.000000
8214.000000 0.000000
8216.000000 0.000000
8218.000000 0.000000
8220.000000 0.000000
8222.000000 0.000000
8224.000000 0.000000
8226.000000 0.000000
8228.000000 0.000000
8230.000000 0.000000
8232.000000 0.000000
8234.000000 0.000000
8236.000000 0.000000
8238.000000 0.000000
8240.000000 0.000000
8242.000000 0.000000
8244.000000 0.000000
8246.000000 0.000000
8248.000000 0.000000
8250.000000 0.000000
8252.000000 0.000000
8254.000000 0.000000
8256.000000 0.000000
8258.000000 0.000000
8260.000000 0.000000
8262.000000 0.000000
8264.000000 0.000000
8266.000000 0.000000
8268.000000 0.000000
8270.000000 0.000000
8272.000000 0.000000
8274.000000 0.000000
8276.000000 0.000000
8278.000000 0.000000
8280.000000 0.000000
8282.000000 0.000000
8284.000000 0.000000
8286.000000 0.000000
8288.000000 0.000000
8290.000000 0.000000
8292.000000 0.000000
8294.000000 0.000000
8296.000000 0.000000
8298.000000 0.000000
8300.000000 0.000000
8302.000000 0.000000
8304.000000 0.000000
8306.000000 0.000000
8308.000000 0.000000
8310.000000 0.000000
8312.000000 0.000000
8314.000000 0.000000
8316.000000 0.000000
8318.000000 0.000000
8320.000000 0.000000
8322.000000 -2.333718
8324.000000 -14.005867
8326.000000 -17.504840
8328.000000 -21.003814
8330.000000 -18.671165
8332.000000 -16.338516
8334.000000 -12.830639
8336.000000 -9.331665
8338.000000 -5.832691
8340.000000 -2.333718
8342.000000 -0.001068
8344.000000 0.000000
8346.000000 0.000000
8348.000000 -0.001068
8350.000000 0.000000
8352.000000 0.000000
8354.000000 0.000000
8356.000000 0.000000
8358.000000 0.000000
8360.000000 -0.001068
8362.000000 0.000000
8364.000000 0.000000
8366.000000 0.000000
8368.000000 -2.333718
8370.000000 -0.001068
8372.000000 0.000000
8374.000000 0.000000
8376.000000 0.000000
8378.000000 0.000000
8380.000000 0.000000
8382.000000 0.000000
8384.000000 0.000000
8386.000000 0.000000
8388.000000 -0.001068
8390.000000 -2.333718
8392.000000 -4.666367
8394.000000 -0.001068
8396.000000 0.000000
8398.000000 0.000000
8400.000000 0.000000
8402.000000 0.000000
8404.000000 0.000000
8406.000000 0.000000
8408.000000 0.000000
8410.000000 0.000000
8412.000000 0.000000
8414.000000 0.000000
8416.000000 0.000000
8418.000000 0.000000
8420.000000 0.000000
8422.000000 0.000000
8424.000000 0.000000
8426.000000 0.000000
8428.000000 0.000000
8430.000000 0.000000
8432.000000 0.000000
8434.000000 0.000000
8436.000000 0.000000
8438.000000 0.000000
8440.000000 0.000000
8442.000000 0.000000
8444.000000 0.000000
8446.000000 0.000000
8448.000000 0.000000
8450.000000 0.000000
8452.000000 0.000000
8454.000000 0.000000
8456.000000 0.000000
8458.000000 0.000000
8460.000000 0.000000
8462.000000 0.000000
8464.000000 0.000000
8466.000000 0.000000
8468.000000 0.000000
8470.000000 0.000000
8472.000000 0.000000
8474.000000 0.000000
8476.000000 0.000000
8478.000000 0.000000
8480.000000 0.000000
8482.000000 0.000000
8484.000000 0.000000
8486.000000 0.000000
8488.000000 0.000000
8490.000000 0.000000
8492.000000 0.000000
8494.000000 0.000000
8496.000000 0.000000
8498.000000 0.000000
8500.000000 0.000000
8502.000000 0.000000
8504.000000 0.000000
8506.000000 0.000000
8508.000000 0.000000
8510.000000 0.000000
8512.000000 0.000000
8514.000000 0.000000
8516.000000 0.000000
8518.000000 0.000000
8520.000000 0.000000
8522.000000 0.000000
8524.000000 0.000000
8526.000000 0.000000
8528.000000 0.000000
8530.000000 0.000000
8532.000000 0.000000
8534.000000 0.000000
8536.000000 0.000000
8538.000000 0.000000
8540.000000 0.000000
8542.000000 0.000000
8544.000000 0.000000
8546.000000 0.000000
8548.000000 0.000000
8550.000000 0.000000
8552.000000 0.000000
8554.000000 0.000000
8556.000000 0.000000
8558.000000 0.000000
8560.000000 0.000000
8562.000000 0.000000
8564.000000 0.000000
8566.000000 0.000000
8568.000000 0.000000
8570.000000 0.000000
8572.000000 0.000000
8574.000000 0.000000
8576.000000 0.000000
8578.000000 0.000000
8580.000000 0.000000
8582.000000 0.000000
8584.000000 0.000000
8586.000000 0.000000
8588.000000 0.000000
8590.000000 0.000000
8592.000000 0.000000
8594.000000 0.000000
8596.000000 0.000000
8598.000000 0.000000
8600.000000 0.000000
8602.000000 0.000000
8604.000000 0.000000
8606.000000 0.000000
8608.000000 0.000000
8610.000000 0.000000
8612.000000 0.000000
8614.000000 0.000000
8616.000000 0.000000
8618.000000 0.000000
8620.000000 0.000000
8622.000000 0.000000
8624.000000 0.000000
8626.000000 0.000000
8628.000000 0.000000
8630.000000 0.000000
8632.000000 0.000000
8634.000000 0.000000
8636.000000 0.000000
8638.000000 0.000000
8640.000000 0.000000
8642.000000 0.000000
8644.000000 -4.666367
8646.000000 -10.497990
8648.000000 -16.338516
8650.000000 -11.673217
8652.000000 -6.999016
8654.000000 -4.666367
8656.000000 -2.333718
8658.000000 0.000000
8660.000000 0.000000
8662.000000 0.000000
8664.000000 -2.333718
8666.000000 -2.912428
8668.000000 -3.500042
8670.000000 -4.087656
8672.000000 -4.666367
8674.000000 -1.167393
8676.000000 0.000000
8678.000000 0.000000
8680.000000 0.000000
8682.000000 0.000000
8684.000000 0.000000
8686.000000 0.000000
8688.000000 0.000000
8690.000000 0.000000
8692.000000 0.000000
8694.000000 0.000000
8696.000000 0.000000
8698.000000 0.000000
8700.000000 -0.001068
8702.000000 0.000000
8704.000000 0.000000
8706.000000 0.000000
8708.000000 0.000000
8710.000000 0.000000
8712.000000 0.000000
8714.000000 0.000000
8716.000000 -2.333718
8718.000000 -3.500042
8720.000000 -4.666367
8722.000000 0.000000
8724.000000 0.000000
8726.000000 0.000000
8728.000000 0.000000
8730.000000 0.000000
8732.000000 0.000000
8734.000000 0.000000
8736.000000 0.000000
8738.000000 0.000000
8740.000000 0.000000
8742.000000 0.000000
8744.000000 0.000000
8746.000000 0.000000
8748.000000 0.000000
8750.000000 0.000000
8752.000000 0.000000
8754.000000 0.000000
8756.000000 0.000000
8758.000000 0.000000
8760.000000 0.000000
8762.000000 0.000000
8764.000000 0.000000
8766.000000 0.000000
8768.000000 0.000000
8770.000000 0.000000
8772.000000 0.000000
8774.000000 0.000000
8776.000000 0.000000
8778.000000 0.000000
8780.000000 0.000000
8782.000000 0.000000
8784.000000 0.000000
8786.000000 0.000000
8788.000000 0.000000
8790.000000 0.000000
8792.000000 0.000000
8794.000000 0.000000
8796.000000 0.000000
8798.000000 0.000000
8800.000000 0.000000
8802.000000 0.000000
8804.000000 0.000000
8806.000000 0.000000
8808.000000 0.000000
8810.000000 0.000000
8812.000000 0.000000
8814.000000 0.000000
8816.000000 0.000000
8818.000000 0.000000
8820.000000 0.000000
8822.000000 0.000000
8824.000000 0.000000
8826.000000 0.000000
8828.000000 0.000000
8830.000000 -1.167393
8832.000000 -4.666367
8834.000000 -2.333718
8836.000000 -0.001068
8838.000000 0.000000
8840.000000 0.000000
8842.000000 0.000000
8844.000000 0.000000
8846.000000 0.000000
8848.000000 0.000000
8850.000000 0.000000
8852.000000 0.000000
8854.000000 0.000000
8856.000000 0.000000
8858.000000 0.000000
8860.000000 0.000000
8862.000000 0.000000
8864.000000 0.000000
8866.000000 0.000000
8868.000000 0.000000
8870.000000 0.000000
8872.000000 0.000000
8874.000000 0.000000
8876.000000 0.000000
8878.000000 0.000000
8880.000000 0.000000
8882.000000 0.000000
8884.000000 0.000000
8886.000000 0.000000
8888.000000 0.000000
8890.000000 0.000000
8892.000000 0.000000
8894.000000 0.000000
8896.000000 0.000000
8898.000000 0.000000
8900.000000 0.000000
8902.000000 0.000000
8904.000000 0.000000
8906.000000 0.000000
8908.000000 0.000000
8910.000000 0.000000
8912.000000 0.000000
8914.000000 0.000000
8916.000000 0.000000
8918.000000 0.000000
8920.000000 0.000000
8922.000000 0.000000
8924.000000 0.000000
8926.000000 0.000000
8928.000000 0.000000
8930.000000 0.000000
8932.000000 0.000000
8934.000000 0.000000
8936.000000 0.000000
8938.000000 0.000000
8940.000000 0.000000
8942.000000 0.000000
8944.000000 0.000000
8946.000000 0.000000
8948.000000 0.000000
8950.000000 0.000000
8952.000000 0.000000
8954.000000 0.000000
8956.000000 0.000000
8958.000000 0.000000
8960.000000 0.000000
8962.000000 0.000000
8964.000000 0.000000
8966.000000 0.000000
8968.000000 0.000000
8970.000000 0.000000
8972.000000 0.000000
8974.000000 0.000000
8976.000000 0.000000
8978.000000 0.000000
8980.000000 0.000000
8982.000000 0.000000
8984.000000 0.000000
8986.000000 0.000000
8988.000000 0.000000
8990.000000 0.000000
8992.000000 0.000000
8994.000000 0.000000
8996.000000 0.000000
8998.000000 0.000000
9000.000000 0.000000
9002.000000 0.000000
9004.000000 0.000000
9006.000000 0.000000
9008.000000 0.000000
9010.000000 0.000000
9012.000000 0.000000
9014.000000 0.000000
9016.000000 0.000000
9018.000000 0.000000
9020.000000 0.000000
9022.000000 0.000000
9024.000000 0.000000
9026.000000 0.000000
9028.000000 0.000000
9030.000000 0.000000
9032.000000 0.000000
9034.000000 0.000000
9036.000000 0.000000
9038.000000 0.000000
9040.000000 0.000000
9042.000000 0.000000
9044.000000 0.000000
9046.000000 0.000000
9048.000000 0.000000
9050.000000 0.000000
9052.000000 0.000000
9054.000000 0.000000
9056.000000 0.000000
9058.000000 0.000000
9060.000000 0.000000
9062.000000 0.000000
9064.000000 0.000000
9066.000000 0.000000
9068.000000 0.000000
9070.000000 0.000000
9072.000000 0.000000
9074.000000 0.000000
9076.000000 0.000000
9078.000000 0.000000
9080.000000 0.000000
9082.000000 0.000000
9084.000000 0.000000
9086.000000 0.000000
9088.000000 0.000000
9090.000000 0.000000
9092.000000 0.000000
9094.000000 0.000000
9096.000000 0.000000
9098.000000 0.000000
9100.000000 0.000000
9102.000000 0.000000
9104.000000 0.000000
9106.000000 0.000000
9108.000000 0.000000
9110.000000 0.000000
9112.000000 0.000000
9114.000000 0.000000
9116.000000 0.000000
9118.000000 0.000000
9120.000000 0.000000
9122.000000 0.000000
9124.000000 0.000000
9126.000000 0.000000
9128.000000 0.000000
9130.000000 0.000000
9132.000000 0.000000
9134.000000 0.000000
9136.000000 0.000000
9138.000000 0.000000
9140.000000 0.000000
9142.000000 0.000000
9144.000000 0.000000
9146.000000 0.000000
9148.000000 0.000000
9150.000000 0.000000
9152.000000 0.000000
9154.000000 0.000000
9156.000000 0.000000
9158.000000 0.000000
9160.000000 0.000000
9162.000000 0.000000
9164.000000 0.000000
9166.000000 0.000000
9168.000000 0.000000
9170.000000 0.000000
9172.000000 0.000000
9174.000000 0.000000
9176.000000 0.000000
9178.000000 0.000000
9180.000000 0.000000
9182.000000 0.000000
9184.000000 0.000000
9186.000000 0.000000
9188.000000 0.000000
9190.000000 0.000000
9192.000000 0.000000
9194.000000 0.000000
9196.000000 0.000000
9198.000000 0.000000
9200.000000 0.000000
9202.000000 0.000000
9204.000000 0.001295
9206.000000 2.828559
9208.000000 5.655823
9210.000000 2.828559
9212.000000 0.001295
9214.000000 0.000000
9216.000000 0.000000
9218.000000 0.000000
9220.000000 0.000000
9222.000000 0.000000
9224.000000 0.000000
9226.000000 0.000000
9228.000000 0.000000
9230.000000 0.000000
9232.000000 0.000000
9234.000000 0.000000
9236.000000 0.000000
9238.000000 0.000000
9240.000000 0.000000
9242.000000 0.000000
9244.000000 0.000000
9246.000000 0.000000
9248.000000 0.000000
9250.000000 0.000000
9252.000000 0.000000
9254.000000 0.000000
9256.000000 0.000000
9258.000000 0.000000
9260.000000 0.000000
9262.000000 0.000000
9264.000000 0.000000
9266.000000 0.000000
9268.000000 0.000000
9270.000000 0.000000
9272.000000 0.000000
9274.000000 0.000000
9276.000000 0.000000
9278.000000 0.000000
9280.000000 0.000000
9282.000000 0.000000
9284.000000 0.000000
9286.000000 0.000000
9288.000000 0.000000
9290.000000 0.000000
9292.000000 0.000000
9294.000000 0.000000
9296.000000 0.000000
9298.000000 0.000000
9300.000000 0.000000
9302.000000 0.000000
9304.000000 0.000000
9306.000000 0.000000
9308.000000 0.000000
9310.000000 0.000000
9312.000000 0.000000
9314.000000 0.000000
9316.000000 0.000000
9318.000000 0.000000
9320.000000 0.000000
9322.000000 0.000000
9324.000000 0.000000
9326.000000 0.000000
9328.000000 0.000000
9330.000000 0.000000
9332.000000 0.000000
9334.000000 0.000000
9336.000000 0.000000
9338.000000 0.000000
9340.000000 0.000000
9342.000000 0.000000
9344.000000 0.000000
9346.000000 0.000000
9348.000000 0.000000
9350.000000 0.000000
9352.000000 0.000000
9354.000000 0.000000
9356.000000 0.000000
9358.000000 0.000000
9360.000000 0.000000
9362.000000 0.000000
9364.000000 0.000000
9366.000000 0.000000
9368.000000 0.000000
9370.000000 0.000000
9372.000000 0.000000
9374.000000 0.000000
9376.000000 0.000000
9378.000000 0.000000
9380.000000 0.000000
9382.000000 0.000000
9384.000000 0.000000
9386.000000 0.000000
9388.000000 0.000000
9390.000000 0.000000
9392.000000 0.000000
9394.000000 0.000000
9396.000000 0.000000
9398.000000 0.000000
9400.000000 0.000000
9402.000000 0.000000
9404.000000 0.000000
9406.000000 0.000000
9408.000000 0.000000
9410.000000 0.000000
9412.000000 0.000000
9414.000000 0.000000
9416.000000 0.000000
9418.000000 0.000000
9420.000000 0.000000
9422.000000 0.000000
9424.000000 0.000000
9426.000000 0.000000
9428.000000 0.000000
9430.000000 0.000000
9432.000000 0.000000
9434.000000 0.000000
9436.000000 0.000000
9438.000000 0.000000
9440.000000 0.000000
9442.000000 0.000000
9444.000000 0.000000
9446.000000 0.000000
9448.000000 0.000000
9450.000000 0.000000
9452.000000 0.000000
9454.000000 0.000000
9456.000000 0.000000
9458.000000 0.000000
9460.000000 0.000000
9462.000000 0.000000
9464.000000 0.000000
9466.000000 0.000000
9468.000000 0.000000
9470.000000 0.000000
9472.000000 0.000000
9474.000000 0.000000
9476.000000 0.000000
9478.000000 0.000000
9480.000000 0.000000
9482.000000 0.000000
9484.000000 0.000000
9486.000000 0.000000
9488.000000 0.000000
9490.000000 0.000000
9492.000000 0.000000
9494.000000 0.000000
9496.000000 0.000000
9498.000000 0.000000
9500.000000 0.000000
9502.000000 0.000000
9504.000000 0.000000
9506.000000 0.000000
9508.000000 0.000000
9510.000000 0.000000
9512.000000 0.000000
9514.000000 0.000000
9516.000000 0.000000
9518.000000 0.000000
9520.000000 0.000000
9522.000000 0.001295
9524.000000 2.828559
9526.000000 0.702715
9528.000000 0.000000
9530.000000 0.000000
9532.000000 0.000000
9534.000000 0.000000
9536.000000 0.000000
9538.000000 0.000000
9540.000000 0.000000
9542.000000 0.000000
9544.000000 0.000000
9546.000000 0.000000
9548.000000 0.000000
9550.000000 0.000000
9552.000000 0.000000
9554.000000 0.000000
9556.000000 0.000000
9558.000000 0.000000
9560.000000 0.000000
9562.000000 0.000000
9564.000000 0.000000
9566.000000 0.000000
9568.000000 0.000000
9570.000000 0.000000
9572.000000 0.000000
9574.000000 0.000000
9576.000000 0.000000
9578.000000 0.000000
9580.000000 0.000000
9582.000000 0.000000
9584.000000 0.000000
9586.000000 0.000000
9588.000000 0.000000
9590.000000 0.000000
9592.000000 0.000000
9594.000000 0.000000
9596.000000 0.000000
9598.000000 0.000000
9600.000000 0.000000
9602.000000 0.000000
9604.000000 0.000000
9606.000000 0.000000
9608.000000 0.000000
9610.000000 0.000000
9612.000000 0.000000
9614.000000 0.000000
9616.000000 0.000000
9618.000000 0.000000
9620.000000 0.000000
9622.000000 0.000000
9624.000000 0.000000
9626.000000 0.000000
9628.000000 0.000000
9630.000000 0.000000
9632.000000 0.000000
9634.000000 0.000000
9636.000000 0.000000
9638.000000 0.000000
9640.000000 0.000000
9642.000000 0.000000
9644.000000 0.000000
9646.000000 0.000000
9648.000000 0.000000
9650.000000 0.000000
9652.000000 0.000000
9654.000000 0.000000
9656.000000 0.000000
9658.000000 0.000000
9660.000000 0.000000
9662.000000 0.000000
9664.000000 0.000000
9666.000000 0.000000
9668.000000 0.000000
9670.000000 0.000000
9672.000000 0.000000
9674.000000 0.000000
9676.000000 0.000000
9678.000000 0.000000
9680.000000 0.000000
9682.000000 0.000000
9684.000000 0.000000
9686.000000 0.000000
9688.000000 0.000000
9690.000000 0.000000
9692.000000 0.000000
9694.000000 0.000000
9696.000000 0.000000
9698.000000 0.000000
9700.000000 0.000000
9702.000000 0.000000
9704.000000 0.000000
9706.000000 0.000000
9708.000000 0.000000
9710.000000 0.000000
9712.000000 0.000000
9714.000000 0.000000
9716.000000 0.000000
9718.000000 0.000000
9720.000000 0.000000
9722.000000 0.000000
9724.000000 0.000000
9726.000000 0.000000
9728.000000 0.000000
9730.000000 0.000000
9732.000000 0.000000
9734.000000 0.000000
9736.000000 0.000000
9738.000000 0.000000
9740.000000 0.000000
9742.000000 0.000000
9744.000000 0.000000
9746.000000 0.000000
9748.000000 0.000000
9750.000000 0.000000
9752.000000 0.000000
9754.000000 0.000000
9756.000000 0.000000
9758.000000 0.000000
9760.000000 0.000000
9762.000000 0.000000
9764.000000 0.000000
9766.000000 0.000000
9768.000000 0.000000
9770.000000 0.000000
9772.000000 0.000000
9774.000000 0.000000
9776.000000 0.000000
9778.000000 0.000000
9780.000000 0.000000
9782.000000 0.000000
9784.000000 0.000000
9786.000000 0.000000
9788.000000 0.000000
9790.000000 0.000000
9792.000000 0.000000
9794.000000 0.000000
9796.000000 0.000000
9798.000000 0.000000
9800.000000 0.000000
9802.000000 0.000000
9804.000000 0.000000
9806.000000 0.000000
9808.000000 0.000000
9810.000000 0.000000
9812.000000 0.000000
9814.000000 0.000000
9816.000000 0.000000
9818.000000 0.000000
9820.000000 0.000000
9822.000000 0.000000
9824.000000 0.000000
9826.000000 0.000000
9828.000000 0.000000
9830.000000 0.000000
9832.000000 0.000000
9834.000000 0.000000
9836.000000 0.000000
9838.000000 0.000000
9840.000000 0.000000
9842.000000 0.000000
9844.000000 0.000000
9846.000000 0.000000
9848.000000 0.000000
9850.000000 -1.167393
9852.000000 -4.666367
9854.000000 -2.333718
9856.000000 -0.001068
9858.000000 -3.500042
9860.000000 -6.999016
9862.000000 -4.666367
9864.000000 -2.333718
9866.000000 -3.500042
9868.000000 -4.666367
9870.000000 -5.832691
9872.000000 -6.999016
9874.000000 -8.165340
9876.000000 -9.331665
9878.000000 -5.832691
9880.000000 -2.333718
9882.000000 -5.253981
9884.000000 -8.165340
9886.000000 -11.085603
9888.000000 -14.005867
9890.000000 -21.003814
9892.000000 -28.010665
9894.000000 -26.844340
9896.000000 -25.669112
9898.000000 -24.502788
9900.000000 -23.336463
9902.000000 -21.003814
9904.000000 -18.671165
9906.000000 -19.837489
9908.000000 -21.003814
9910.000000 -22.170139
9912.000000 -23.336463
9914.000000 -19.837489
9916.000000 -16.338516
9918.000000 -15.172191
9920.000000 -14.005867
9922.000000 -12.839542
9924.000000 -11.673217
9926.000000 -4.675270
9928.000000 0.000000
9930.000000 0.000000
9932.000000 0.000000
9934.000000 0.000000
9936.000000 0.000000
9938.000000 0.000000
9940.000000 0.000000
9942.000000 -0.001068
9944.000000 -2.333718
9946.000000 -0.001068
9948.000000 0.000000
9950.000000 0.000000
9952.000000 0.000000
9954.000000 0.000000
9956.000000 0.000000
9958.000000 0.000000
9960.000000 0.000000
9962.000000 -1.167393
9964.000000 -4.666367
9966.000000 -9.340568
9968.000000 -14.005867
9970.000000 -18.671165
9972.000000 -23.336463
9974.000000 -24.502788
9976.000000 -25.669112
9978.000000 -26.844340
9980.000000 -28.010665
9982.000000 -26.844340
9984.000000 -25.669112
9986.000000 -23.336463
9988.000000 -21.003814
9990.000000 -18.671165
9992.000000 -16.338516
9994.000000 -14.005867
9996.000000 -11.673217
9998.000000 -10.497990
10000.000000 -9.331665
10002.000000 -14.005867
10004.000000 -18.671165
10006.000000 -21.003814
10008.000000 -23.336463
10010.000000 -19.837489
10012.000000 -16.338516
10014.000000 -10.497990
10016.000000 -4.666367
10018.000000 -1.167393
10020.000000 0.000000
10022.000000 0.000000
10024.000000 0.000000
10026.000000 -0.001068
10028.000000 -0.775650
10030.000000 -1.559136
10032.000000 -2.333718
10034.000000 -4.666367
10036.000000 -6.999016
10038.000000 -8.165340
10040.000000 -9.331665
10042.000000 -8.165340
10044.000000 -6.999016
10046.000000 -4.666367
10048.000000 -2.333718
10050.000000 -0.001068
10052.000000 0.000000
10054.000000 0.000000
10056.000000 0.000000
10058.000000 0.000000
10060.000000 0.000000
10062.000000 0.000000
10064.000000 0.000000
10066.000000 0.000000
10068.000000 0.000000
10070.000000 0.000000
10072.000000 0.000000
10074.000000 0.000000
10076.000000 0.000000
10078.000000 0.000000
10080.000000 0.000000
10082.000000 0.000000
10084.000000 0.000000
10086.000000 0.000000
10088.000000 -4.666367
10090.000000 -6.999016
10092.000000 -9.331665
10094.000000 -8.165340
10096.000000 -6.999016
10098.000000 -5.832691
10100.000000 -4.666367
10102.000000 -1.167393
10104.000000 0.000000
10106.000000 -0.001068
10108.000000 -2.333718
10110.000000 -1.167393
10112.000000 -0.001068
10114.000000 0.000000
10116.000000 0.000000
10118.000000 0.000000
10120.000000 -0.001068
10122.000000 -1.167393
10124.000000 -2.333718
10126.000000 -1.167393
10128.000000 -0.001068
10130.000000 0.000000
10132.000000 0.000000
10134.000000 0.000000
10136.000000 0.000000
10138.000000 0.000000
10140.000000 0.000000
10142.000000 0.000000
10144.000000 0.000000
10146.000000 0.000000
10148.000000 0.000000
10150.000000 0.000000
10152.000000 0.000000
10154.000000 0.000000
10156.000000 0.000000
10158.000000 0.000000
10160.000000 0.000000
10162.000000 0.000000
10164.000000 0.000000
10166.000000 0.000000
10168.000000 0.000000
10170.000000 0.000000
10172.000000 0.000000
10174.000000 0.000000
10176.000000 0.000000
10178.000000 0.000000
10180.000000 0.000000
10182.000000 0.000000
10184.000000 0.000000
10186.000000 0.000000
10188.000000 0.000000
10190.000000 0.000000
10192.000000 0.000000
10194.000000 0.000000
10196.000000 0.000000
10198.000000 0.000000
10200.000000 0.000000
10202.000000 0.000000
10204.000000 0.000000
10206.000000 0.000000
10208.000000 0.000000
10210.000000 0.000000
10212.000000 0.000000
10214.000000 0.000000
10216.000000 0.000000
10218.000000 0.000000
10220.000000 0.000000
10222.000000 0.000000
10224.000000 0.000000
10226.000000 0.000000
10228.000000 0.000000
10230.000000 0.000000
10232.000000 0.000000
10234.000000 0.000000
10236.000000 0.000000
10238.000000 0.000000
10240.000000 0.000000
10242.000000 0.000000
10244.000000 0.000000
10246.000000 0.000000
10248.000000 0.001295
10250.000000 1.414927
10252.000000 2.828559
10254.000000 4.242191
10256.000000 5.655823
10258.000000 7.069455
10260.000000 8.483087
10262.000000 15.551247
10264.000000 22.630199
10266.000000 25.457463
10268.000000 28.284727
10270.000000 26.871095
10272.000000 25.457463
10274.000000 24.043831
10276.000000 22.630199
10278.000000 21.216567
10280.000000 19.802935
10282.000000 20.515146
10284.000000 21.216567
10286.000000 21.917987
10288.000000 22.630199
10290.000000 26.871095
10292.000000 31.111991
10294.000000 35.363678
10296.000000 39.604574
10298.000000 36.777310
10300.000000 33.950046
10302.000000 34.651467
10304.000000 35.363678
10306.000000 36.075890
10308.000000 36.777310
10310.000000 33.950046
10312.000000 31.111991
10314.000000 28.284727
10316.000000 25.457463
10318.000000 26.871095
10320.000000 28.284727
10322.000000 29.698359
10324.000000 31.111991
10326.000000 32.536414
10328.000000 33.950046
10330.000000 35.363678
10332.000000 36.777310
10334.000000 38.190942
10336.000000 39.604574
10338.000000 36.777310
10340.000000 33.950046
10342.000000 31.111991
10344.000000 28.284727
10346.000000 24.043831
10348.000000 19.802935
10350.000000 18.389303
10352.000000 16.975671
10354.000000 12.723983
10356.000000 8.483087
10358.000000 5.655823
10360.000000 2.828559
10362.000000 3.529979
10364.000000 4.242191
10366.000000 4.954403
10368.000000 5.655823
10370.000000 7.069455
10372.000000 8.483087
10374.000000 11.321142
10376.000000 14.148406
10378.000000 15.562038
10380.000000 16.975671
10382.000000 14.148406
10384.000000 11.310351
10386.000000 7.069455
10388.000000 2.828559
10390.000000 0.000000
10392.000000 0.000000
10394.000000 0.000000
10396.000000 0.000000
10398.000000 0.000000
10400.000000 0.000000
10402.000000 0.000000
10404.000000 0.000000
10406.000000 0.000000
10408.000000 0.000000
10410.000000 0.000000
10412.000000 0.000000
10414.000000 0.000000
10416.000000 0.000000
10418.000000 0.000000
10420.000000 0.000000
10422.000000 0.000000
10424.000000 0.000000
10426.000000 0.000000
10428.000000 0.000000
10430.000000 0.000000
10432.000000 0.000000
10434.000000 0.000000
10436.000000 0.000000
10438.000000 0.000000
10440.000000 0.000000
10442.000000 0.000000
10444.000000 0.000000
10446.000000 0.000000
10448.000000 0.000000
10450.000000 0.000000
10452.000000 0.000000
10454.000000 0.000000
10456.000000 0.000000
10458.000000 0.000000
10460.000000 0.000000
10462.000000 0.000000
10464.000000 0.000000
10466.000000 0.000000
10468.000000 0.000000
10470.000000 0.000000
10472.000000 0.000000
10474.000000 0.000000
10476.000000 0.000000
10478.000000 0.000000
10480.000000 0.000000
10482.000000 0.000000
10484.000000 0.000000
10486.000000 0.000000
10488.000000 0.000000
10490.000000 0.000000
10492.000000 0.000000
10494.000000 0.000000
10496.000000 0.000000
10498.000000 0.000000
10500.000000 0.000000
10502.000000 0.000000
10504.000000 0.000000
10506.000000 0.000000
10508.000000 0.000000
10510.000000 0.000000
10512.000000 0.000000
10514.000000 0.000000
10516.000000 0.000000
10518.000000 0.000000
10520.000000 0.000000
10522.000000 0.000000
10524.000000 0.000000
10526.000000 0.000000
10528.000000 0.000000
10530.000000 0.000000
10532.000000 0.000000
10534.000000 0.000000
10536.000000 0.000000
10538.000000 0.000000
10540.000000 0.000000
10542.000000 0.000000
10544.000000 0.000000
10546.000000 0.000000
10548.000000 0.000000
10550.000000 0.000000
10552.000000 0.000000
10554.000000 0.000000
10556.000000 0.000000
10558.000000 0.000000
10560.000000 0.000000
10562.000000 0.000000
10564.000000 0.000000
10566.000000 0.000000
10568.000000 0.000000
10570.000000 0.000000
10572.000000 0.000000
10574.000000 0.000000
10576.000000 0.000000
10578.000000 0.000000
10580.000000 0.000000
10582.000000 0.000000
10584.000000 0.000000
10586.000000 0.000000
10588.000000 0.000000
10590.000000 0.000000
10592.000000 0.000000
10594.000000 0.000000
10596.000000 0.000000
10598.000000 0.000000
10600.000000 0.000000
10602.000000 0.000000
10604.000000 0.000000
10606.000000 0.000000
10608.000000 0.000000
10610.000000 0.000000
10612.000000 0.000000
10614.000000 0.000000
10616.000000 0.000000
10618.000000 0.000000
10620.000000 0.000000
10622.000000 0.000000
10624.000000 0.000000
10626.000000 0.000000
10628.000000 0.000000
10630.000000 0.000000
10632.000000 0.000000
10634.000000 0.000000
10636.000000 0.000000
10638.000000 -1.167393
10640.000000 -4.666367
10642.000000 -3.500042
10644.000000 -2.333718
10646.000000 -0.001068
10648.000000 0.000000
10650.000000 0.000000
10652.000000 0.000000
10654.000000 0.000000
10656.000000 0.000000
10658.000000 0.000000
10660.000000 0.000000
10662.000000 0.000000
10664.000000 0.000000
10666.000000 0.000000
10668.000000 0.000000
10670.000000 0.000000
10672.000000 -0.001068
10674.000000 0.000000
10676.000000 0.000000
10678.000000 0.000000
10680.000000 0.000000
10682.000000 0.000000
10684.000000 0.000000
10686.000000 0.000000
10688.000000 0.000000
10690.000000 0.000000
10692.000000 0.000000
10694.000000 0.000000
10696.000000 0.000000
10698.000000 0.000000
10700.000000 0.000000
10702.000000 0.000000
10704.000000 0.000000
10706.000000 0.000000
10708.000000 0.000000
10710.000000 0.000000
10712.000000 0.000000
10714.000000 0.000000
10716.000000 0.000000
10718.000000 0.000000
10720.000000 0.000000
10722.000000 0.000000
10724.000000 0.000000
10726.000000 0.000000
10728.000000 0.000000
10730.000000 0.000000
10732.000000 0.000000
10734.000000 0.000000
10736.000000 0.000000
10738.000000 0.000000
10740.000000 0.000000
10742.000000 0.000000
10744.000000 0.000000
10746.000000 0.000000
10748.000000 0.000000
10750.000000 0.000000
10752.000000 0.000000
10754.000000 0.000000
10756.000000 0.000000
10758.000000 0.000000
10760.000000 0.000000
10762.000000 0.000000
10764.000000 0.000000
10766.000000 0.000000
10768.000000 0.000000
10770.000000 0.000000
10772.000000 0.000000
10774.000000 0.000000
10776.000000 0.000000
10778.000000 0.000000
10780.000000 0.000000
10782.000000 0.000000
10784.000000 0.000000
10786.000000 0.000000
10788.000000 0.000000
10790.000000 0.000000
10792.000000 0.000000
10794.000000 0.000000
10796.000000 0.000000
10798.000000 0.000000
10800.000000 0.000000
10802.000000 0.000000
10804.000000 0.000000
10806.000000 0.000000
10808.000000 0.000000
10810.000000 0.000000
10812.000000 0.000000
10814.000000 0.000000
10816.000000 0.000000
10818.000000 0.000000
10820.000000 0.000000
10822.000000 0.000000
10824.000000 0.000000
10826.000000 0.000000
10828.000000 0.000000
10830.000000 0.000000
10832.000000 0.000000
10834.000000 0.000000
10836.000000 0.000000
10838.000000 0.000000
10840.000000 0.000000
10842.000000 0.000000
10844.000000 0.000000
10846.000000 0.000000
10848.000000 0.000000
10850.000000 0.000000
10852.000000 0.000000
10854.000000 0.000000
10856.000000 0.000000
10858.000000 0.000000
10860.000000 0.000000
10862.000000 0.000000
10864.000000 0.000000
10866.000000 0.000000
10868.000000 0.000000
10870.000000 0.000000
10872.000000 0.000000
10874.000000 0.000000
10876.000000 0.000000
10878.000000 0.000000
10880.000000 0.000000
10882.000000 0.000000
10884.000000 0.000000
10886.000000 0.000000
10888.000000 0.000000
10890.000000 0.000000
10892.000000 0.000000
10894.000000 0.000000
10896.000000 0.000000
10898.000000 0.000000
10900.000000 0.000000
10902.000000 0.000000
10904.000000 0.000000
10906.000000 0.000000
10908.000000 0.000000
10910.000000 0.000000
10912.000000 0.000000
10914.000000 0.000000
10916.000000 0.000000
10918.000000 0.000000
10920.000000 0.000000
10922.000000 0.000000
10924.000000 0.000000
10926.000000 0.000000
10928.000000 0.000000
10930.000000 -2.333718
10932.000000 -6.999016
10934.000000 -8.165340
10936.000000 -9.331665
10938.000000 -6.999016
10940.000000 -4.666367
10942.000000 0.000000
10944.000000 0.000000
10946.000000 0.000000
10948.000000 0.000000
10950.000000 0.000000
10952.000000 0.000000
10954.000000 0.000000
10956.000000 0.000000
10958.000000 0.000000
10960.000000 0.000000
10962.000000 0.000000
10964.000000 0.000000
10966.000000 0.000000
10968.000000 0.000000
10970.000000 0.000000
10972.000000 0.000000
10974.000000 0.000000
10976.000000 0.000000
10978.000000 0.000000
10980.000000 0.000000
10982.000000 0.000000
10984.000000 0.000000
10986.000000 0.000000
10988.000000 0.000000
10990.000000 0.000000
10992.000000 0.000000
10994.000000 0.000000
10996.000000 0.000000
10998.000000 0.000000
11000.000000 0.000000
11002.000000 0.000000
11004.000000 0.000000
11006.000000 0.000000
11008.000000 0.000000
11010.000000 0.000000
11012.000000 0.000000
11014.000000 0.000000
11016.000000 -0.001068
11018.000000 -3.500042
11020.000000 -6.999016
11022.000000 -8.165340
11024.000000 -9.331665
11026.000000 -6.999016
11028.000000 -4.666367
11030.000000 -5.832691
11032.000000 -6.999016
11034.000000 -9.340568
11036.000000 -11.673217
11038.000000 -10.497990
11040.000000 -9.331665
11042.000000 -10.497990
11044.000000 -11.673217
11046.000000 -12.839542
11048.000000 -14.005867
11050.000000 -15.172191
11052.000000 -16.338516
11054.000000 -19.837489
11056.000000 -23.336463
11058.000000 -22.170139
11060.000000 -21.003814
11062.000000 -19.837489
11064.000000 -18.671165
11066.000000 -18.279422
11068.000000 -17.896583
11070.000000 -17.504840
11072.000000 -17.113098
11074.000000 -16.730258
11076.000000 -16.338516
11078.000000 -10.497990
11080.000000 -4.666367
11082.000000 -6.999016
11084.000000 -9.340568
11086.000000 -11.673217
11088.000000 -14.005867
11090.000000 -16.338516
11092.000000 -18.671165
11094.000000 -16.338516
11096.000000 -14.005867
11098.000000 -7.007919
11100.000000 -0.001068
11102.000000 -4.666367
11104.000000 -9.331665
11106.000000 -5.832691
11108.000000 -2.333718
11110.000000 0.000000
11112.000000 0.000000
11114.000000 0.000000
11116.000000 -0.001068
11118.000000 -2.333718
11120.000000 -4.666367
11122.000000 -9.340568
11124.000000 -14.005867
11126.000000 -15.172191
11128.000000 -16.338516
11130.000000 -14.005867
11132.000000 -11.673217
11134.000000 -9.919279
11136.000000 -8.165340
11138.000000 -6.420305
11140.000000 -4.666367
11142.000000 -5.832691
11144.000000 -6.999016
11146.000000 -10.497990
11148.000000 -14.005867
11150.000000 -15.172191
11152.000000 -16.338516
11154.000000 -18.671165
11156.000000 -21.003814
11158.000000 -16.338516
11160.000000 -11.673217
11162.000000 -12.064960
11164.000000 -12.447799
11166.000000 -12.839542
11168.000000 -13.231285
11170.000000 -13.614124
11172.000000 -14.005867
11174.000000 -16.338516
11176.000000 -18.671165
11178.000000 -19.837489
11180.000000 -21.003814
11182.000000 -23.336463
11184.000000 -25.669112
11186.000000 -24.502788
11188.000000 -23.336463
11190.000000 -23.728206
11192.000000 -24.111045
11194.000000 -24.502788
11196.000000 -24.894530
11198.000000 -25.277370
11200.000000 -25.669112
11202.000000 -19.837489
11204.000000 -14.005867
11206.000000 -15.172191
11208.000000 -16.338516
11210.000000 -22.179042
11212.000000 -28.010665
11214.000000 -32.675963
11216.000000 -37.341261
11218.000000 -31.509638
11220.000000 -25.669112
11222.000000 -23.336463
11224.000000 -21.003814
11226.000000 -22.170139
11228.000000 -23.336463
11230.000000 -26.844340
11232.000000 -30.343314
11234.000000 -29.176989
11236.000000 -28.001762
11238.000000 -26.835437
11240.000000 -25.669112
11242.000000 -24.502788
11244.000000 -23.336463
11246.000000 -22.170139
11248.000000 -21.003814
11250.000000 -22.170139
11252.000000 -23.336463
11254.000000 -22.170139
11256.000000 -21.003814
11258.000000 -24.511691
11260.000000 -28.010665
11262.000000 -30.343314
11264.000000 -32.675963
11266.000000 -33.842288
11268.000000 -35.008612
11270.000000 -36.174937
11272.000000 -37.341261
11274.000000 -36.174937
11276.000000 -35.008612
11278.000000 -36.174937
11280.000000 -37.341261
11282.000000 -36.174937
11284.000000 -35.008612
11286.000000 -32.675963
11288.000000 -30.343314
11290.000000 -29.764603
11292.000000 -29.176989
11294.000000 -28.589375
11296.000000 -28.010665
11298.000000 -29.176989
11300.000000 -30.343314
11302.000000 -31.509638
11304.000000 -32.675963
11306.000000 -31.901381
11308.000000 -31.117896
11310.000000 -30.343314
11312.000000 -29.568732
11314.000000 -28.785247
11316.000000 -28.010665
11318.000000 -26.844340
11320.000000 -25.669112
11322.000000 -28.001762
11324.000000 -30.343314
11326.000000 -31.509638
11328.000000 -32.675963
11330.000000 -35.008612
11332.000000 -37.341261
11334.000000 -35.587323
11336.000000 -33.842288
11338.000000 -32.097252
11340.000000 -30.343314
11342.000000 -26.844340
11344.000000 -23.336463
11346.000000 -22.170139
11348.000000 -21.003814
11350.000000 -22.170139
11352.000000 -23.336463
11354.000000 -25.669112
11356.000000 -28.010665
11358.000000 -33.842288
11360.000000 -39.673911
11362.000000 -44.348112
11364.000000 -49.013410
11366.000000 -47.847086
11368.000000 -46.680761
11370.000000 -45.514437
11372.000000 -44.348112
11374.000000 -42.015463
11376.000000 -39.673911
11378.000000 -40.448493
11380.000000 -41.231978
11382.000000 -42.015463
11384.000000 -42.790045
11386.000000 -43.564627
11388.000000 -44.348112
11390.000000 -50.179735
11392.000000 -56.011358
11394.000000 -52.512384
11396.000000 -49.013410
11398.000000 -45.505533
11400.000000 -42.006560
11402.000000 -43.172884
11404.000000 -44.348112
11406.000000 -46.680761
11408.000000 -49.013410
11410.000000 -47.847086
11412.000000 -46.680761
11414.000000 -45.514437
11416.000000 -44.348112
11418.000000 -43.172884
11420.000000 -42.006560
11422.000000 -40.840235
11424.000000 -39.673911
11426.000000 -38.507586
11428.000000 -37.341261
11430.000000 -36.174937
11432.000000 -35.008612
11434.000000 -38.507586
11436.000000 -42.006560
11438.000000 -45.505533
11440.000000 -49.013410
11442.000000 -47.847086
11444.000000 -46.680761
11446.000000 -47.268375
11448.000000 -47.847086
11450.000000 -48.425796
11452.000000 -49.013410
11454.000000 -46.680761
11456.000000 -44.348112
11458.000000 -39.682814
11460.000000 -35.008612
11462.000000 -38.507586
11464.000000 -42.006560
11466.000000 -43.172884
11468.000000 -44.348112
11470.000000 -43.760498
11472.000000 -43.172884
11474.000000 -42.594174
11476.000000 -42.006560
11478.000000 -43.172884
11480.000000 -44.348112
11482.000000 -43.956369
11484.000000 -43.564627
11486.000000 -43.172884
11488.000000 -42.790045
11490.000000 -42.398302
11492.000000 -42.006560
11494.000000 -40.840235
11496.000000 -39.673911
11498.000000 -42.015463
11500.000000 -44.348112
11502.000000 -43.564627
11504.000000 -42.790045
11506.000000 -42.015463
11508.000000 -41.231978
11510.000000 -40.448493
11512.000000 -39.673911
11514.000000 -37.341261
11516.000000 -35.008612
11518.000000 -37.341261
11520.000000 -39.673911
11522.000000 -45.505533
11524.000000 -51.346060
11526.000000 -49.013410
11528.000000 -46.680761
11530.000000 -44.348112
11532.000000 -42.006560
11534.000000 -43.172884
11536.000000 -44.348112
11538.000000 -47.847086
11540.000000 -51.346060
11542.000000 -54.845033
11544.000000 -58.344007
11546.000000 -57.177682
11548.000000 -56.011358
11550.000000 -51.346060
11552.000000 -46.680761
11554.000000 -44.348112
11556.000000 -42.006560
11558.000000 -43.172884
11560.000000 -44.348112
11562.000000 -40.840235
11564.000000 -37.341261
11566.000000 -32.675963
11568.000000 -28.010665
11570.000000 -29.176989
11572.000000 -30.343314
11574.000000 -29.176989
11576.000000 -28.010665
11578.000000 -24.511691
11580.000000 -21.003814
11582.000000 -18.671165
11584.000000 -16.338516
11586.000000 -14.005867
11588.000000 -11.673217
11590.000000 -9.340568
11592.000000 -6.999016
11594.000000 -10.497990
11596.000000 -14.005867
11598.000000 -15.172191
11600.000000 -16.338516
11602.000000 -18.083551
11604.000000 -19.837489
11606.000000 -21.591428
11608.000000 -23.336463
11610.000000 -25.669112
11612.000000 -28.010665
11614.000000 -33.842288
11616.000000 -39.673911
11618.000000 -40.840235
11620.000000 -42.006560
11622.000000 -37.341261
11624.000000 -32.675963
11626.000000 -31.509638
11628.000000 -30.343314
11630.000000 -29.176989
11632.000000 -28.010665
11634.000000 -25.090402
11636.000000 -22.179042
11638.000000 -19.258779
11640.000000 -16.338516
11642.000000 -12.839542
11644.000000 -9.340568
11646.000000 -5.832691
11648.000000 -2.333718
11650.000000 0.000000
11652.000000 0.000000
11654.000000 0.000000
11656.000000 0.000000
11658.000000 0.000000
11660.000000 0.000000
11662.000000 0.000000
11664.000000 0.000000
11666.000000 0.000000
11668.000000 0.000000
11670.000000 0.000000
11672.000000 0.000000
11674.000000 0.000000
11676.000000 0.000000
11678.000000 0.000000
11680.000000 0.000000
11682.000000 0.000000
11684.000000 0.000000
11686.000000 0.000000
11688.000000 0.000000
11690.000000 0.000000
11692.000000 0.000000
11694.000000 0.000000
11696.000000 0.000000
11698.000000 0.000000
11700.000000 0.000000
11702.000000 0.000000
11704.000000 0.000000
11706.000000 0.000000
11708.000000 0.000000
11710.000000 0.000000
11712.000000 0.000000
11714.000000 0.000000
11716.000000 -0.001068
11718.000000 -1.167393
11720.000000 -2.333718
11722.000000 -5.832691
11724.000000 -9.331665
11726.000000 -11.673217
11728.000000 -14.005867
11730.000000 -12.839542
11732.000000 -11.673217
11734.000000 -8.165340
11736.000000 -4.666367
11738.000000 -3.500042
11740.000000 -2.333718
11742.000000 -1.755007
11744.000000 -1.167393
11746.000000 -0.579779
11748.000000 -0.001068
11750.000000 0.000000
11752.000000 0.000000
11754.000000 0.000000
11756.000000 0.000000
11758.000000 0.000000
11760.000000 0.000000
11762.000000 0.000000
11764.000000 0.000000
11766.000000 0.000000
11768.000000 0.000000
11770.000000 0.000000
11772.000000 0.000000
11774.000000 0.000000
11776.000000 0.000000
11778.000000 0.000000
11780.000000 0.000000
11782.000000 0.000000
11784.000000 0.000000
11786.000000 0.000000
11788.000000 0.000000
11790.000000 0.000000
11792.000000 0.000000
11794.000000 0.000000
11796.000000 0.000000
11798.000000 0.000000
11800.000000 0.000000
11802.000000 0.000000
11804.000000 0.000000
11806.000000 0.000000
11808.000000 0.000000
11810.000000 0.000000
11812.000000 0.000000
11814.000000 0.000000
11816.000000 0.000000
11818.000000 0.000000
11820.000000 0.000000
11822.000000 0.000000
11824.000000 0.000000
11826.000000 0.000000
11828.000000 -4.666367
11830.000000 -5.832691
11832.000000 -6.999016
11834.000000 -10.497990
11836.000000 -14.005867
11838.000000 -17.504840
11840.000000 -21.003814
11842.000000 -24.511691
11844.000000 -28.010665
11846.000000 -25.669112
11848.000000 -23.336463
11850.000000 -21.003814
11852.000000 -18.671165
11854.000000 -17.504840
11856.000000 -16.338516
11858.000000 -17.504840
11860.000000 -18.671165
11862.000000 -23.336463
11864.000000 -28.010665
11866.000000 -24.511691
11868.000000 -21.003814
11870.000000 -22.170139
11872.000000 -23.336463
11874.000000 -21.003814
11876.000000 -18.671165
11878.000000 -16.338516
11880.000000 -14.005867
11882.000000 -11.673217
11884.000000 -9.331665
11886.000000 -11.673217
11888.000000 -14.005867
11890.000000 -15.172191
11892.000000 -16.338516
11894.000000 -15.750902
11896.000000 -15.172191
11898.000000 -14.593480
11900.000000 -14.005867
11902.000000 -12.839542
11904.000000 -11.673217
11906.000000 -12.839542
11908.000000 -14.005867
11910.000000 -11.673217
11912.000000 -9.331665
11914.000000 -6.999016
11916.000000 -4.666367
11918.000000 0.000000
11920.000000 0.000000
11922.000000 0.000000
11924.000000 0.000000
11926.000000 0.000000
11928.000000 0.000000
11930.000000 0.000000
11932.000000 0.000000
11934.000000 0.000000
11936.000000 0.000000
11938.000000 0.000000
11940.000000 0.000000
11942.000000 0.000000
11944.000000 0.000000
11946.000000 0.000000
11948.000000 0.000000
11950.000000 0.000000
11952.000000 0.000000
11954.000000 0.000000
11956.000000 0.000000
11958.000000 0.000000
11960.000000 0.000000
11962.000000 0.000000
11964.000000 0.000000
11966.000000 0.000000
11968.000000 0.000000
11970.000000 0.000000
11972.000000 0.000000
11974.000000 0.000000
11976.000000 0.000000
11978.000000 0.000000
11980.000000 0.000000
11982.000000 -1.167393
11984.000000 -4.666367
11986.000000 -5.832691
11988.000000 -6.999016
11990.000000 -2.333718
11992.000000 0.000000
11994.000000 0.000000
11996.000000 0.000000
11998.000000 0.000000
12000.000000 0.000000
12002.000000 0.000000
12004.000000 0.000000
12006.000000 0.000000
12008.000000 0.000000
12010.000000 0.000000
12012.000000 0.000000
12014.000000 0.000000
12016.000000 0.000000
12018.000000 0.000000
12020.000000 0.000000
12022.000000 0.000000
12024.000000 0.000000
12026.000000 0.000000
12028.000000 0.000000
12030.000000 0.000000
12032.000000 0.000000
12034.000000 0.000000
12036.000000 0.000000
12038.000000 0.000000
12040.000000 0.000000
12042.000000 0.000000
12044.000000 0.000000
12046.000000 0.000000
12048.000000 0.000000
12050.000000 0.000000
12052.000000 0.000000
12054.000000 0.000000
12056.000000 0.000000
12058.000000 0.000000
12060.000000 0.000000
12062.000000 0.000000
12064.000000 0.000000
12066.000000 0.000000
12068.000000 0.000000
12070.000000 0.000000
12072.000000 0.000000
12074.000000 0.000000
12076.000000 0.000000
12078.000000 0.000000
12080.000000 0.000000
12082.000000 0.000000
12084.000000 0.000000
12086.000000 0.000000
12088.000000 0.000000
12090.000000 0.000000
12092.000000 0.000000
12094.000000 0.000000
12096.000000 0.000000
12098.000000 0.000000
12100.000000 0.000000
12102.000000 0.000000
12104.000000 0.000000
12106.000000 0.000000
12108.000000 0.000000
12110.000000 0.000000
12112.000000 0.000000
12114.000000 0.000000
12116.000000 0.000000
12118.000000 0.000000
12120.000000 0.000000
12122.000000 0.000000
12124.000000 0.000000
12126.000000 0.000000
12128.000000 0.000000
12130.000000 0.000000
12132.000000 0.000000
12134.000000 0.000000
12136.000000 0.000000
12138.000000 0.000000
12140.000000 -0.001068
12142.000000 0.000000
12144.000000 0.000000
12146.000000 0.000000
12148.000000 0.000000
12150.000000 0.000000
12152.000000 0.000000
12154.000000 0.000000
12156.000000 0.000000
12158.000000 0.000000
12160.000000 -0.001068
12162.000000 -1.167393
12164.000000 -2.333718
12166.000000 -3.500042
12168.000000 -4.666367
12170.000000 -4.087656
12172.000000 -3.500042
12174.000000 -2.912428
12176.000000 -2.333718
12178.000000 -0.001068
12180.000000 0.000000
12182.000000 0.000000
12184.000000 0.000000
12186.000000 0.000000
12188.000000 0.000000
12190.000000 0.000000
12192.000000 0.000000
12194.000000 0.000000
12196.000000 0.000000
12198.000000 0.000000
12200.000000 0.000000
12202.000000 0.000000
12204.000000 0.000000
12206.000000 0.000000
12208.000000 0.000000
12210.000000 0.000000
12212.000000 0.000000
12214.000000 0.000000
12216.000000 0.000000
12218.000000 0.000000
12220.000000 0.000000
12222.000000 0.000000
12224.000000 0.000000
12226.000000 0.000000
12228.000000 0.000000
12230.000000 0.000000
12232.000000 0.000000
12234.000000 0.000000
12236.000000 0.000000
12238.000000 0.000000
12240.000000 0.000000
12242.000000 0.000000
12244.000000 0.000000
12246.000000 0.000000
12248.000000 0.000000
12250.000000 0.000000
12252.000000 -6.999016
12254.000000 -10.497990
12256.000000 -14.005867
12258.000000 -15.172191
12260.000000 -16.338516
12262.000000 -11.673217
12264.000000 -6.999016
12266.000000 -4.666367
12268.000000 -2.333718
12270.000000 -3.500042
12272.000000 -4.666367
12274.000000 -3.500042
12276.000000 -2.333718
12278.000000 -1.167393
12280.000000 -0.001068
12282.000000 0.000000
12284.000000 0.000000
12286.000000 0.000000
12288.000000 0.000000
12290.000000 0.000000
12292.000000 0.000000
12294.000000 -0.579779
12296.000000 -2.333718
12298.000000 0.000000
12300.000000 0.000000
12302.000000 0.000000
12304.000000 0.000000
12306.000000 0.000000
12308.000000 0.000000
12310.000000 0.000000
12312.000000 0.000000
12314.000000 0.000000
12316.000000 0.000000
12318.000000 0.000000
12320.000000 0.000000
12322.000000 0.000000
12324.000000 0.000000
12326.000000 0.000000
12328.000000 0.000000
12330.000000 0.000000
12332.000000 0.000000
12334.000000 0.000000
12336.000000 0.000000
12338.000000 0.000000
12340.000000 0.000000
12342.000000 0.000000
12344.000000 0.000000
12346.000000 0.000000
12348.000000 0.000000
12350.000000 0.000000
12352.000000 0.000000
12354.000000 0.000000
12356.000000 0.000000
12358.000000 0.000000
12360.000000 0.000000
12362.000000 0.000000
12364.000000 0.000000
12366.000000 0.000000
12368.000000 0.000000
12370.000000 0.000000
12372.000000 0.000000
12374.000000 0.000000
12376.000000 0.000000
12378.000000 0.000000
12380.000000 0.000000
12382.000000 0.000000
12384.000000 0.000000
12386.000000 0.000000
12388.000000 0.000000
12390.000000 0.000000
12392.000000 0.000000
12394.000000 0.000000
12396.000000 0.000000
12398.000000 0.000000
12400.000000 0.001295
12402.000000 0.000000
12404.000000 0.000000
12406.000000 0.000000
12408.000000 0.001295
12410.000000 1.414927
12412.000000 2.828559
12414.000000 5.655823
12416.000000 8.483087
12418.000000 11.321142
12420.000000 14.148406
12422.000000 12.723983
12424.000000 11.310351
12426.000000 7.069455
12428.000000 2.828559
12430.000000 0.000000
12432.000000 0.000000
12434.000000 0.000000
12436.000000 0.000000
12438.000000 0.000000
12440.000000 0.000000
12442.000000 0.000000
12444.000000 0.000000
12446.000000 0.000000
12448.000000 0.000000
12450.000000 0.000000
12452.000000 0.000000
12454.000000 0.000000
12456.000000 0.000000
12458.000000 0.000000
12460.000000 0.000000
12462.000000 0.000000
12464.000000 0.000000
12466.000000 0.000000
12468.000000 0.000000
12470.000000 0.000000
12472.000000 0.000000
12474.000000 0.000000
12476.000000 0.000000
12478.000000 0.000000
12480.000000 0.000000
12482.000000 0.000000
12484.000000 0.000000
12486.000000 0.000000
12488.000000 0.000000
12490.000000 0.000000
12492.000000 0.000000
12494.000000 0.000000
12496.000000 0.000000
12498.000000 0.000000
12500.000000 0.000000
12502.000000 0.000000
12504.000000 0.000000
12506.000000 0.000000
12508.000000 0.000000
12510.000000 0.000000
12512.000000 0.000000
12514.000000 0.000000
12516.000000 0.000000
12518.000000 0.000000
12520.000000 -0.001068
12522.000000 -2.333718
12524.000000 -4.666367
12526.000000 -2.333718
12528.000000 -0.001068
12530.000000 0.000000
12532.000000 0.000000
12534.000000 0.000000
12536.000000 0.000000
12538.000000 0.000000
12540.000000 0.000000
12542.000000 0.000000
12544.000000 0.000000
12546.000000 0.000000
12548.000000 0.000000
12550.000000 0.000000
12552.000000 0.000000
12554.000000 0.000000
12556.000000 0.000000
12558.000000 0.000000
12560.000000 0.000000
12562.000000 0.000000
12564.000000 0.000000
12566.000000 0.000000
12568.000000 0.000000
12570.000000 0.000000
12572.000000 0.000000
12574.000000 0.000000
12576.000000 0.000000
12578.000000 0.000000
12580.000000 0.000000
12582.000000 0.000000
12584.000000 0.000000
12586.000000 0.000000
12588.000000 0.000000
12590.000000 0.000000
12592.000000 0.000000
12594.000000 0.000000
12596.000000 0.000000
12598.000000 0.000000
12600.000000 0.000000
12602.000000 0.000000
12604.000000 0.000000
12606.000000 0.000000
12608.000000 0.000000
12610.000000 0.000000
12612.000000 0.000000
12614.000000 0.000000
12616.000000 0.000000
12618.000000 0.000000
12620.000000 0.000000
12622.000000 0.000000
12624.000000 0.000000
12626.000000 0.000000
12628.000000 0.000000
12630.000000 0.000000
12632.000000 0.000000
12634.000000 0.000000
12636.000000 0.000000
12638.000000 0.000000
12640.000000 0.000000
12642.000000 0.000000
12644.000000 0.000000
12646.000000 0.000000
12648.000000 0.000000
12650.000000 0.000000
12652.000000 0.000000
12654.000000 0.000000
12656.000000 0.000000
12658.000000 0.000000
12660.000000 0.000000
12662.000000 0.000000
12664.000000 0.000000
12666.000000 0.000000
12668.000000 0.000000
12670.000000 -0.001068
12672.000000 -2.333718
12674.000000 -7.007919
12676.000000 -11.673217
12678.000000 -14.005867
12680.000000 -16.338516
12682.000000 -17.504840
12684.000000 -18.671165
12686.000000 -16.338516
12688.000000 -14.005867
12690.000000 -10.497990
12692.000000 -6.999016
12694.000000 -10.497990
12696.000000 -14.005867
12698.000000 -16.338516
12700.000000 -18.671165
12702.000000 -17.504840
12704.000000 -16.338516
12706.000000 -15.750902
12708.000000 -15.172191
12710.000000 -14.593480
12712.000000 -14.005867
12714.000000 -11.673217
12716.000000 -9.331665
12718.000000 -4.666367
12720.000000 -0.001068
12722.000000 0.000000
12724.000000 0.000000
12726.000000 0.000000
12728.000000 0.000000
12730.000000 0.000000
12732.000000 0.000000
12734.000000 0.000000
12736.000000 0.000000
12738.000000 0.000000
12740.000000 0.000000
12742.000000 0.000000
12744.000000 -0.001068
12746.000000 -0.392811
12748.000000 -0.775650
12750.000000 -1.167393
12752.000000 -1.559136
12754.000000 -1.941975
12756.000000 -2.333718
12758.000000 -0.579779
12760.000000 0.000000
12762.000000 0.000000
12764.000000 0.000000
12766.000000 0.000000
12768.000000 0.000000
12770.000000 0.000000
12772.000000 0.000000
12774.000000 0.000000
12776.000000 0.000000
12778.000000 0.000000
12780.000000 0.000000
12782.000000 0.000000
12784.000000 0.000000
12786.000000 0.000000
12788.000000 0.000000
12790.000000 0.000000
12792.000000 0.000000
12794.000000 0.000000
12796.000000 0.000000
12798.000000 0.000000
12800.000000 0.000000
12802.000000 0.000000
12804.000000 0.000000
12806.000000 0.000000
12808.000000 0.000000
12810.000000 0.000000
12812.000000 0.000000
12814.000000 0.000000
12816.000000 0.000000
12818.000000 0.000000
12820.000000 0.000000
12822.000000 0.000000
12824.000000 0.000000
12826.000000 0.000000
12828.000000 0.000000
12830.000000 0.000000
12832.000000 0.000000
12834.000000 0.000000
12836.000000 0.000000
12838.000000 0.000000
12840.000000 0.000000
12842.000000 0.000000
12844.000000 0.000000
12846.000000 0.000000
12848.000000 0.000000
12850.000000 0.000000
12852.000000 0.000000
12854.000000 0.000000
12856.000000 0.000000
12858.000000 0.000000
12860.000000 0.000000
12862.000000 0.000000
12864.000000 0.000000
12866.000000 0.000000
12868.000000 0.000000
12870.000000 0.000000
12872.000000 0.000000
12874.000000 0.000000
12876.000000 0.000000
12878.000000 0.000000
12880.000000 0.000000
12882.000000 0.000000
12884.000000 0.000000
12886.000000 0.000000
12888.000000 0.000000
12890.000000 0.000000
12892.000000 0.000000
12894.000000 0.000000
12896.000000 0.000000
12898.000000 0.000000
12900.000000 0.000000
12902.000000 0.000000
12904.000000 0.000000
12906.000000 0.000000
12908.000000 0.000000
12910.000000 0.000000
12912.000000 0.000000
12914.000000 0.000000
12916.000000 0.000000
12918.000000 0.000000
12920.000000 0.000000
12922.000000 0.000000
12924.000000 0.000000
12926.000000 0.000000
12928.000000 0.000000
12930.000000 0.000000
12932.000000 0.000000
12934.000000 0.000000
12936.000000 0.000000
12938.000000 0.000000
12940.000000 0.000000
12942.000000 0.000000
12944.000000 0.000000
12946.000000 0.000000
12948.000000 -0.001068
12950.000000 -4.666367
12952.000000 -9.331665
12954.000000 -12.830639
12956.000000 -16.338516
12958.000000 -19.837489
12960.000000 -23.336463
12962.000000 -17.504840
12964.000000 -11.673217
12966.000000 -12.447799
12968.000000 -13.231285
12970.000000 -14.005867
12972.000000 -14.780449
12974.000000 -15.563934
12976.000000 -16.338516
12978.000000 -13.418253
12980.000000 -10.497990
12982.000000 -7.586630
12984.000000 -4.666367
12986.000000 -2.333718
12988.000000 -0.001068
12990.000000 0.000000
12992.000000 0.000000
12994.000000 0.000000
12996.000000 0.000000
12998.000000 0.000000
13000.000000 0.000000
13002.000000 0.000000
13004.000000 0.000000
13006.000000 0.000000
13008.000000 0.000000
13010.000000 0.000000
13012.000000 0.000000
13014.000000 0.000000
13016.000000 0.000000
13018.000000 0.000000
13020.000000 0.000000
13022.000000 0.000000
13024.000000 0.000000
13026.000000 0.000000
13028.000000 0.000000
13030.000000 0.000000
13032.000000 0.000000
13034.000000 0.000000
13036.000000 0.000000
13038.000000 0.000000
13040.000000 0.000000
13042.000000 0.000000
13044.000000 0.000000
13046.000000 0.000000
13048.000000 0.000000
13050.000000 0.000000
13052.000000 0.000000
13054.000000 0.000000
13056.000000 0.000000
13058.000000 0.000000
13060.000000 0.000000
13062.000000 0.000000
13064.000000 0.000000
13066.000000 0.000000
13068.000000 0.000000
13070.000000 0.000000
13072.000000 0.000000
13074.000000 0.000000
13076.000000 0.000000
13078.000000 0.000000
13080.000000 0.000000
13082.000000 0.000000
13084.000000 0.000000
13086.000000 0.000000
13088.000000 0.000000
13090.000000 0.000000
13092.000000 0.000000
13094.000000 0.000000
13096.000000 0.000000
13098.000000 0.000000
13100.000000 0.000000
13102.000000 0.000000
13104.000000 0.000000
13106.000000 0.000000
13108.000000 0.000000
13110.000000 0.000000
13112.000000 0.000000
13114.000000 0.000000
13116.000000 0.000000
13118.000000 0.000000
13120.000000 0.000000
13122.000000 0.000000
13124.000000 0.000000
13126.000000 0.000000
13128.000000 0.000000
13130.000000 0.000000
13132.000000 0.000000
13134.000000 0.000000
13136.000000 0.000000
13138.000000 0.000000
13140.000000 0.000000
13142.000000 0.000000
13144.000000 0.000000
13146.000000 0.000000
13148.000000 0.000000
13150.000000 0.000000
13152.000000 0.000000
13154.000000 0.000000
13156.000000 0.000000
13158.000000 0.000000
13160.000000 0.000000
13162.000000 0.000000
13164.000000 0.000000
13166.000000 0.000000
13168.000000 0.000000
13170.000000 0.000000
13172.000000 0.000000
13174.000000 0.000000
13176.000000 0.000000
13178.000000 0.000000
13180.000000 0.000000
13182.000000 0.000000
13184.000000 0.000000
13186.000000 0.000000
13188.000000 0.000000
13190.000000 0.000000
13192.000000 0.000000
13194.000000 0.000000
13196.000000 0.000000
13198.000000 0.000000
13200.000000 0.000000
13202.000000 0.000000
13204.000000 0.000000
13206.000000 0.000000
13208.000000 0.000000
13210.000000 0.000000
13212.000000 0.000000
13214.000000 0.000000
13216.000000 0.000000
13218.000000 0.000000
13220.000000 0.000000
13222.000000 0.000000
13224.000000 0.000000
13226.000000 0.000000
13228.000000 0.000000
13230.000000 0.000000
13232.000000 0.000000
13234.000000 0.000000
13236.000000 0.000000
13238.000000 0.000000
13240.000000 0.000000
13242.000000 0.000000
13244.000000 0.000000
13246.000000 0.000000
13248.000000 0.000000
13250.000000 0.000000
13252.000000 0.000000
13254.000000 0.000000
13256.000000 0.000000
13258.000000 0.000000
13260.000000 0.000000
13262.000000 0.000000
13264.000000 0.000000
13266.000000 0.000000
13268.000000 0.000000
13270.000000 0.000000
13272.000000 0.000000
13274.000000 0.000000
13276.000000 0.000000
13278.000000 0.000000
13280.000000 0.000000
13282.000000 0.000000
13284.000000 0.000000
13286.000000 0.000000
13288.000000 0.000000
13290.000000 0.000000
13292.000000 0.000000
13294.000000 0.000000
13296.000000 0.000000
13298.000000 0.000000
13300.000000 0.000000
13302.000000 0.000000
13304.000000 0.000000
13306.000000 0.000000
13308.000000 0.000000
13310.000000 0.000000
13312.000000 0.000000
13314.000000 0.000000
13316.000000 -2.333718
13318.000000 -1.167393
13320.000000 -0.001068
13322.000000 0.000000
13324.000000 0.000000
13326.000000 -1.167393
13328.000000 -4.666367
13330.000000 -3.500042
13332.000000 -2.333718
13334.000000 -2.912428
13336.000000 -3.500042
13338.000000 -4.087656
13340.000000 -4.666367
13342.000000 -2.333718
13344.000000 -0.001068
13346.000000 0.000000
13348.000000 0.000000
13350.000000 0.000000
13352.000000 0.000000
13354.000000 0.000000
13356.000000 0.000000
13358.000000 0.000000
13360.000000 0.000000
13362.000000 0.000000
13364.000000 0.000000
13366.000000 0.000000
13368.000000 0.000000
13370.000000 0.000000
13372.000000 0.000000
13374.000000 0.000000
13376.000000 0.000000
13378.000000 0.000000
13380.000000 0.000000
13382.000000 0.000000
13384.000000 0.000000
13386.000000 0.000000
13388.000000 0.000000
13390.000000 0.000000
13392.000000 0.000000
13394.000000 0.000000
13396.000000 0.000000
13398.000000 0.000000
13400.000000 0.000000
13402.000000 0.000000
13404.000000 0.000000
13406.000000 0.000000
13408.000000 0.000000
13410.000000 0.000000
13412.000000 0.000000
13414.000000 0.000000
13416.000000 0.000000
13418.000000 0.000000
13420.000000 0.000000
13422.000000 0.000000
13424.000000 0.000000
13426.000000 0.000000
13428.000000 0.000000
13430.000000 0.000000
13432.000000 0.000000
13434.000000 0.000000
13436.000000 0.000000
13438.000000 0.000000
13440.000000 0.000000
13442.000000 0.000000
13444.000000 0.000000
13446.000000 0.000000
13448.000000 0.000000
13450.000000 0.000000
13452.000000 0.000000
13454.000000 0.000000
13456.000000 0.000000
13458.000000 0.000000
13460.000000 0.000000
13462.000000 0.000000
13464.000000 0.000000
13466.000000 0.000000
13468.000000 0.000000
13470.000000 0.000000
13472.000000 0.001295
13474.000000 5.655823
13476.000000 11.310351
13478.000000 9.896719
13480.000000 8.483087
13482.000000 7.069455
13484.000000 5.655823
13486.000000 4.242191
13488.000000 2.828559
13490.000000 5.655823
13492.000000 8.483087
13494.000000 14.148406
13496.000000 19.802935
13498.000000 21.216567
13500.000000 22.630199
13502.000000 19.802935
13504.000000 16.975671
13506.000000 12.723983
13508.000000 8.483087
13510.000000 5.655823
13512.000000 2.828559
13514.000000 4.242191
13516.000000 5.655823
13518.000000 7.069455
13520.000000 8.483087
13522.000000 9.896719
13524.000000 11.321142
13526.000000 12.734774
13528.000000 14.148406
13530.000000 16.975671
13532.000000 19.802935
13534.000000 24.043831
13536.000000 28.284727
13538.000000 31.111991
13540.000000 33.950046
13542.000000 34.651467
13544.000000 35.363678
13546.000000 36.075890
13548.000000 36.777310
13550.000000 37.478731
13552.000000 38.190942
13554.000000 38.903154
13556.000000 39.604574
13558.000000 48.097158
13560.000000 56.578950
13562.000000 55.165318
13564.000000 53.751686
13566.000000 48.097158
13568.000000 42.431838
13570.000000 45.259102
13572.000000 48.086367
13574.000000 52.327263
13576.000000 56.578950
13578.000000 55.165318
13580.000000 53.751686
13582.000000 48.097158
13584.000000 42.431838
13586.000000 41.957031
13588.000000 41.493014
13590.000000 41.018206
13592.000000 40.543399
13594.000000 40.079382
13596.000000 39.604574
13598.000000 37.478731
13600.000000 35.363678
13602.000000 33.237835
13604.000000 31.111991
13606.000000 26.871095
13608.000000 22.630199
13610.000000 16.975671
13612.000000 11.310351
13614.000000 16.975671
13616.000000 22.630199
13618.000000 18.389303
13620.000000 14.148406
13622.000000 9.896719
13624.000000 5.655823
13626.000000 0.001295
13628.000000 0.000000
13630.000000 0.000000
13632.000000 0.000000
13634.000000 0.000000
13636.000000 0.000000
13638.000000 0.000000
13640.000000 0.000000
13642.000000 0.000000
13644.000000 0.000000
13646.000000 0.000000
13648.000000 0.000000
13650.000000 0.000000
13652.000000 0.000000
13654.000000 0.000000
13656.000000 0.000000
13658.000000 0.000000
13660.000000 0.000000
13662.000000 0.000000
13664.000000 0.000000
13666.000000 0.000000
13668.000000 0.000000
13670.000000 0.000000
13672.000000 0.000000
13674.000000 0.000000
13676.000000 0.000000
13678.000000 0.000000
13680.000000 0.000000
13682.000000 0.000000
13684.000000 0.000000
13686.000000 0.000000
13688.000000 0.000000
13690.000000 0.000000
13692.000000 0.000000
13694.000000 0.000000
13696.000000 0.000000
13698.000000 0.000000
13700.000000 0.000000
13702.000000 0.000000
13704.000000 0.000000
13706.000000 0.000000
13708.000000 0.000000
13710.000000 0.000000
13712.000000 0.000000
13714.000000 0.000000
13716.000000 0.000000
13718.000000 0.000000
13720.000000 0.000000
13722.000000 0.000000
13724.000000 0.000000
13726.000000 0.000000
13728.000000 0.000000
13730.000000 0.000000
13732.000000 0.000000
13734.000000 0.000000
13736.000000 0.000000
13738.000000 0.000000
13740.000000 0.000000
13742.000000 0.000000
13744.000000 0.000000
13746.000000 0.000000
13748.000000 0.000000
13750.000000 0.000000
13752.000000 0.000000
13754.000000 0.000000
13756.000000 0.000000
13758.000000 0.000000
13760.000000 0.000000
13762.000000 0.000000
13764.000000 0.000000
13766.000000 0.000000
13768.000000 0.000000
13770.000000 0.000000
13772.000000 0.000000
13774.000000 0.000000
13776.000000 0.000000
13778.000000 0.000000
13780.000000 0.000000
13782.000000 0.000000
13784.000000 0.000000
13786.000000 0.000000
13788.000000 0.000000
13790.000000 0.000000
13792.000000 0.000000
13794.000000 0.000000
13796.000000 0.000000
13798.000000 0.000000
13800.000000 2.828559
13802.000000 1.414927
13804.000000 0.001295
13806.000000 0.000000
13808.000000 0.000000
13810.000000 0.000000
13812.000000 0.000000
13814.000000 0.000000
13816.000000 0.000000
13818.000000 0.000000
13820.000000 0.000000
13822.000000 0.000000
13824.000000 0.000000
13826.000000 0.000000
13828.000000 0.000000
13830.000000 0.000000
13832.000000 0.000000
13834.000000 0.000000
13836.000000 0.000000
13838.000000 0.000000
13840.000000 0.000000
13842.000000 0.000000
13844.000000 0.000000
13846.000000 0.000000
13848.000000 0.000000
13850.000000 0.000000
13852.000000 0.000000
13854.000000 0.000000
13856.000000 0.000000
13858.000000 0.000000
13860.000000 0.000000
13862.000000 0.000000
13864.000000 0.000000
13866.000000 0.000000
13868.000000 0.000000
13870.000000 0.000000
13872.000000 0.000000
13874.000000 0.000000
13876.000000 0.000000
13878.000000 0.000000
13880.000000 0.000000
13882.000000 0.000000
13884.000000 0.000000
13886.000000 0.000000
13888.000000 0.000000
13890.000000 0.000000
13892.000000 0.000000
13894.000000 0.000000
13896.000000 0.000000
13898.000000 0.000000
13900.000000 0.000000
13902.000000 0.000000
13904.000000 0.000000
13906.000000 0.000000
13908.000000 0.000000
13910.000000 0.000000
13912.000000 -2.333718
13914.000000 -7.007919
13916.000000 -11.673217
13918.000000 -10.497990
13920.000000 -9.331665
13922.000000 -11.673217
13924.000000 -14.005867
13926.000000 -15.172191
13928.000000 -16.338516
13930.000000 -14.005867
13932.000000 -11.673217
13934.000000 -10.497990
13936.000000 -9.331665
13938.000000 -11.085603
13940.000000 -12.830639
13942.000000 -14.584577
13944.000000 -16.338516
13946.000000 -15.563934
13948.000000 -14.780449
13950.000000 -14.005867
13952.000000 -13.231285
13954.000000 -12.447799
13956.000000 -11.673217
13958.000000 -5.832691
13960.000000 -0.001068
13962.000000 0.000000
13964.000000 0.000000
13966.000000 0.000000
13968.000000 0.000000
13970.000000 0.000000
13972.000000 0.000000
13974.000000 0.000000
13976.000000 0.000000
13978.000000 0.000000
13980.000000 0.000000
13982.000000 0.000000
13984.000000 0.000000
13986.000000 0.000000
13988.000000 0.000000
13990.000000 0.000000
13992.000000 0.000000
13994.000000 0.000000
13996.000000 0.000000
13998.000000 0.000000
14000.000000 0.000000
14002.000000 0.000000
14004.000000 0.000000
14006.000000 0.000000
14008.000000 -9.331665
14010.000000 -17.495937
14012.000000 -25.669112
14014.000000 -29.176989
14016.000000 -32.675963
14018.000000 -36.174937
14020.000000 -39.673911
14022.000000 -38.507586
14024.000000 -37.341261
14026.000000 -35.008612
14028.000000 -32.675963
14030.000000 -31.509638
14032.000000 -30.343314
14034.000000 -26.844340
14036.000000 -23.336463
14038.000000 -24.502788
14040.000000 -25.669112
14042.000000 -23.336463
14044.000000 -21.003814
14046.000000 -18.671165
14048.000000 -16.338516
14050.000000 -11.673217
14052.000000 -6.999016
14054.000000 -4.666367
14056.000000 -2.333718
14058.000000 -2.912428
14060.000000 -3.500042
14062.000000 -4.087656
14064.000000 -4.666367
14066.000000 -3.500042
14068.000000 -2.333718
14070.000000 -7.007919
14072.000000 -11.673217
14074.000000 -12.839542
14076.000000 -14.005867
14078.000000 -15.172191
14080.000000 -16.338516
14082.000000 -15.172191
14084.000000 -14.005867
14086.000000 -11.673217
14088.000000 -9.331665
14090.000000 -9.919279
14092.000000 -10.497990
14094.000000 -11.085603
14096.000000 -11.673217
14098.000000 -12.839542
14100.000000 -14.005867
14102.000000 -15.172191
14104.000000 -16.338516
14106.000000 -14.005867
14108.000000 -11.673217
14110.000000 -14.005867
14112.000000 -16.338516
14114.000000 -17.504840
14116.000000 -18.671165
14118.000000 -18.083551
14120.000000 -17.504840
14122.000000 -16.926130
14124.000000 -16.338516
14126.000000 -14.005867
14128.000000 -11.673217
14130.000000 -7.007919
14132.000000 -2.333718
14134.000000 -3.500042
14136.000000 -4.666367
14138.000000 -5.832691
14140.000000 -6.999016
14142.000000 -5.832691
14144.000000 -4.666367
14146.000000 -1.167393
14148.000000 0.000000
14150.000000 0.000000
14152.000000 -0.001068
14154.000000 -8.165340
14156.000000 -16.338516
14158.000000 -22.179042
14160.000000 -28.010665
14162.000000 -26.844340
14164.000000 -25.669112
14166.000000 -26.835437
14168.000000 -28.001762
14170.000000 -29.176989
14172.000000 -30.343314
14174.000000 -32.675963
14176.000000 -35.008612
14178.000000 -36.174937
14180.000000 -37.341261
14182.000000 -33.842288
14184.000000 -30.343314
14186.000000 -29.176989
14188.000000 -28.010665
14190.000000 -26.844340
14192.000000 -25.669112
14194.000000 -26.844340
14196.000000 -28.010665
14198.000000 -32.675963
14200.000000 -37.341261
14202.000000 -35.008612
14204.000000 -32.675963
14206.000000 -30.343314
14208.000000 -28.010665
14210.000000 -31.509638
14212.000000 -35.008612
14214.000000 -38.507586
14216.000000 -42.006560
14218.000000 -39.673911
14220.000000 -37.341261
14222.000000 -33.842288
14224.000000 -30.343314
14226.000000 -29.176989
14228.000000 -28.010665
14230.000000 -32.675963
14232.000000 -37.341261
14234.000000 -36.174937
14236.000000 -35.008612
14238.000000 -32.675963
14240.000000 -30.343314
14242.000000 -29.764603
14244.000000 -29.176989
14246.000000 -28.589375
14248.000000 -28.010665
14250.000000 -30.343314
14252.000000 -32.675963
14254.000000 -34.429902
14256.000000 -36.174937
14258.000000 -37.919972
14260.000000 -39.673911
14262.000000 -38.507586
14264.000000 -37.341261
14266.000000 -38.507586
14268.000000 -39.673911
14270.000000 -38.507586
14272.000000 -37.341261
14274.000000 -36.174937
14276.000000 -35.008612
14278.000000 -33.842288
14280.000000 -32.675963
14282.000000 -30.343314
14284.000000 -28.010665
14286.000000 -25.669112
14288.000000 -23.336463
14290.000000 -23.924077
14292.000000 -24.502788
14294.000000 -25.081498
14296.000000 -25.669112
14298.000000 -29.176989
14300.000000 -32.675963
14302.000000 -33.842288
14304.000000 -35.008612
14306.000000 -32.675963
14308.000000 -30.343314
14310.000000 -33.842288
14312.000000 -37.341261
14314.000000 -36.174937
14316.000000 -35.008612
14318.000000 -36.174937
14320.000000 -37.341261
14322.000000 -35.008612
14324.000000 -32.675963
14326.000000 -29.176989
14328.000000 -25.669112
14330.000000 -26.844340
14332.000000 -28.010665
14334.000000 -32.675963
14336.000000 -37.341261
14338.000000 -31.509638
14340.000000 -25.669112
14342.000000 -24.502788
14344.000000 -23.336463
14346.000000 -21.591428
14348.000000 -19.837489
14350.000000 -18.083551
14352.000000 -16.338516
14354.000000 -15.172191
14356.000000 -14.005867
14358.000000 -12.839542
14360.000000 -11.673217
14362.000000 -10.497990
14364.000000 -9.331665
14366.000000 -3.500042
14368.000000 0.000000
14370.000000 0.000000
14372.000000 0.000000
14374.000000 0.000000
14376.000000 0.000000
14378.000000 0.000000
14380.000000 0.000000
14382.000000 0.000000
14384.000000 0.000000
14386.000000 0.000000
14388.000000 0.000000
14390.000000 0.000000
14392.000000 0.000000
14394.000000 0.000000
14396.000000 0.000000
14398.000000 0.000000
14400.000000 0.000000
14402.000000 0.000000
14404.000000 0.000000
14406.000000 0.000000
14408.000000 -0.001068
14410.000000 0.000000
14412.000000 0.000000
14414.000000 0.000000
14416.000000 -0.001068
14418.000000 0.000000
14420.000000 0.000000
14422.000000 0.000000
14424.000000 0.000000
14426.000000 0.000000
14428.000000 0.000000
14430.000000 0.000000
14432.000000 0.000000
14434.000000 0.000000
14436.000000 0.000000
14438.000000 0.000000
14440.000000 0.000000
14442.000000 0.000000
14444.000000 0.000000
14446.000000 0.000000
14448.000000 0.000000
14450.000000 0.000000
14452.000000 0.000000
14454.000000 0.000000
14456.000000 0.000000
14458.000000 0.000000
14460.000000 0.000000
14462.000000 0.000000
14464.000000 0.000000
14466.000000 0.000000
14468.000000 0.000000
14470.000000 0.000000
14472.000000 0.000000
14474.000000 0.000000
14476.000000 0.000000
14478.000000 0.000000
14480.000000 0.000000
14482.000000 0.000000
14484.000000 0.000000
14486.000000 0.000000
14488.000000 0.000000
14490.000000 0.000000
14492.000000 0.000000
14494.000000 0.000000
14496.000000 0.001295
14498.000000 0.702715
14500.000000 1.414927
14502.000000 2.127139
14504.000000 2.828559
14506.000000 0.000000
14508.000000 0.000000
14510.000000 0.000000
14512.000000 0.000000
14514.000000 0.000000
14516.000000 0.000000
14518.000000 0.000000
14520.000000 0.000000
14522.000000 0.000000
14524.000000 0.000000
14526.000000 0.000000
14528.000000 0.000000
14530.000000 0.000000
14532.000000 0.000000
14534.000000 0.000000
14536.000000 0.000000
14538.000000 0.000000
14540.000000 0.000000
14542.000000 0.000000
14544.000000 0.000000
14546.000000 0.000000
14548.000000 0.000000
14550.000000 0.000000
14552.000000 0.000000
14554.000000 0.000000
14556.000000 0.000000
14558.000000 0.000000
14560.000000 0.000000
14562.000000 0.000000
14564.000000 0.000000
14566.000000 0.000000
14568.000000 0.000000
14570.000000 0.000000
14572.000000 0.000000
14574.000000 0.000000
14576.000000 0.000000
14578.000000 0.000000
14580.000000 0.000000
14582.000000 0.000000
14584.000000 0.000000
14586.000000 0.000000
14588.000000 0.000000
14590.000000 0.000000
14592.000000 0.000000
14594.000000 0.000000
14596.000000 0.000000
14598.000000 0.000000
14600.000000 0.000000
14602.000000 0.000000
14604.000000 0.000000
14606.000000 0.000000
14608.000000 0.000000
14610.000000 0.000000
14612.000000 0.000000
14614.000000 0.000000
14616.000000 0.000000
14618.000000 0.000000
14620.000000 0.000000
14622.000000 0.000000
14624.000000 0.000000
14626.000000 0.000000
14628.000000 0.000000
14630.000000 0.000000
14632.000000 0.000000
14634.000000 0.000000
14636.000000 0.000000
14638.000000 0.000000
14640.000000 0.000000
14642.000000 0.000000
14644.000000 0.000000
14646.000000 0.000000
14648.000000 0.000000
14650.000000 0.000000
14652.000000 0.000000
14654.000000 0.000000
14656.000000 0.000000
14658.000000 0.000000
14660.000000 0.000000
14662.000000 0.000000
14664.000000 0.000000
14666.000000 0.000000
14668.000000 0.000000
14670.000000 0.000000
14672.000000 0.000000
14674.000000 0.000000
14676.000000 0.000000
14678.000000 0.000000
14680.000000 0.000000
14682.000000 0.000000
14684.000000 0.000000
14686.000000 0.000000
14688.000000 0.000000
14690.000000 0.000000
14692.000000 0.001295
14694.000000 0.000000
14696.000000 0.000000
14698.000000 0.000000
14700.000000 0.000000
14702.000000 0.000000
14704.000000 0.000000
14706.000000 0.000000
14708.000000 0.000000
14710.000000 0.000000
14712.000000 0.000000
14714.000000 0.000000
14716.000000 0.000000
14718.000000 0.000000
14720.000000 0.000000
14722.000000 0.000000
14724.000000 0.000000
14726.000000 0.000000
14728.000000 0.000000
14730.000000 0.000000
14732.000000 0.000000
14734.000000 0.000000
14736.000000 0.000000
14738.000000 0.000000
14740.000000 0.000000
14742.000000 0.000000
14744.000000 0.000000
14746.000000 0.000000
14748.000000 0.000000
14750.000000 0.000000
14752.000000 0.000000
14754.000000 0.000000
14756.000000 0.000000
14758.000000 0.000000
14760.000000 0.000000
14762.000000 0.000000
14764.000000 0.000000
14766.000000 0.000000
14768.000000 0.000000
14770.000000 0.000000
14772.000000 0.000000
14774.000000 0.000000
14776.000000 0.000000
14778.000000 0.000000
14780.000000 0.000000
14782.000000 0.000000
14784.000000 0.000000
14786.000000 0.000000
14788.000000 0.000000
14790.000000 0.000000
14792.000000 0.000000
14794.000000 0.000000
14796.000000 0.000000
14798.000000 0.000000
14800.000000 0.000000
14802.000000 0.000000
14804.000000 0.000000
14806.000000 0.000000
14808.000000 0.000000
14810.000000 0.000000
14812.000000 0.000000
14814.000000 0.000000
14816.000000 0.000000
14818.000000 0.000000
14820.000000 0.000000
14822.000000 0.000000
14824.000000 0.000000
14826.000000 0.000000
14828.000000 0.000000
14830.000000 0.000000
14832.000000 0.000000
14834.000000 0.000000
14836.000000 0.000000
14838.000000 0.000000
14840.000000 0.000000
14842.000000 0.000000
14844.000000 0.000000
14846.000000 0.000000
14848.000000 0.000000
14850.000000 0.000000
14852.000000 0.000000
14854.000000 0.000000
14856.000000 0.000000
14858.000000 0.000000
14860.000000 0.000000
14862.000000 0.000000
14864.000000 0.000000
14866.000000 0.000000
14868.000000 0.000000
14870.000000 0.000000
14872.000000 0.000000
14874.000000 0.000000
14876.000000 0.000000
14878.000000 1.414927
14880.000000 5.655823
14882.000000 3.529979
14884.000000 1.414927
14886.000000 0.000000
14888.000000 0.000000
14890.000000 0.000000
14892.000000 0.000000
14894.000000 0.000000
14896.000000 0.000000
14898.000000 0.000000
14900.000000 0.001295
14902.000000 0.000000
14904.000000 0.000000
14906.000000 0.000000
14908.000000 0.000000
14910.000000 0.000000
14912.000000 0.000000
14914.000000 0.000000
14916.000000 0.000000
14918.000000 0.000000
14920.000000 0.000000
14922.000000 0.000000
14924.000000 0.000000
14926.000000 0.000000
14928.000000 0.000000
14930.000000 0.000000
14932.000000 0.000000
14934.000000 0.000000
14936.000000 0.000000
14938.000000 0.000000
14940.000000 0.000000
14942.000000 0.000000
14944.000000 0.000000
14946.000000 0.000000
14948.000000 0.000000
14950.000000 0.000000
14952.000000 -2.333718
14954.000000 -1.167393
14956.000000 -0.001068
14958.000000 0.000000
14960.000000 0.000000
14962.000000 0.000000
14964.000000 0.000000
14966.000000 0.000000
14968.000000 -2.333718
14970.000000 -0.579779
14972.000000 0.000000
14974.000000 0.000000
14976.000000 0.000000
14978.000000 0.000000
14980.000000 0.000000
14982.000000 0.000000
14984.000000 0.000000
14986.000000 0.000000
14988.000000 0.000000
14990.000000 0.000000
14992.000000 0.000000
14994.000000 0.000000
14996.000000 0.000000
14998.000000 0.000000
15000.000000 0.000000
15002.000000 0.000000
15004.000000 0.000000
15006.000000 0.000000
15008.000000 0.000000
15010.000000 0.000000
15012.000000 0.000000
15014.000000 0.000000
15016.000000 0.000000
15018.000000 0.000000
15020.000000 0.000000
15022.000000 0.000000
15024.000000 0.000000
15026.000000 0.000000
15028.000000 0.000000
15030.000000 0.000000
15032.000000 0.000000
15034.000000 0.000000
15036.000000 0.000000
15038.000000 0.000000
15040.000000 0.000000
15042.000000 0.000000
15044.000000 0.000000
15046.000000 0.000000
15048.000000 0.000000
15050.000000 0.000000
15052.000000 0.000000
15054.000000 0.000000
15056.000000 0.000000
15058.000000 0.000000
15060.000000 0.000000
15062.000000 0.000000
15064.000000 0.000000
15066.000000 0.000000
15068.000000 0.000000
15070.000000 0.000000
15072.000000 -2.333718
15074.000000 0.000000
15076.000000 0.000000
15078.000000 0.000000
15080.000000 0.000000
15082.000000 0.000000
15084.000000 0.000000
15086.000000 0.000000
15088.000000 0.000000
15090.000000 0.000000
15092.000000 -0.001068
15094.000000 -1.167393
15096.000000 -2.333718
15098.000000 -4.666367
15100.000000 -7.007919
15102.000000 -9.340568
15104.000000 -11.673217
15106.000000 -12.839542
15108.000000 -14.005867
15110.000000 -12.839542
15112.000000 -11.673217
15114.000000 -14.005867
15116.000000 -16.338516
15118.000000 -17.504840
15120.000000 -18.671165
15122.000000 -15.172191
15124.000000 -11.673217
15126.000000 -15.172191
15128.000000 -18.671165
15130.000000 -19.062907
15132.000000 -19.445747
15134.000000 -19.837489
15136.000000 -20.229232
15138.000000 -20.612071
15140.000000 -21.003814
15142.000000 -18.671165
15144.000000 -16.338516
15146.000000 -15.172191
15148.000000 -14.005867
15150.000000 -12.830639
15152.000000 -11.664314
15154.000000 -10.497990
15156.000000 -9.331665
15158.000000 -11.085603
15160.000000 -12.830639
15162.000000 -14.584577
15164.000000 -16.338516
15166.000000 -17.504840
15168.000000 -18.671165
15170.000000 -16.338516
15172.000000 -14.005867
15174.000000 -17.504840
15176.000000 -21.003814
15178.000000 -19.837489
15180.000000 -18.671165
15182.000000 -21.003814
15184.000000 -23.336463
15186.000000 -21.003814
15188.000000 -18.671165
15190.000000 -15.172191
15192.000000 -11.673217
15194.000000 -10.506893
15196.000000 -9.340568
15198.000000 -8.165340
15200.000000 -6.999016
15202.000000 -5.832691
15204.000000 -4.666367
15206.000000 -1.167393
15208.000000 0.000000
15210.000000 0.000000
15212.000000 -0.001068
15214.000000 0.000000
15216.000000 0.000000
15218.000000 0.000000
15220.000000 0.000000
15222.000000 0.000000
15224.000000 0.000000
15226.000000 0.000000
15228.000000 0.000000
15230.000000 0.000000
15232.000000 0.000000
15234.000000 0.000000
15236.000000 0.000000
15238.000000 0.000000
15240.000000 0.000000
15242.000000 0.000000
15244.000000 0.000000
15246.000000 0.000000
15248.000000 0.000000
15250.000000 0.000000
15252.000000 0.000000
15254.000000 0.000000
15256.000000 0.000000
15258.000000 0.000000
15260.000000 0.000000
15262.000000 0.000000
15264.000000 0.000000
15266.000000 0.000000
15268.000000 0.000000
15270.000000 0.000000
15272.000000 0.000000
15274.000000 0.000000
15276.000000 2.828559
15278.000000 1.414927
15280.000000 0.001295
15282.000000 0.000000
15284.000000 0.000000
15286.000000 0.000000
15288.000000 0.000000
15290.000000 0.000000
15292.000000 0.000000
15294.000000 0.000000
15296.000000 0.000000
15298.000000 0.000000
15300.000000 0.000000
15302.000000 0.000000
15304.000000 0.001295
15306.000000 0.000000
15308.000000 0.000000
15310.000000 0.000000
15312.000000 0.000000
15314.000000 0.000000
15316.000000 0.000000
15318.000000 0.000000
15320.000000 0.000000
15322.000000 0.000000
15324.000000 0.001295
15326.000000 2.828559
15328.000000 5.655823
15330.000000 4.242191
15332.000000 2.828559
15334.000000 0.001295
15336.000000 0.000000
15338.000000 4.242191
15340.000000 11.310351
15342.000000 18.378511
15344.000000 25.457463
15346.000000 24.745251
15348.000000 24.043831
15350.000000 23.342410
15352.000000 22.630199
15354.000000 18.389303
15356.000000 14.148406
15358.000000 12.723983
15360.000000 11.310351
15362.000000 7.069455
15364.000000 2.828559
15366.000000 4.242191
15368.000000 5.655823
15370.000000 9.896719
15372.000000 14.148406
15374.000000 11.321142
15376.000000 8.483087
15378.000000 4.242191
15380.000000 0.001295
15382.000000 0.000000
15384.000000 0.000000
15386.000000 0.000000
15388.000000 0.000000
15390.000000 0.000000
15392.000000 0.000000
15394.000000 0.000000
15396.000000 0.000000
15398.000000 0.000000
15400.000000 0.000000
15402.000000 0.000000
15404.000000 0.000000
15406.000000 0.000000
15408.000000 0.000000
15410.000000 0.000000
15412.000000 0.000000
15414.000000 0.000000
15416.000000 0.000000
15418.000000 0.000000
15420.000000 0.000000
15422.000000 0.000000
15424.000000 0.000000
15426.000000 0.000000
15428.000000 0.000000
15430.000000 0.000000
15432.000000 0.000000
15434.000000 0.000000
15436.000000 0.000000
15438.000000 0.000000
15440.000000 0.000000
15442.000000 0.000000
15444.000000 0.000000
15446.000000 0.000000
15448.000000 0.000000
15450.000000 0.000000
15452.000000 0.000000
15454.000000 0.000000
15456.000000 0.000000
15458.000000 0.000000
15460.000000 0.000000
15462.000000 0.000000
15464.000000 0.000000
15466.000000 0.000000
15468.000000 0.000000
15470.000000 0.000000
15472.000000 0.000000
15474.000000 0.000000
15476.000000 0.000000
15478.000000 0.000000
15480.000000 0.000000
15482.000000 0.000000
15484.000000 0.000000
15486.000000 0.000000
15488.000000 0.000000
15490.000000 0.000000
15492.000000 0.000000
15494.000000 0.000000
15496.000000 0.000000
15498.000000 0.000000
15500.000000 0.000000
15502.000000 0.000000
15504.000000 0.000000
15506.000000 0.000000
15508.000000 0.000000
15510.000000 0.000000
15512.000000 0.000000
15514.000000 0.000000
15516.000000 0.000000
15518.000000 0.000000
15520.000000 0.000000
15522.000000 0.000000
15524.000000 0.000000
15526.000000 0.000000
15528.000000 0.000000
15530.000000 0.000000
15532.000000 0.000000
15534.000000 0.000000
15536.000000 0.000000
15538.000000 0.000000
15540.000000 0.000000
15542.000000 0.000000
15544.000000 0.000000
15546.000000 0.000000
15548.000000 0.000000
15550.000000 0.000000
15552.000000 0.000000
15554.000000 0.000000
15556.000000 0.000000
15558.000000 0.000000
15560.000000 0.000000
15562.000000 0.000000
15564.000000 0.000000
15566.000000 0.000000
15568.000000 0.000000
15570.000000 0.000000
15572.000000 0.000000
15574.000000 0.000000
15576.000000 0.000000
15578.000000 0.000000
15580.000000 0.000000
15582.000000 0.000000
15584.000000 0.000000
15586.000000 0.000000
15588.000000 0.000000
15590.000000 0.000000
15592.000000 0.000000
15594.000000 0.000000
15596.000000 0.000000
15598.000000 0.000000
15600.000000 0.000000
15602.000000 0.000000
15604.000000 0.000000
15606.000000 0.000000
15608.000000 0.000000
15610.000000 0.000000
15612.000000 0.000000
15614.000000 0.000000
15616.000000 0.000000
15618.000000 0.000000
15620.000000 0.000000
15622.000000 0.000000
15624.000000 0.000000
15626.000000 0.000000
15628.000000 0.000000
15630.000000 0.000000
15632.000000 0.000000
15634.000000 0.000000
15636.000000 0.000000
15638.000000 0.000000
15640.000000 0.000000
15642.000000 0.000000
15644.000000 0.000000
15646.000000 0.000000
15648.000000 0.000000
15650.000000 0.000000
15652.000000 0.000000
15654.000000 0.000000
15656.000000 0.000000
15658.000000 0.000000
15660.000000 0.000000
15662.000000 0.000000
15664.000000 0.000000
15666.000000 0.000000
15668.000000 0.000000
15670.000000 0.000000
15672.000000 0.000000
15674.000000 0.000000
15676.000000 0.000000
15678.000000 0.000000
15680.000000 0.000000
15682.000000 0.000000
15684.000000 0.000000
15686.000000 0.000000
15688.000000 0.000000
15690.000000 0.000000
15692.000000 0.000000
15694.000000 0.000000
15696.000000 0.000000
15698.000000 0.000000
15700.000000 0.000000
15702.000000 0.000000
15704.000000 0.000000
15706.000000 0.000000
15708.000000 0.000000
15710.000000 0.000000
15712.000000 0.000000
15714.000000 0.000000
15716.000000 0.000000
15718.000000 0.000000
15720.000000 0.000000
15722.000000 0.000000
15724.000000 2.828559
15726.000000 8.493878
15728.000000 14.148406
15730.000000 16.975671
15732.000000 19.802935
15734.000000 18.389303
15736.000000 16.975671
15738.000000 12.723983
15740.000000 8.483087
15742.000000 2.828559
15744.000000 0.000000
15746.000000 0.000000
15748.000000 0.000000
15750.000000 0.000000
15752.000000 0.000000
15754.000000 0.000000
15756.000000 0.000000
15758.000000 0.000000
15760.000000 0.000000
15762.000000 0.000000
15764.000000 0.000000
15766.000000 0.000000
15768.000000 0.000000
15770.000000 0.000000
15772.000000 0.000000
15774.000000 0.000000
15776.000000 0.000000
15778.000000 0.000000
15780.000000 0.000000
15782.000000 0.000000
15784.000000 0.000000
15786.000000 0.000000
15788.000000 0.000000
15790.000000 0.000000
15792.000000 0.000000
15794.000000 0.000000
15796.000000 0.000000
15798.000000 0.000000
15800.000000 0.000000
15802.000000 0.000000
15804.000000 0.000000
15806.000000 0.000000
15808.000000 0.000000
15810.000000 0.000000
15812.000000 0.000000
15814.000000 0.000000
15816.000000 0.000000
15818.000000 0.000000
15820.000000 0.000000
15822.000000 0.000000
15824.000000 0.000000
15826.000000 0.000000
15828.000000 0.000000
15830.000000 0.000000
15832.000000 0.000000
15834.000000 0.000000
15836.000000 0.000000
15838.000000 0.000000
15840.000000 0.000000
15842.000000 0.000000
15844.000000 0.000000
15846.000000 0.000000
15848.000000 0.000000
15850.000000 0.000000
15852.000000 0.000000
15854.000000 0.000000
15856.000000 0.000000
15858.000000 0.000000
15860.000000 0.000000
15862.000000 0.000000
15864.000000 0.000000
15866.000000 0.000000
15868.000000 0.000000
15870.000000 0.000000
15872.000000 0.000000
15874.000000 0.000000
15876.000000 0.000000
15878.000000 0.000000
15880.000000 0.000000
15882.000000 0.000000
15884.000000 0.000000
15886.000000 0.000000
15888.000000 0.000000
15890.000000 0.000000
15892.000000 0.000000
15894.000000 0.000000
15896.000000 0.000000
15898.000000 0.000000
15900.000000 0.000000
15902.000000 -0.579779
15904.000000 -2.333718
15906.000000 -1.755007
15908.000000 -1.167393
15910.000000 -0.579779
15912.000000 -0.001068
15914.000000 0.000000
15916.000000 0.000000
15918.000000 0.000000
15920.000000 0.000000
15922.000000 0.000000
15924.000000 -2.333718
15926.000000 -1.941975
15928.000000 -1.559136
15930.000000 -1.167393
15932.000000 -0.775650
15934.000000 -0.392811
15936.000000 -0.001068
15938.000000 0.000000
15940.000000 0.000000
15942.000000 0.000000
15944.000000 0.000000
15946.000000 0.000000
15948.000000 0.000000
15950.000000 0.000000
15952.000000 0.000000
15954.000000 0.000000
15956.000000 0.000000
15958.000000 0.000000
15960.000000 0.000000
15962.000000 0.000000
15964.000000 0.000000
15966.000000 0.000000
15968.000000 0.000000
15970.000000 0.000000
15972.000000 0.000000
15974.000000 0.000000
15976.000000 0.000000
15978.000000 0.000000
15980.000000 0.000000
15982.000000 0.000000
15984.000000 0.000000
15986.000000 0.000000
15988.000000 0.000000
15990.000000 0.000000
15992.000000 0.000000
15994.000000 0.000000
15996.000000 0.000000
15998.000000 0.000000
16000.000000 0.000000
16002.000000 0.000000
16004.000000 0.000000
16006.000000 0.000000
16008.000000 0.000000
16010.000000 0.000000
16012.000000 0.000000
16014.000000 0.000000
16016.000000 0.000000
16018.000000 0.000000
16020.000000 0.000000
16022.000000 0.000000
16024.000000 0.000000
16026.000000 0.000000
16028.000000 0.000000
16030.000000 0.000000
16032.000000 -0.001068
16034.000000 0.000000
16036.000000 0.000000
16038.000000 0.000000
16040.000000 0.000000
16042.000000 0.000000
16044.000000 0.000000
16046.000000 0.000000
16048.000000 0.000000
16050.000000 0.000000
16052.000000 0.000000
16054.000000 0.000000
16056.000000 0.000000
16058.000000 0.000000
16060.000000 0.000000
16062.000000 0.000000
16064.000000 0.000000
16066.000000 0.000000
16068.000000 0.000000
16070.000000 0.000000
16072.000000 0.000000
16074.000000 0.000000
16076.000000 0.000000
16078.000000 0.000000
16080.000000 0.000000
16082.000000 0.000000
16084.000000 0.000000
16086.000000 0.000000
16088.000000 0.000000
16090.000000 0.000000
16092.000000 0.000000
16094.000000 0.000000
16096.000000 0.000000
16098.000000 0.000000
16100.000000 0.000000
16102.000000 0.000000
16104.000000 0.000000
16106.000000 0.000000
16108.000000 0.000000
16110.000000 0.000000
16112.000000 0.000000
16114.000000 0.000000
16116.000000 0.000000
16118.000000 0.000000
16120.000000 0.000000
16122.000000 0.000000
16124.000000 0.000000
16126.000000 0.000000
16128.000000 0.000000
16130.000000 0.000000
16132.000000 0.000000
16134.000000 0.000000
16136.000000 0.000000
16138.000000 0.000000
16140.000000 0.000000
16142.000000 0.000000
16144.000000 0.000000
16146.000000 0.000000
16148.000000 0.000000
16150.000000 0.000000
16152.000000 0.000000
16154.000000 0.000000
16156.000000 0.000000
16158.000000 0.000000
16160.000000 0.000000
16162.000000 0.000000
16164.000000 0.000000
16166.000000 0.000000
16168.000000 0.000000
16170.000000 0.000000
16172.000000 0.000000
16174.000000 0.000000
16176.000000 0.000000
16178.000000 0.000000
16180.000000 0.000000
16182.000000 0.000000
16184.000000 0.000000
16186.000000 0.000000
16188.000000 0.000000
16190.000000 0.000000
16192.000000 0.000000
16194.000000 0.000000
16196.000000 0.000000
16198.000000 0.000000
16200.000000 0.000000
16202.000000 0.000000
16204.000000 0.000000
16206.000000 0.000000
16208.000000 0.000000
16210.000000 0.000000
16212.000000 0.000000
16214.000000 0.000000
16216.000000 0.000000
16218.000000 0.000000
16220.000000 0.000000
16222.000000 0.000000
16224.000000 0.000000
16226.000000 0.000000
16228.000000 0.000000
16230.000000 0.000000
16232.000000 0.000000
16234.000000 0.000000
16236.000000 0.000000
16238.000000 0.000000
16240.000000 0.000000
16242.000000 0.000000
16244.000000 0.000000
16246.000000 0.000000
16248.000000 0.000000
16250.000000 0.000000
16252.000000 0.000000
16254.000000 0.000000
16256.000000 0.000000
16258.000000 0.000000
16260.000000 0.001295
16262.000000 4.242191
16264.000000 8.483087
16266.000000 5.655823
16268.000000 2.828559
16270.000000 0.000000
16272.000000 0.000000
16274.000000 0.000000
16276.000000 0.000000
16278.000000 0.000000
16280.000000 0.000000
16282.000000 0.000000
16284.000000 0.000000
16286.000000 0.001295
16288.000000 5.655823
16290.000000 4.242191
16292.000000 2.828559
16294.000000 3.303367
16296.000000 3.767383
16298.000000 4.242191
16300.000000 4.716999
16302.000000 5.181015
16304.000000 5.655823
16306.000000 11.321142
16308.000000 16.975671
16310.000000 12.723983
16312.000000 8.483087
16314.000000 4.242191
16316.000000 0.001295
16318.000000 4.242191
16320.000000 8.483087
16322.000000 9.896719
16324.000000 11.310351
16326.000000 12.723983
16328.000000 14.148406
16330.000000 19.802935
16332.000000 25.457463
16334.000000 28.284727
16336.000000 31.111991
16338.000000 29.698359
16340.000000 28.284727
16342.000000 26.871095
16344.000000 25.457463
16346.000000 22.630199
16348.000000 19.802935
16350.000000 16.975671
16352.000000 14.148406
16354.000000 15.562038
16356.000000 16.975671
16358.000000 18.389303
16360.000000 19.802935
16362.000000 22.630199
16364.000000 25.457463
16366.000000 22.630199
16368.000000 19.802935
16370.000000 14.148406
16372.000000 8.483087
16374.000000 1.414927
16376.000000 0.000000
16378.000000 0.000000
16380.000000 0.000000
16382.000000 0.000000
16384.000000 0.000000
16386.000000 0.000000
16388.000000 0.000000
16390.000000 0.000000
16392.000000 0.000000
16394.000000 0.000000
16396.000000 0.000000
16398.000000 0.000000
16400.000000 0.000000
16402.000000 0.000000
16404.000000 0.000000
16406.000000 0.000000
16408.000000 0.000000
16410.000000 0.000000
16412.000000 0.000000
16414.000000 0.000000
16416.000000 0.000000
16418.000000 0.000000
16420.000000 0.000000
16422.000000 0.000000
16424.000000 0.000000
16426.000000 0.000000
16428.000000 0.000000
16430.000000 0.000000
16432.000000 0.000000
16434.000000 0.000000
16436.000000 0.000000
16438.000000 0.000000
16440.000000 0.000000
16442.000000 0.000000
16444.000000 0.000000
16446.000000 0.000000
16448.000000 0.000000
16450.000000 0.000000
16452.000000 0.000000
16454.000000 0.000000
16456.000000 0.000000
16458.000000 0.000000
16460.000000 0.000000
16462.000000 0.000000
16464.000000 0.000000
16466.000000 0.000000
16468.000000 0.000000
16470.000000 0.000000
16472.000000 0.000000
16474.000000 0.000000
16476.000000 0.000000
16478.000000 0.000000
16480.000000 0.000000
16482.000000 0.000000
16484.000000 0.000000
16486.000000 0.000000
16488.000000 0.000000
16490.000000 0.000000
16492.000000 0.000000
16494.000000 0.000000
16496.000000 0.000000
16498.000000 0.000000
16500.000000 0.000000
16502.000000 0.000000
16504.000000 0.000000
16506.000000 0.000000
16508.000000 0.000000
16510.000000 0.000000
16512.000000 0.000000
16514.000000 0.000000
16516.000000 0.000000
16518.000000 0.000000
16520.000000 0.000000
16522.000000 0.000000
16524.000000 0.000000
16526.000000 0.000000
16528.000000 0.000000
16530.000000 0.000000
16532.000000 0.000000
16534.000000 0.000000
16536.000000 0.000000
16538.000000 0.000000
16540.000000 0.000000
16542.000000 0.000000
16544.000000 0.000000
16546.000000 0.000000
16548.000000 -6.999016
16550.000000 -3.500042
16552.000000 -0.001068
16554.000000 0.000000
16556.000000 0.000000
16558.000000 0.000000
16560.000000 0.000000
16562.000000 0.000000
16564.000000 0.000000
16566.000000 0.000000
16568.000000 0.000000
16570.000000 0.000000
16572.000000 0.000000
16574.000000 0.000000
16576.000000 0.000000
16578.000000 0.000000
16580.000000 0.000000
16582.000000 0.000000
16584.000000 0.000000
16586.000000 0.000000
16588.000000 0.000000
16590.000000 0.000000
16592.000000 0.000000
16594.000000 0.000000
16596.000000 0.000000
16598.000000 0.000000
16600.000000 0.000000
16602.000000 0.000000
16604.000000 0.000000
16606.000000 0.000000
16608.000000 0.000000
16610.000000 0.000000
16612.000000 0.000000
16614.000000 0.000000
16616.000000 0.000000
16618.000000 0.000000
16620.000000 0.000000
16622.000000 0.000000
16624.000000 0.000000
16626.000000 0.000000
16628.000000 0.000000
16630.000000 0.000000
16632.000000 0.000000
16634.000000 0.000000
16636.000000 0.000000
16638.000000 0.000000
16640.000000 0.000000
16642.000000 0.000000
16644.000000 0.000000
16646.000000 0.000000
16648.000000 0.000000
16650.000000 0.000000
16652.000000 0.000000
16654.000000 0.000000
16656.000000 0.000000
16658.000000 0.000000
16660.000000 0.000000
16662.000000 0.000000
16664.000000 0.000000
16666.000000 0.000000
16668.000000 0.000000
16670.000000 0.000000
16672.000000 0.000000
16674.000000 0.000000
16676.000000 0.000000
16678.000000 0.000000
16680.000000 0.000000
16682.000000 0.000000
16684.000000 0.000000
16686.000000 0.000000
16688.000000 0.000000
16690.000000 0.000000
16692.000000 0.000000
16694.000000 0.000000
16696.000000 0.000000
16698.000000 0.000000
16700.000000 0.000000
16702.000000 0.000000
16704.000000 0.000000
16706.000000 0.000000
16708.000000 0.000000
16710.000000 0.000000
16712.000000 0.000000
16714.000000 0.001295
16716.000000 2.828559
16718.000000 0.001295
16720.000000 0.000000
16722.000000 1.414927
16724.000000 5.655823
16726.000000 8.483087
16728.000000 11.310351
16730.000000 5.655823
16732.000000 0.001295
16734.000000 4.242191
16736.000000 8.493878
16738.000000 12.734774
16740.000000 16.975671
16742.000000 19.802935
16744.000000 22.630199
16746.000000 24.043831
16748.000000 25.457463
16750.000000 26.871095
16752.000000 28.284727
16754.000000 32.536414
16756.000000 36.777310
16758.000000 35.363678
16760.000000 33.950046
16762.000000 29.709150
16764.000000 25.457463
16766.000000 24.043831
16768.000000 22.630199
16770.000000 21.216567
16772.000000 19.802935
16774.000000 16.975671
16776.000000 14.148406
16778.000000 16.975671
16780.000000 19.802935
16782.000000 21.216567
16784.000000 22.630199
16786.000000 25.457463
16788.000000 28.284727
16790.000000 26.871095
16792.000000 25.457463
16794.000000 24.043831
16796.000000 22.630199
16798.000000 19.802935
16800.000000 16.975671
16802.000000 14.148406
16804.000000 11.310351
16806.000000 8.483087
16808.000000 5.655823
16810.000000 2.828559
16812.000000 0.001295
16814.000000 0.000000
16816.000000 0.000000
16818.000000 0.000000
16820.000000 0.000000
16822.000000 0.000000
16824.000000 0.000000
16826.000000 0.000000
16828.000000 0.000000
16830.000000 0.000000
16832.000000 0.000000
16834.000000 0.000000
16836.000000 0.000000
16838.000000 0.000000
16840.000000 0.000000
16842.000000 0.000000
16844.000000 0.000000
16846.000000 0.000000
16848.000000 0.000000
16850.000000 0.000000
16852.000000 0.000000
16854.000000 0.000000
16856.000000 0.000000
16858.000000 0.000000
16860.000000 0.000000
16862.000000 0.000000
16864.000000 0.000000
16866.000000 0.000000
16868.000000 0.000000
16870.000000 0.000000
16872.000000 0.000000
16874.000000 0.000000
16876.000000 0.000000
16878.000000 0.000000
16880.000000 0.000000
16882.000000 0.000000
16884.000000 0.000000
16886.000000 0.000000
16888.000000 0.000000
16890.000000 0.000000
16892.000000 0.000000
16894.000000 0.000000
16896.000000 0.000000
16898.000000 0.000000
16900.000000 0.000000
16902.000000 0.000000
16904.000000 0.000000
16906.000000 0.000000
16908.000000 0.000000
16910.000000 0.000000
16912.000000 0.000000
16914.000000 0.000000
16916.000000 -0.001068
16918.000000 -3.500042
16920.000000 -6.999016
16922.000000 -5.832691
16924.000000 -4.666367
16926.000000 -1.167393
16928.000000 0.000000
16930.000000 0.000000
16932.000000 0.000000
16934.000000 0.000000
16936.000000 0.000000
16938.000000 0.000000
16940.000000 0.000000
16942.000000 0.000000
16944.000000 0.000000
16946.000000 0.000000
16948.000000 0.000000
16950.000000 0.000000
16952.000000 0.000000
16954.000000 0.000000
16956.000000 0.000000
16958.000000 0.000000
16960.000000 0.000000
16962.000000 0.000000
16964.000000 0.000000
16966.000000 0.000000
16968.000000 0.000000
16970.000000 0.000000
16972.000000 0.000000
16974.000000 0.000000
16976.000000 0.000000
16978.000000 0.000000
16980.000000 0.000000
16982.000000 0.000000
16984.000000 0.000000
16986.000000 0.000000
16988.000000 0.000000
16990.000000 0.000000
16992.000000 0.000000
16994.000000 0.000000
16996.000000 0.000000
16998.000000 0.000000
17000.000000 0.000000
17002.000000 0.000000
17004.000000 0.000000
17006.000000 0.000000
17008.000000 0.000000
17010.000000 0.000000
17012.000000 0.000000
17014.000000 0.000000
17016.000000 0.000000
17018.000000 0.000000
17020.000000 0.000000
17022.000000 0.000000
17024.000000 0.000000
17026.000000 0.000000
17028.000000 0.000000
17030.000000 0.000000
17032.000000 0.000000
17034.000000 0.000000
17036.000000 0.000000
17038.000000 0.000000
17040.000000 0.000000
17042.000000 0.000000
17044.000000 0.000000
17046.000000 0.000000
17048.000000 0.000000
17050.000000 0.000000
17052.000000 0.000000
17054.000000 0.000000
17056.000000 0.000000
17058.000000 0.000000
17060.000000 0.000000
17062.000000 0.000000
17064.000000 0.000000
17066.000000 0.000000
17068.000000 0.000000
17070.000000 0.000000
17072.000000 0.000000
17074.000000 0.000000
17076.000000 0.000000
17078.000000 0.000000
17080.000000 0.000000
17082.000000 0.000000
17084.000000 0.000000
17086.000000 0.000000
17088.000000 0.000000
17090.000000 0.000000
17092.000000 0.000000
17094.000000 0.000000
17096.000000 0.000000
17098.000000 0.000000
17100.000000 0.000000
17102.000000 0.000000
17104.000000 0.000000
17106.000000 0.000000
17108.000000 0.000000
17110.000000 0.000000
17112.000000 0.000000
17114.000000 0.000000
17116.000000 0.000000
17118.000000 0.000000
17120.000000 0.000000
17122.000000 0.000000
17124.000000 0.000000
17126.000000 0.000000
17128.000000 0.000000
17130.000000 0.000000
17132.000000 0.000000
17134.000000 0.000000
17136.000000 0.000000
17138.000000 0.000000
17140.000000 0.000000
17142.000000 0.000000
17144.000000 0.000000
17146.000000 0.000000
17148.000000 0.000000
17150.000000 0.000000
17152.000000 0.000000
17154.000000 0.000000
17156.000000 0.000000
17158.000000 0.000000
17160.000000 0.000000
17162.000000 0.000000
17164.000000 0.000000
17166.000000 0.000000
17168.000000 0.000000
17170.000000 0.000000
17172.000000 0.000000
17174.000000 0.000000
17176.000000 0.000000
17178.000000 0.000000
17180.000000 0.000000
17182.000000 0.000000
17184.000000 0.000000
17186.000000 0.000000
17188.000000 0.000000
17190.000000 0.000000
17192.000000 0.000000
17194.000000 0.000000
17196.000000 0.000000
17198.000000 0.000000
17200.000000 2.828559
17202.000000 4.242191
17204.000000 5.655823
17206.000000 4.242191
17208.000000 2.828559
17210.000000 0.000000
17212.000000 0.000000
17214.000000 0.000000
17216.000000 0.000000
17218.000000 0.000000
17220.000000 0.000000
17222.000000 0.000000
17224.000000 0.000000
17226.000000 0.000000
17228.000000 0.000000
17230.000000 0.000000
17232.000000 0.000000
17234.000000 0.000000
17236.000000 0.000000
17238.000000 0.000000
17240.000000 0.000000
17242.000000 0.000000
17244.000000 0.000000
17246.000000 0.000000
17248.000000 0.000000
17250.000000 0.000000
17252.000000 0.000000
17254.000000 0.000000
17256.000000 0.000000
17258.000000 0.000000
17260.000000 0.000000
17262.000000 0.000000
17264.000000 0.000000
17266.000000 0.000000
17268.000000 0.000000
17270.000000 0.000000
17272.000000 0.000000
17274.000000 0.000000
17276.000000 0.000000
17278.000000 0.000000
17280.000000 0.000000
17282.000000 0.000000
17284.000000 0.000000
17286.000000 0.000000
17288.000000 0.000000
17290.000000 0.000000
17292.000000 0.000000
17294.000000 0.000000
17296.000000 0.000000
17298.000000 0.000000
17300.000000 0.000000
17302.000000 0.000000
17304.000000 0.000000
17306.000000 0.000000
17308.000000 0.000000
17310.000000 0.000000
17312.000000 0.000000
17314.000000 0.000000
17316.000000 0.000000
17318.000000 0.000000
17320.000000 0.000000
17322.000000 0.000000
17324.000000 0.000000
17326.000000 0.000000
17328.000000 0.000000
17330.000000 0.000000
17332.000000 0.000000
17334.000000 0.000000
17336.000000 0.000000
17338.000000 0.000000
17340.000000 0.000000
17342.000000 0.000000
17344.000000 0.000000
17346.000000 0.000000
17348.000000 0.000000
17350.000000 0.000000
17352.000000 0.000000
17354.000000 0.000000
17356.000000 0.000000
17358.000000 0.000000
17360.000000 0.000000
17362.000000 0.000000
17364.000000 0.000000
17366.000000 0.000000
17368.000000 0.000000
17370.000000 0.000000
17372.000000 0.000000
17374.000000 0.000000
17376.000000 0.000000
17378.000000 0.000000
17380.000000 0.000000
17382.000000 0.000000
17384.000000 0.000000
17386.000000 0.000000
17388.000000 0.000000
17390.000000 0.000000
17392.000000 0.000000
17394.000000 0.000000
17396.000000 0.000000
17398.000000 0.000000
17400.000000 0.000000
17402.000000 0.000000
17404.000000 0.000000
17406.000000 0.000000
17408.000000 0.000000
17410.000000 0.000000
17412.000000 0.000000
17414.000000 0.000000
17416.000000 0.000000
17418.000000 0.000000
17420.000000 0.000000
17422.000000 0.000000
17424.000000 0.000000
17426.000000 0.000000
17428.000000 0.000000
17430.000000 0.000000
17432.000000 0.000000
17434.000000 0.000000
17436.000000 0.000000
17438.000000 0.000000
17440.000000 0.000000
17442.000000 0.000000
17444.000000 0.000000
17446.000000 0.000000
17448.000000 0.000000
17450.000000 0.000000
17452.000000 0.000000
17454.000000 0.000000
17456.000000 0.000000
17458.000000 0.000000
17460.000000 0.000000
17462.000000 0.000000
17464.000000 0.000000
17466.000000 0.000000
17468.000000 0.000000
17470.000000 0.000000
17472.000000 0.000000
17474.000000 0.000000
17476.000000 0.000000
17478.000000 0.000000
17480.000000 0.000000
17482.000000 0.000000
17484.000000 0.000000
17486.000000 0.000000
17488.000000 0.000000
17490.000000 0.000000
17492.000000 0.000000
17494.000000 0.000000
17496.000000 0.000000
17498.000000 0.000000
17500.000000 0.000000
17502.000000 0.000000
17504.000000 0.000000
17506.000000 0.000000
17508.000000 0.000000
17510.000000 0.000000
17512.000000 0.000000
17514.000000 0.000000
17516.000000 0.000000
17518.000000 0.000000
17520.000000 0.000000
17522.000000 0.000000
17524.000000 0.000000
17526.000000 0.000000
17528.000000 0.000000
17530.000000 0.000000
17532.000000 0.000000
17534.000000 0.000000
17536.000000 0.000000
17538.000000 0.000000
17540.000000 0.000000
17542.000000 0.000000
17544.000000 0.000000
17546.000000 0.000000
17548.000000 0.000000
17550.000000 0.000000
17552.000000 0.000000
17554.000000 0.000000
17556.000000 0.000000
17558.000000 0.000000
17560.000000 0.000000
17562.000000 0.000000
17564.000000 0.000000
17566.000000 0.000000
17568.000000 0.000000
17570.000000 0.000000
17572.000000 0.000000
17574.000000 0.000000
17576.000000 0.000000
17578.000000 0.000000
17580.000000 0.000000
17582.000000 0.000000
17584.000000 0.000000
17586.000000 0.000000
17588.000000 0.000000
17590.000000 0.000000
17592.000000 0.000000
17594.000000 0.000000
17596.000000 0.000000
17598.000000 0.000000
17600.000000 0.000000
17602.000000 0.000000
17604.000000 0.000000
17606.000000 0.000000
17608.000000 0.000000
17610.000000 0.000000
17612.000000 0.000000
17614.000000 0.000000
17616.000000 0.000000
17618.000000 0.000000
17620.000000 0.000000
17622.000000 0.000000
17624.000000 0.000000
17626.000000 0.000000
17628.000000 0.000000
17630.000000 0.000000
17632.000000 0.000000
17634.000000 0.000000
17636.000000 0.000000
17638.000000 0.000000
17640.000000 0.000000
17642.000000 0.000000
17644.000000 0.000000
17646.000000 0.000000
17648.000000 0.000000
17650.000000 0.000000
17652.000000 0.000000
17654.000000 0.000000
17656.000000 0.000000
17658.000000 0.000000
17660.000000 0.000000
17662.000000 0.000000
17664.000000 0.000000
17666.000000 0.000000
17668.000000 0.000000
17670.000000 0.000000
17672.000000 0.000000
17674.000000 0.000000
17676.000000 0.000000
17678.000000 0.000000
17680.000000 0.000000
17682.000000 0.000000
17684.000000 0.000000
17686.000000 0.000000
17688.000000 0.000000
17690.000000 0.000000
17692.000000 0.000000
17694.000000 0.000000
17696.000000 0.000000
17698.000000 0.000000
17700.000000 0.000000
17702.000000 0.000000
17704.000000 0.000000
17706.000000 0.000000
17708.000000 0.000000
17710.000000 0.000000
17712.000000 0.000000
17714.000000 0.000000
17716.000000 0.000000
17718.000000 0.000000
17720.000000 0.000000
17722.000000 0.000000
17724.000000 0.000000
17726.000000 0.000000
17728.000000 0.000000
17730.000000 0.000000
17732.000000 0.000000
17734.000000 0.000000
17736.000000 0.000000
17738.000000 0.000000
17740.000000 0.000000
17742.000000 0.000000
17744.000000 0.000000
17746.000000 0.000000
17748.000000 0.000000
17750.000000 -0.001068
17752.000000 -4.666367
17754.000000 -2.912428
17756.000000 -1.167393
17758.000000 0.000000
17760.000000 0.000000
17762.000000 0.000000
17764.000000 -0.001068
17766.000000 -1.167393
17768.000000 -2.333718
17770.000000 -3.500042
17772.000000 -4.666367
17774.000000 -4.274624
17776.000000 -3.891785
17778.000000 -3.500042
17780.000000 -3.108300
17782.000000 -2.725460
17784.000000 -2.333718
17786.000000 -0.001068
17788.000000 0.000000
17790.000000 0.000000
17792.000000 0.000000
17794.000000 0.000000
17796.000000 -0.001068
17798.000000 -2.333718
17800.000000 -4.666367
17802.000000 -8.165340
17804.000000 -11.673217
17806.000000 -15.172191
17808.000000 -18.671165
17810.000000 -21.003814
17812.000000 -23.336463
17814.000000 -22.170139
17816.000000 -21.003814
17818.000000 -17.504840
17820.000000 -14.005867
17822.000000 -15.172191
17824.000000 -16.338516
17826.000000 -17.504840
17828.000000 -18.671165
17830.000000 -21.003814
17832.000000 -23.336463
17834.000000 -23.924077
17836.000000 -24.502788
17838.000000 -25.081498
17840.000000 -25.669112
17842.000000 -24.502788
17844.000000 -23.336463
17846.000000 -21.003814
17848.000000 -18.671165
17850.000000 -16.926130
17852.000000 -15.172191
17854.000000 -13.418253
17856.000000 -11.673217
17858.000000 -5.832691
17860.000000 -0.001068
17862.000000 -3.500042
17864.000000 -6.999016
17866.000000 -8.165340
17868.000000 -9.331665
17870.000000 -11.673217
17872.000000 -14.005867
17874.000000 -10.497990
17876.000000 -6.999016
17878.000000 -8.752954
17880.000000 -10.497990
17882.000000 -12.251928
17884.000000 -14.005867
17886.000000 -16.338516
17888.000000 -18.671165
17890.000000 -23.336463
17892.000000 -28.010665
17894.000000 -26.844340
17896.000000 -25.669112
17898.000000 -24.502788
17900.000000 -23.336463
17902.000000 -22.170139
17904.000000 -21.003814
17906.000000 -21.395557
17908.000000 -21.778396
17910.000000 -22.170139
17912.000000 -22.561881
17914.000000 -22.944721
17916.000000 -23.336463
17918.000000 -22.170139
17920.000000 -21.003814
17922.000000 -17.504840
17924.000000 -14.005867
17926.000000 -15.172191
17928.000000 -16.338516
17930.000000 -17.504840
17932.000000 -18.671165
17934.000000 -16.926130
17936.000000 -15.172191
17938.000000 -13.418253
17940.000000 -11.673217
17942.000000 -16.926130
17944.000000 -22.179042
17946.000000 -27.423051
17948.000000 -32.675963
17950.000000 -31.509638
17952.000000 -30.343314
17954.000000 -31.509638
17956.000000 -32.675963
17958.000000 -31.509638
17960.000000 -30.343314
17962.000000 -32.675963
17964.000000 -35.008612
17966.000000 -35.400355
17968.000000 -35.783194
17970.000000 -36.174937
17972.000000 -36.566679
17974.000000 -36.949519
17976.000000 -37.341261
17978.000000 -36.174937
17980.000000 -35.008612
17982.000000 -33.842288
17984.000000 -32.675963
17986.000000 -29.176989
17988.000000 -25.669112
17990.000000 -32.667060
17992.000000 -39.673911
17994.000000 -40.840235
17996.000000 -42.006560
17998.000000 -35.008612
18000.000000 -28.010665
18002.000000 -31.509638
18004.000000 -35.008612
18006.000000 -36.174937
18008.000000 -37.341261
18010.000000 -33.842288
18012.000000 -30.343314
18014.000000 -28.001762
18016.000000 -25.669112
18018.000000 -28.001762
18020.000000 -30.343314
18022.000000 -29.176989
18024.000000 -28.010665
18026.000000 -28.589375
18028.000000 -29.176989
18030.000000 -29.764603
18032.000000 -30.343314
18034.000000 -29.176989
18036.000000 -28.001762
18038.000000 -26.835437
18040.000000 -25.669112
18042.000000 -23.336463
18044.000000 -21.003814
18046.000000 -18.671165
18048.000000 -16.338516
18050.000000 -12.830639
18052.000000 -9.331665
18054.000000 -8.165340
18056.000000 -6.999016
18058.000000 -5.832691
18060.000000 -4.666367
18062.000000 -3.500042
18064.000000 -2.333718
18066.000000 0.000000
18068.000000 0.000000
18070.000000 0.000000
18072.000000 0.000000
18074.000000 0.000000
18076.000000 0.000000
18078.000000 0.000000
18080.000000 0.000000
18082.000000 0.000000
18084.000000 0.000000
18086.000000 0.000000
18088.000000 0.000000
18090.000000 0.000000
18092.000000 0.000000
18094.000000 0.000000
18096.000000 0.000000
18098.000000 0.000000
18100.000000 0.000000
18102.000000 0.000000
18104.000000 0.000000
18106.000000 0.000000
18108.000000 0.000000
18110.000000 0.000000
18112.000000 0.000000
18114.000000 0.000000
18116.000000 0.000000
18118.000000 0.000000
18120.000000 0.000000
18122.000000 0.000000
18124.000000 0.000000
18126.000000 0.000000
18128.000000 0.000000
18130.000000 0.000000
18132.000000 0.000000
18134.000000 0.000000
18136.000000 0.000000
18138.000000 0.000000
18140.000000 0.000000
18142.000000 0.000000
18144.000000 0.000000
18146.000000 0.000000
18148.000000 0.000000
18150.000000 0.000000
18152.000000 0.000000
18154.000000 0.000000
18156.000000 0.000000
18158.000000 0.000000
18160.000000 0.000000
18162.000000 0.000000
18164.000000 0.000000
18166.000000 0.000000
18168.000000 0.000000
18170.000000 0.000000
18172.000000 0.000000
18174.000000 0.000000
18176.000000 0.000000
18178.000000 0.000000
18180.000000 0.000000
18182.000000 0.000000
18184.000000 0.000000
18186.000000 0.000000
18188.000000 0.000000
18190.000000 0.000000
18192.000000 0.000000
18194.000000 0.000000
18196.000000 0.000000
18198.000000 0.000000
18200.000000 0.000000
18202.000000 0.000000
18204.000000 0.000000
18206.000000 0.000000
18208.000000 0.000000
18210.000000 0.000000
18212.000000 0.001295
18214.000000 1.414927
18216.000000 2.828559
18218.000000 4.242191
18220.000000 5.655823
18222.000000 4.242191
18224.000000 2.828559
18226.000000 14.148406
18228.000000 25.457463
18230.000000 28.284727
18232.000000 31.111991
18234.000000 33.939255
18236.000000 36.777310
18238.000000 35.363678
18240.000000 33.950046
18242.000000 32.536414
18244.000000 31.111991
18246.000000 31.824202
18248.000000 32.536414
18250.000000 33.237835
18252.000000 33.950046
18254.000000 24.054622
18256.000000 14.148406
18258.000000 16.975671
18260.000000 19.802935
18262.000000 22.630199
18264.000000 25.457463
18266.000000 28.284727
18268.000000 31.111991
18270.000000 29.698359
18272.000000 28.284727
18274.000000 25.457463
18276.000000 22.630199
18278.000000 25.457463
18280.000000 28.284727
18282.000000 27.345903
18284.000000 26.396287
18286.000000 25.457463
18288.000000 24.518638
18290.000000 23.569023
18292.000000 22.630199
18294.000000 15.551247
18296.000000 8.483087
18298.000000 0.000000
18300.000000 0.000000
18302.000000 0.000000
18304.000000 0.000000
18306.000000 0.000000
18308.000000 0.000000
18310.000000 0.000000
18312.000000 0.000000
18314.000000 0.000000
18316.000000 0.000000
18318.000000 0.000000
18320.000000 0.000000
18322.000000 0.000000
18324.000000 0.000000
18326.000000 0.000000
18328.000000 -9.331665
18330.000000 -8.557083
18332.000000 -7.773598
18334.000000 -6.999016
18336.000000 -6.224434
18338.000000 -5.440949
18340.000000 -4.666367
18342.000000 -1.167393
18344.000000 0.000000
18346.000000 0.000000
18348.000000 0.000000
18350.000000 0.000000
18352.000000 0.000000
18354.000000 0.000000
18356.000000 0.000000
18358.000000 0.000000
18360.000000 0.000000
18362.000000 0.000000
18364.000000 0.000000
18366.000000 0.000000
18368.000000 0.000000
18370.000000 0.000000
18372.000000 0.000000
18374.000000 0.000000
18376.000000 0.000000
18378.000000 0.000000
18380.000000 0.000000
18382.000000 0.000000
18384.000000 0.000000
18386.000000 0.000000
18388.000000 0.000000
18390.000000 0.000000
18392.000000 0.000000
18394.000000 0.000000
18396.000000 0.000000
18398.000000 0.000000
18400.000000 0.000000
18402.000000 0.000000
18404.000000 0.000000
18406.000000 0.000000
18408.000000 0.000000
18410.000000 0.000000
18412.000000 0.000000
18414.000000 0.000000
18416.000000 0.000000
18418.000000 0.000000
18420.000000 0.000000
18422.000000 0.000000
18424.000000 0.000000
18426.000000 0.000000
18428.000000 0.000000
18430.000000 0.000000
18432.000000 0.000000
18434.000000 0.000000
18436.000000 0.000000
18438.000000 0.000000
18440.000000 0.000000
18442.000000 0.000000
18444.000000 0.000000
18446.000000 0.000000
18448.000000 0.000000
18450.000000 0.000000
18452.000000 0.000000
18454.000000 0.000000
18456.000000 0.000000
18458.000000 0.000000
18460.000000 0.000000
18462.000000 0.000000
18464.000000 0.000000
18466.000000 0.000000
18468.000000 0.000000
18470.000000 0.000000
18472.000000 0.000000
18474.000000 0.000000
18476.000000 0.000000
18478.000000 0.000000
18480.000000 0.000000
18482.000000 0.000000
18484.000000 0.000000
18486.000000 0.000000
18488.000000 0.000000
18490.000000 0.000000
18492.000000 0.000000
18494.000000 0.000000
18496.000000 0.000000
18498.000000 0.000000
18500.000000 0.000000
18502.000000 0.000000
18504.000000 0.000000
18506.000000 0.000000
18508.000000 0.000000
18510.000000 0.000000
18512.000000 0.000000
18514.000000 0.000000
18516.000000 0.000000
18518.000000 0.000000
18520.000000 0.000000
18522.000000 0.000000
18524.000000 0.000000
18526.000000 0.000000
18528.000000 0.000000
18530.000000 0.000000
18532.000000 0.000000
18534.000000 0.000000
18536.000000 0.000000
18538.000000 0.000000
18540.000000 0.000000
18542.000000 0.000000
18544.000000 0.000000
18546.000000 0.000000
18548.000000 0.000000
18550.000000 0.000000
18552.000000 0.000000
18554.000000 0.000000
18556.000000 0.000000
18558.000000 0.000000
18560.000000 0.000000
18562.000000 0.000000
18564.000000 0.000000
18566.000000 0.000000
18568.000000 0.000000
18570.000000 0.000000
18572.000000 0.000000
18574.000000 0.000000
18576.000000 0.000000
18578.000000 0.000000
18580.000000 0.000000
18582.000000 0.000000
18584.000000 0.000000
18586.000000 0.000000
18588.000000 0.000000
18590.000000 0.000000
18592.000000 0.000000
18594.000000 0.000000
18596.000000 0.000000
18598.000000 0.000000
18600.000000 0.000000
18602.000000 0.000000
18604.000000 0.000000
18606.000000 0.000000
18608.000000 0.000000
18610.000000 0.000000
18612.000000 0.001295
18614.000000 0.000000
18616.000000 0.000000
18618.000000 0.000000
18620.000000 0.000000
18622.000000 0.000000
18624.000000 0.000000
18626.000000 0.000000
18628.000000 0.000000
18630.000000 0.000000
18632.000000 0.000000
18634.000000 0.000000
18636.000000 0.000000
18638.000000 0.000000
18640.000000 0.000000
18642.000000 0.000000
18644.000000 0.000000
18646.000000 0.000000
18648.000000 0.000000
18650.000000 0.000000
18652.000000 0.000000
18654.000000 0.000000
18656.000000 0.000000
18658.000000 0.000000
18660.000000 0.000000
18662.000000 0.000000
18664.000000 0.000000
18666.000000 0.000000
18668.000000 0.000000
18670.000000 0.000000
18672.000000 0.000000
18674.000000 0.000000
18676.000000 0.000000
18678.000000 0.000000
18680.000000 0.000000
18682.000000 0.000000
18684.000000 0.000000
18686.000000 0.000000
18688.000000 0.000000
18690.000000 0.000000
18692.000000 0.000000
18694.000000 0.000000
18696.000000 0.000000
18698.000000 0.000000
18700.000000 0.000000
18702.000000 0.000000
18704.000000 0.000000
18706.000000 0.000000
18708.000000 0.000000
18710.000000 0.000000
18712.000000 0.000000
18714.000000 0.000000
18716.000000 0.000000
18718.000000 0.000000
18720.000000 0.000000
18722.000000 0.000000
18724.000000 0.000000
18726.000000 0.000000
18728.000000 0.000000
18730.000000 0.000000
18732.000000 0.000000
18734.000000 0.000000
18736.000000 0.000000
18738.000000 0.000000
18740.000000 0.000000
18742.000000 0.000000
18744.000000 0.000000
18746.000000 0.000000
18748.000000 0.000000
18750.000000 0.000000
18752.000000 0.000000
18754.000000 0.000000
18756.000000 0.000000
18758.000000 0.000000
18760.000000 0.000000
18762.000000 0.000000
18764.000000 0.000000
18766.000000 0.000000
18768.000000 0.000000
18770.000000 0.000000
18772.000000 0.000000
18774.000000 0.000000
18776.000000 0.000000
18778.000000 0.000000
18780.000000 0.000000
18782.000000 0.000000
18784.000000 0.000000
18786.000000 0.000000
18788.000000 0.000000
18790.000000 0.000000
18792.000000 0.000000
18794.000000 0.000000
18796.000000 0.000000
18798.000000 0.000000
18800.000000 0.000000
18802.000000 0.000000
18804.000000 0.000000
18806.000000 0.000000
18808.000000 0.000000
18810.000000 0.000000
18812.000000 0.000000
18814.000000 0.000000
18816.000000 0.000000
18818.000000 0.000000
18820.000000 0.000000
18822.000000 0.000000
18824.000000 0.000000
18826.000000 0.000000
18828.000000 0.000000
18830.000000 0.000000
18832.000000 0.000000
18834.000000 0.000000
18836.000000 0.000000
18838.000000 0.000000
18840.000000 0.000000
18842.000000 0.000000
18844.000000 0.000000
18846.000000 0.000000
18848.000000 0.000000
18850.000000 0.000000
18852.000000 0.000000
18854.000000 0.000000
18856.000000 0.000000
18858.000000 0.000000
18860.000000 0.000000
18862.000000 0.000000
18864.000000 0.000000
18866.000000 0.000000
18868.000000 0.000000
18870.000000 0.000000
18872.000000 0.000000
18874.000000 0.000000
18876.000000 0.000000
18878.000000 0.000000
18880.000000 0.000000
18882.000000 0.000000
18884.000000 0.000000
18886.000000 0.000000
18888.000000 0.000000
18890.000000 0.000000
18892.000000 0.000000
18894.000000 0.000000
18896.000000 0.000000
18898.000000 0.000000
18900.000000 0.000000
18902.000000 0.000000
18904.000000 0.000000
18906.000000 0.000000
18908.000000 0.000000
18910.000000 0.000000
18912.000000 0.000000
18914.000000 0.000000
18916.000000 -2.333718
18918.000000 -0.001068
18920.000000 0.000000
18922.000000 0.000000
18924.000000 0.000000
18926.000000 0.000000
18928.000000 -0.001068
18930.000000 0.000000
18932.000000 0.000000
18934.000000 0.000000
18936.000000 0.000000
18938.000000 0.000000
18940.000000 0.000000
18942.000000 0.000000
18944.000000 0.000000
18946.000000 0.000000
18948.000000 0.000000
18950.000000 0.000000
18952.000000 0.000000
18954.000000 0.000000
18956.000000 0.000000
18958.000000 0.000000
18960.000000 0.000000
18962.000000 0.000000
18964.000000 0.000000
18966.000000 0.000000
18968.000000 0.000000
18970.000000 0.000000
18972.000000 0.000000
18974.000000 0.000000
18976.000000 -2.333718
18978.000000 -3.500042
18980.000000 -4.666367
18982.000000 -5.832691
18984.000000 -6.999016
18986.000000 -5.832691
18988.000000 -4.666367
18990.000000 -3.500042
18992.000000 -2.333718
18994.000000 -1.167393
18996.000000 -0.001068
18998.000000 0.000000
19000.000000 0.000000
19002.000000 0.000000
19004.000000 0.000000
19006.000000 0.000000
19008.000000 0.000000
19010.000000 0.000000
19012.000000 0.000000
19014.000000 0.000000
19016.000000 0.000000
19018.000000 0.000000
19020.000000 0.000000
19022.000000 0.000000
19024.000000 0.000000
19026.000000 0.000000
19028.000000 0.000000
19030.000000 0.000000
19032.000000 0.000000
19034.000000 0.000000
19036.000000 0.000000
19038.000000 0.000000
19040.000000 0.000000
19042.000000 0.000000
19044.000000 0.000000
19046.000000 0.000000
19048.000000 0.000000
19050.000000 0.000000
19052.000000 0.000000
19054.000000 0.000000
19056.000000 0.000000
19058.000000 0.000000
19060.000000 0.000000
19062.000000 0.000000
19064.000000 0.000000
19066.000000 0.000000
19068.000000 0.000000
19070.000000 0.000000
19072.000000 0.000000
19074.000000 0.000000
19076.000000 0.000000
19078.000000 0.000000
19080.000000 0.000000
19082.000000 0.000000
19084.000000 0.000000
19086.000000 0.000000
19088.000000 0.000000
19090.000000 0.000000
19092.000000 0.000000
19094.000000 0.000000
19096.000000 0.000000
19098.000000 0.000000
19100.000000 0.000000
19102.000000 0.000000
19104.000000 0.000000
19106.000000 0.000000
19108.000000 0.000000
19110.000000 0.000000
19112.000000 0.000000
19114.000000 0.000000
19116.000000 0.000000
19118.000000 0.000000
19120.000000 0.000000
19122.000000 0.000000
19124.000000 0.000000
19126.000000 0.000000
19128.000000 0.000000
19130.000000 0.000000
19132.000000 0.000000
19134.000000 0.000000
19136.000000 0.000000
19138.000000 0.000000
19140.000000 0.000000
19142.000000 0.000000
19144.000000 0.000000
19146.000000 0.000000
19148.000000 0.000000
19150.000000 0.000000
19152.000000 0.000000
19154.000000 0.000000
19156.000000 0.000000
19158.000000 0.000000
19160.000000 0.000000
19162.000000 0.000000
19164.000000 0.000000
19166.000000 0.000000
19168.000000 0.000000
19170.000000 0.000000
19172.000000 0.000000
19174.000000 0.000000
19176.000000 0.000000
19178.000000 0.000000
19180.000000 0.000000
19182.000000 0.000000
19184.000000 0.000000
19186.000000 0.000000
19188.000000 0.000000
19190.000000 0.000000
19192.000000 0.000000
19194.000000 0.000000
19196.000000 0.000000
19198.000000 0.000000
19200.000000 0.000000
19202.000000 0.000000
19204.000000 0.000000
19206.000000 0.000000
19208.000000 0.000000
19210.000000 0.000000
19212.000000 0.000000
19214.000000 0.000000
19216.000000 0.000000
19218.000000 0.000000
19220.000000 0.000000
19222.000000 0.000000
19224.000000 0.000000
19226.000000 0.000000
19228.000000 0.000000
19230.000000 0.000000
19232.000000 0.000000
19234.000000 0.000000
19236.000000 0.000000
19238.000000 0.000000
19240.000000 0.000000
19242.000000 0.000000
19244.000000 0.000000
19246.000000 0.000000
19248.000000 0.000000
19250.000000 0.000000
19252.000000 0.000000
19254.000000 0.000000
19256.000000 0.000000
19258.000000 0.000000
19260.000000 0.000000
19262.000000 0.000000
19264.000000 0.000000
19266.000000 0.000000
19268.000000 0.000000
19270.000000 0.000000
19272.000000 0.000000
19274.000000 0.000000
19276.000000 0.000000
19278.000000 0.000000
19280.000000 0.000000
19282.000000 0.000000
19284.000000 0.000000
19286.000000 0.000000
19288.000000 0.000000
19290.000000 0.000000
19292.000000 0.000000
19294.000000 0.000000
19296.000000 0.000000
19298.000000 0.000000
19300.000000 0.000000
19302.000000 0.000000
19304.000000 0.000000
19306.000000 0.000000
19308.000000 0.000000
19310.000000 0.000000
19312.000000 0.000000
19314.000000 0.000000
19316.000000 0.000000
19318.000000 0.000000
19320.000000 0.000000
19322.000000 0.000000
19324.000000 0.000000
19326.000000 0.000000
19328.000000 0.000000
19330.000000 -1.167393
19332.000000 -4.666367
19334.000000 -0.001068
19336.000000 0.000000
19338.000000 0.000000
19340.000000 0.000000
19342.000000 0.000000
19344.000000 0.000000
19346.000000 0.000000
19348.000000 0.000000
19350.000000 0.000000
19352.000000 0.000000
19354.000000 0.000000
19356.000000 0.000000
19358.000000 0.000000
19360.000000 0.000000
19362.000000 0.000000
19364.000000 0.000000
19366.000000 0.000000
19368.000000 0.000000
19370.000000 0.000000
19372.000000 0.000000
19374.000000 0.000000
19376.000000 0.000000
19378.000000 0.000000
19380.000000 0.000000
19382.000000 0.000000
19384.000000 -0.001068
19386.000000 0.000000
19388.000000 0.000000
19390.000000 0.000000
19392.000000 0.000000
19394.000000 -0.001068
19396.000000 -4.666367
19398.000000 -6.999016
19400.000000 -9.331665
19402.000000 -10.497990
19404.000000 -11.673217
19406.000000 -7.007919
19408.000000 -2.333718
19410.000000 -0.579779
19412.000000 0.000000
19414.000000 0.000000
19416.000000 0.000000
19418.000000 0.000000
19420.000000 -0.001068
19422.000000 0.000000
19424.000000 0.000000
19426.000000 0.000000
19428.000000 -0.001068
19430.000000 -1.167393
19432.000000 -2.333718
19434.000000 -0.001068
19436.000000 0.000000
19438.000000 0.000000
19440.000000 0.000000
19442.000000 0.000000
19444.000000 0.000000
19446.000000 0.000000
19448.000000 0.000000
19450.000000 0.000000
19452.000000 0.000000
19454.000000 0.000000
19456.000000 0.000000
19458.000000 0.000000
19460.000000 0.000000
19462.000000 0.000000
19464.000000 0.000000
19466.000000 0.000000
19468.000000 0.000000
19470.000000 0.000000
19472.000000 0.000000
19474.000000 0.000000
19476.000000 0.000000
19478.000000 0.000000
19480.000000 0.000000
19482.000000 0.000000
19484.000000 0.000000
19486.000000 0.000000
19488.000000 0.000000
19490.000000 0.000000
19492.000000 0.000000
19494.000000 0.000000
19496.000000 0.000000
19498.000000 0.000000
19500.000000 0.000000
19502.000000 0.000000
19504.000000 0.000000
19506.000000 0.000000
19508.000000 0.000000
19510.000000 0.000000
19512.000000 0.000000
19514.000000 0.000000
19516.000000 -0.001068
19518.000000 0.000000
19520.000000 0.000000
19522.000000 0.000000
19524.000000 0.000000
19526.000000 0.000000
19528.000000 0.000000
19530.000000 0.000000
19532.000000 0.000000
19534.000000 0.000000
19536.000000 0.000000
19538.000000 0.000000
19540.000000 0.000000
19542.000000 0.000000
19544.000000 0.000000
19546.000000 0.000000
19548.000000 0.000000
19550.000000 0.000000
19552.000000 0.000000
19554.000000 0.000000
19556.000000 0.000000
19558.000000 0.000000
19560.000000 0.000000
19562.000000 0.000000
19564.000000 0.000000
19566.000000 0.000000
19568.000000 0.000000
19570.000000 0.000000
19572.000000 0.000000
19574.000000 0.000000
19576.000000 0.000000
19578.000000 0.000000
19580.000000 0.000000
19582.000000 0.000000
19584.000000 0.000000
19586.000000 0.000000
19588.000000 0.000000
19590.000000 0.000000
19592.000000 0.000000
19594.000000 0.000000
19596.000000 0.000000
19598.000000 0.000000
19600.000000 0.000000
19602.000000 0.000000
19604.000000 0.000000
19606.000000 0.000000
19608.000000 0.000000
19610.000000 0.000000
19612.000000 0.000000
19614.000000 0.000000
19616.000000 0.000000
19618.000000 0.000000
19620.000000 0.000000
19622.000000 0.000000
19624.000000 0.000000
19626.000000 0.000000
19628.000000 0.000000
19630.000000 0.000000
19632.000000 0.000000
19634.000000 0.000000
19636.000000 0.000000
19638.000000 0.000000
19640.000000 0.000000
19642.000000 0.000000
19644.000000 0.000000
19646.000000 0.000000
19648.000000 0.000000
19650.000000 0.000000
19652.000000 0.000000
19654.000000 0.000000
19656.000000 0.000000
19658.000000 0.000000
19660.000000 0.000000
19662.000000 0.000000
19664.000000 0.000000
19666.000000 0.000000
19668.000000 0.000000
19670.000000 0.000000
19672.000000 0.000000
19674.000000 0.000000
19676.000000 0.000000
19678.000000 0.000000
19680.000000 0.000000
19682.000000 0.000000
19684.000000 0.000000
19686.000000 0.000000
19688.000000 0.000000
19690.000000 0.000000
19692.000000 0.000000
19694.000000 0.000000
19696.000000 0.000000
19698.000000 0.000000
19700.000000 0.000000
19702.000000 0.000000
19704.000000 0.000000
19706.000000 0.000000
19708.000000 0.000000
19710.000000 0.000000
19712.000000 0.000000
19714.000000 0.000000
19716.000000 0.000000
19718.000000 0.000000
19720.000000 0.000000
19722.000000 0.000000
19724.000000 0.000000
19726.000000 0.000000
19728.000000 0.000000
19730.000000 0.000000
19732.000000 0.000000
19734.000000 0.000000
19736.000000 0.000000
19738.000000 0.000000
19740.000000 0.000000
19742.000000 0.000000
19744.000000 0.000000
19746.000000 0.000000
19748.000000 0.000000
19750.000000 0.000000
19752.000000 0.000000
19754.000000 0.000000
19756.000000 0.000000
19758.000000 0.000000
19760.000000 0.000000
19762.000000 0.000000
19764.000000 0.000000
19766.000000 0.000000
19768.000000 0.000000
19770.000000 0.000000
19772.000000 0.000000
19774.000000 0.000000
19776.000000 0.000000
19778.000000 0.000000
19780.000000 5.655823
19782.000000 0.001295
19784.000000 0.000000
19786.000000 0.000000
19788.000000 0.000000
19790.000000 0.000000
19792.000000 0.000000
19794.000000 0.000000
19796.000000 0.000000
19798.000000 0.000000
19800.000000 0.000000
19802.000000 0.000000
19804.000000 0.000000
19806.000000 0.000000
19808.000000 0.000000
19810.000000 0.000000
19812.000000 0.000000
19814.000000 0.000000
19816.000000 0.000000
19818.000000 0.000000
19820.000000 0.000000
19822.000000 0.000000
19824.000000 0.000000
19826.000000 0.000000
19828.000000 0.000000
19830.000000 0.000000
19832.000000 0.000000
19834.000000 0.000000
19836.000000 0.000000
19838.000000 0.000000
19840.000000 0.000000
19842.000000 0.000000
19844.000000 0.000000
19846.000000 0.000000
19848.000000 0.000000
19850.000000 0.000000
19852.000000 0.000000
19854.000000 0.000000
19856.000000 0.000000
19858.000000 0.000000
19860.000000 0.000000
19862.000000 0.000000
19864.000000 0.000000
19866.000000 0.000000
19868.000000 0.000000
19870.000000 0.000000
19872.000000 0.000000
19874.000000 0.000000
19876.000000 0.000000
19878.000000 0.000000
19880.000000 0.000000
19882.000000 0.000000
19884.000000 0.000000
19886.000000 0.000000
19888.000000 0.000000
19890.000000 0.000000
19892.000000 0.000000
19894.000000 0.000000
19896.000000 0.000000
19898.000000 0.000000
19900.000000 0.000000
19902.000000 0.000000
19904.000000 0.000000
19906.000000 0.000000
19908.000000 0.000000
19910.000000 0.000000
19912.000000 0.000000
19914.000000 0.000000
19916.000000 0.000000
19918.000000 0.000000
19920.000000 0.000000
19922.000000 0.000000
19924.000000 0.000000
19926.000000 0.000000
19928.000000 0.000000
19930.000000 0.000000
19932.000000 0.000000
19934.000000 0.000000
19936.000000 0.000000
19938.000000 0.000000
19940.000000 0.000000
19942.000000 0.000000
19944.000000 0.000000
19946.000000 0.000000
19948.000000 0.000000
19950.000000 0.000000
19952.000000 0.000000
19954.000000 0.000000
19956.000000 0.000000
19958.000000 0.000000
19960.000000 0.000000
19962.000000 0.000000
19964.000000 0.000000
19966.000000 0.000000
19968.000000 0.000000
19970.000000 0.000000
19972.000000 0.000000
19974.000000 0.000000
19976.000000 0.001295
19978.000000 1.414927
19980.000000 2.828559
19982.000000 3.529979
19984.000000 4.242191
19986.000000 4.954403
19988.000000 5.655823
19990.000000 2.828559
19992.000000 0.001295
19994.000000 0.000000
19996.000000 0.000000
19998.000000 0.000000
20000.000000 0.000000
20002.000000 0.000000
20004.000000 0.000000
20006.000000 0.000000
20008.000000 0.000000
20010.000000 0.000000
20012.000000 0.000000
20014.000000 0.000000
20016.000000 0.000000
20018.000000 0.000000
20020.000000 0.000000
20022.000000 0.000000
20024.000000 0.000000
20026.000000 0.000000
20028.000000 0.000000
20030.000000 0.000000
20032.000000 0.000000
20034.000000 0.000000
20036.000000 0.000000
20038.000000 0.000000
20040.000000 0.000000
20042.000000 0.000000
20044.000000 0.000000
20046.000000 0.000000
20048.000000 0.000000
20050.000000 0.000000
20052.000000 0.000000
20054.000000 0.000000
20056.000000 0.000000
20058.000000 0.000000
20060.000000 0.000000
20062.000000 0.000000
20064.000000 0.000000
20066.000000 0.000000
20068.000000 0.000000
20070.000000 0.000000
20072.000000 0.000000
20074.000000 0.000000
20076.000000 0.000000
20078.000000 0.000000
20080.000000 0.000000
20082.000000 0.000000
20084.000000 0.000000
20086.000000 0.000000
20088.000000 0.000000
20090.000000 0.000000
20092.000000 0.000000
20094.000000 0.000000
20096.000000 0.000000
20098.000000 0.000000
20100.000000 0.000000
20102.000000 0.000000
20104.000000 0.000000
20106.000000 0.000000
20108.000000 0.000000
20110.000000 0.000000
20112.000000 0.000000
20114.000000 0.000000
20116.000000 0.000000
20118.000000 0.000000
20120.000000 0.000000
20122.000000 0.000000
20124.000000 0.000000
20126.000000 0.000000
20128.000000 0.000000
20130.000000 0.000000
20132.000000 0.000000
20134.000000 0.000000
20136.000000 0.000000
20138.000000 0.000000
20140.000000 0.000000
20142.000000 0.000000
20144.000000 0.000000
20146.000000 0.000000
20148.000000 0.000000
20150.000000 0.000000
20152.000000 0.000000
20154.000000 0.001295
20156.000000 5.655823
20158.000000 9.896719
20160.000000 14.148406
20162.000000 9.896719
20164.000000 5.655823
20166.000000 7.069455
20168.000000 8.483087
20170.000000 4.242191
20172.000000 0.001295
20174.000000 0.000000
20176.000000 0.000000
20178.000000 2.828559
20180.000000 8.483087
20182.000000 14.148406
20184.000000 19.802935
20186.000000 18.389303
20188.000000 16.975671
20190.000000 18.389303
20192.000000 19.802935
20194.000000 22.630199
20196.000000 25.457463
20198.000000 28.284727
20200.000000 31.111991
20202.000000 24.043831
20204.000000 16.975671
20206.000000 12.723983
20208.000000 8.483087
20210.000000 4.242191
20212.000000 0.001295
20214.000000 0.000000
20216.000000 0.000000
20218.000000 0.000000
20220.000000 0.000000
20222.000000 0.000000
20224.000000 0.000000
20226.000000 0.000000
20228.000000 0.001295
20230.000000 5.655823
20232.000000 11.310351
20234.000000 19.802935
20236.000000 28.284727
20238.000000 29.698359
20240.000000 31.111991
20242.000000 30.637183
20244.000000 30.173167
20246.000000 29.698359
20248.000000 29.223551
20250.000000 28.759535
20252.000000 28.284727
20254.000000 29.698359
20256.000000 31.111991
20258.000000 33.939255
20260.000000 36.777310
20262.000000 38.190942
20264.000000 39.604574
20266.000000 36.777310
20268.000000 33.950046
20270.000000 29.709150
20272.000000 25.457463
20274.000000 24.043831
20276.000000 22.630199
20278.000000 24.043831
20280.000000 25.457463
20282.000000 22.630199
20284.000000 19.802935
20286.000000 18.389303
20288.000000 16.975671
20290.000000 15.562038
20292.000000 14.148406
20294.000000 12.022563
20296.000000 9.896719
20298.000000 7.781667
20300.000000 5.655823
20302.000000 0.001295
20304.000000 0.000000
20306.000000 0.000000
20308.000000 0.000000
20310.000000 0.000000
20312.000000 0.000000
20314.000000 0.000000
20316.000000 0.000000
20318.000000 0.000000
20320.000000 0.000000
20322.000000 0.000000
20324.000000 0.000000
20326.000000 0.000000
20328.000000 0.000000
20330.000000 0.000000
20332.000000 0.000000
20334.000000 0.000000
20336.000000 0.000000
20338.000000 0.000000
20340.000000 0.000000
20342.000000 0.000000
20344.000000 0.000000
20346.000000 0.000000
20348.000000 0.000000
20350.000000 0.000000
20352.000000 0.000000
20354.000000 0.000000
20356.000000 0.000000
20358.000000 0.000000
20360.000000 0.000000
20362.000000 0.000000
20364.000000 0.000000
20366.000000 0.000000
20368.000000 0.000000
20370.000000 0.000000
20372.000000 0.000000
20374.000000 0.000000
20376.000000 0.000000
20378.000000 0.000000
20380.000000 0.000000
20382.000000 0.000000
20384.000000 0.000000
20386.000000 0.000000
20388.000000 0.000000
20390.000000 -3.500042
20392.000000 -14.005867
20394.000000 -16.338516
20396.000000 -18.671165
20398.000000 -21.003814
20400.000000 -23.336463
20402.000000 -25.669112
20404.000000 -28.010665
20406.000000 -31.509638
20408.000000 -35.008612
20410.000000 -33.842288
20412.000000 -32.675963
20414.000000 -31.509638
20416.000000 -30.343314
20418.000000 -28.001762
20420.000000 -25.669112
20422.000000 -21.003814
20424.000000 -16.338516
20426.000000 -17.504840
20428.000000 -18.671165
20430.000000 -19.837489
20432.000000 -21.003814
20434.000000 -25.669112
20436.000000 -30.343314
20438.000000 -31.509638
20440.000000 -32.675963
20442.000000 -33.842288
20444.000000 -35.008612
20446.000000 -33.842288
20448.000000 -32.675963
20450.000000 -33.842288
20452.000000 -35.008612
20454.000000 -33.842288
20456.000000 -32.675963
20458.000000 -30.343314
20460.000000 -28.010665
20462.000000 -29.176989
20464.000000 -30.343314
20466.000000 -29.176989
20468.000000 -28.010665
20470.000000 -27.423051
20472.000000 -26.844340
20474.000000 -26.256726
20476.000000 -25.669112
20478.000000 -27.423051
20480.000000 -29.176989
20482.000000 -30.922025
20484.000000 -32.675963
20486.000000 -33.842288
20488.000000 -35.008612
20490.000000 -34.429902
20492.000000 -33.842288
20494.000000 -33.254674
20496.000000 -32.675963
20498.000000 -33.842288
20500.000000 -35.008612
20502.000000 -33.254674
20504.000000 -31.509638
20506.000000 -29.764603
20508.000000 -28.010665
20510.000000 -22.179042
20512.000000 -16.338516
20514.000000 -19.837489
20516.000000 -23.336463
20518.000000 -24.502788
20520.000000 -25.669112
20522.000000 -29.176989
20524.000000 -32.675963
20526.000000 -35.008612
20528.000000 -37.341261
20530.000000 -33.842288
20532.000000 -30.343314
20534.000000 -29.176989
20536.000000 -28.010665
20538.000000 -24.511691
20540.000000 -21.003814
20542.000000 -18.671165
20544.000000 -16.338516
20546.000000 -15.172191
20548.000000 -14.005867
20550.000000 -16.338516
20552.000000 -18.671165
20554.000000 -17.504840
20556.000000 -16.338516
20558.000000 -15.172191
20560.000000 -14.005867
20562.000000 -16.338516
20564.000000 -18.671165
20566.000000 -21.003814
20568.000000 -23.336463
20570.000000 -25.678016
20572.000000 -28.010665
20574.000000 -29.176989
20576.000000 -30.343314
20578.000000 -28.001762
20580.000000 -25.669112
20582.000000 -22.170139
20584.000000 -18.671165
20586.000000 -16.338516
20588.000000 -14.005867
20590.000000 -11.673217
20592.000000 -9.331665
20594.000000 -6.999016
20596.000000 -4.666367
20598.000000 -2.333718
20600.000000 -0.001068
20602.000000 0.000000
20604.000000 0.000000
20606.000000 0.000000
20608.000000 0.000000
20610.000000 0.000000
20612.000000 0.000000
20614.000000 0.000000
20616.000000 0.000000
20618.000000 0.000000
20620.000000 0.000000
20622.000000 0.000000
20624.000000 0.000000
20626.000000 0.000000
20628.000000 0.000000
20630.000000 0.000000
20632.000000 0.000000
20634.000000 0.000000
20636.000000 0.000000
20638.000000 0.000000
20640.000000 0.000000
20642.000000 0.000000
20644.000000 0.000000
20646.000000 0.000000
20648.000000 0.000000
20650.000000 0.000000
20652.000000 0.000000
20654.000000 0.000000
20656.000000 0.000000
20658.000000 0.000000
20660.000000 0.000000
20662.000000 0.000000
20664.000000 0.000000
20666.000000 0.000000
20668.000000 0.000000
20670.000000 0.000000
20672.000000 0.000000
20674.000000 0.000000
20676.000000 0.000000
20678.000000 0.000000
20680.000000 0.000000
20682.000000 0.000000
20684.000000 0.000000
20686.000000 0.000000
20688.000000 0.000000
20690.000000 0.000000
20692.000000 0.000000
20694.000000 0.000000
20696.000000 0.000000
20698.000000 0.000000
20700.000000 0.000000
20702.000000 0.000000
20704.000000 0.000000
20706.000000 0.000000
20708.000000 0.000000
20710.000000 0.000000
20712.000000 0.000000
20714.000000 0.000000
20716.000000 0.000000
20718.000000 0.000000
20720.000000 0.000000
20722.000000 0.000000
20724.000000 0.000000
20726.000000 0.000000
20728.000000 0.000000
20730.000000 0.000000
20732.000000 0.000000
20734.000000 0.000000
20736.000000 0.000000
20738.000000 0.000000
20740.000000 0.000000
20742.000000 0.000000
20744.000000 0.000000
20746.000000 0.000000
20748.000000 0.000000
20750.000000 0.000000
20752.000000 0.000000
20754.000000 0.000000
20756.000000 0.000000
20758.000000 0.000000
20760.000000 0.000000
20762.000000 0.000000
20764.000000 0.000000
20766.000000 0.000000
20768.000000 0.000000
20770.000000 0.000000
20772.000000 0.000000
20774.000000 0.000000
20776.000000 0.000000
20778.000000 0.000000
20780.000000 0.000000
20782.000000 0.000000
20784.000000 0.000000
20786.000000 0.000000
20788.000000 0.000000
20790.000000 0.000000
20792.000000 0.000000
20794.000000 0.000000
20796.000000 0.000000
20798.000000 0.000000
20800.000000 0.000000
20802.000000 0.000000
20804.000000 0.000000
20806.000000 0.000000
20808.000000 0.000000
20810.000000 0.000000
20812.000000 0.000000
20814.000000 0.000000
20816.000000 0.000000
20818.000000 0.000000
20820.000000 0.000000
20822.000000 0.000000
20824.000000 0.000000
20826.000000 0.000000
20828.000000 0.000000
20830.000000 0.000000
20832.000000 0.000000
20834.000000 0.000000
20836.000000 0.000000
20838.000000 0.000000
20840.000000 0.000000
20842.000000 0.000000
20844.000000 0.000000
20846.000000 0.000000
20848.000000 0.000000
20850.000000 0.000000
20852.000000 0.000000
20854.000000 0.000000
20856.000000 0.000000
20858.000000 0.000000
20860.000000 0.000000
20862.000000 0.000000
20864.000000 0.000000
20866.000000 0.000000
20868.000000 0.001295
20870.000000 0.000000
20872.000000 0.000000
20874.000000 0.000000
20876.000000 0.000000
20878.000000 0.000000
20880.000000 2.828559
20882.000000 0.001295
20884.000000 0.000000
20886.000000 0.000000
20888.000000 0.000000
20890.000000 0.000000
20892.000000 0.000000
20894.000000 0.000000
20896.000000 0.000000
20898.000000 0.000000
20900.000000 0.000000
20902.000000 0.000000
20904.000000 0.000000
20906.000000 0.000000
20908.000000 0.000000
20910.000000 0.000000
20912.000000 0.000000
20914.000000 0.000000
20916.000000 0.000000
20918.000000 0.000000
20920.000000 0.000000
20922.000000 0.000000
20924.000000 0.000000
20926.000000 0.000000
20928.000000 0.000000
20930.000000 0.000000
20932.000000 0.000000
20934.000000 0.000000
20936.000000 0.000000
20938.000000 0.000000
20940.000000 0.000000
20942.000000 0.000000
20944.000000 0.000000
20946.000000 0.000000
20948.000000 0.000000
20950.000000 0.000000
20952.000000 0.000000
20954.000000 0.000000
20956.000000 0.000000
20958.000000 0.000000
20960.000000 0.000000
20962.000000 0.000000
20964.000000 0.000000
20966.000000 0.000000
20968.000000 0.000000
20970.000000 0.000000
20972.000000 0.000000
20974.000000 0.000000
20976.000000 0.000000
20978.000000 0.000000
20980.000000 0.000000
20982.000000 0.000000
20984.000000 0.000000
20986.000000 0.000000
20988.000000 0.000000
20990.000000 0.000000
20992.000000 0.000000
20994.000000 0.000000
20996.000000 0.000000
20998.000000 0.000000
21000.000000 0.000000
21002.000000 0.000000
21004.000000 0.000000
21006.000000 0.000000
21008.000000 0.000000
21010.000000 0.000000
21012.000000 0.000000
21014.000000 0.000000
21016.000000 0.000000
21018.000000 0.000000
21020.000000 0.000000
21022.000000 0.000000
21024.000000 0.000000
21026.000000 0.000000
21028.000000 0.000000
21030.000000 0.000000
21032.000000 0.000000
21034.000000 0.000000
21036.000000 0.000000
21038.000000 0.000000
21040.000000 0.000000
21042.000000 0.000000
21044.000000 -0.001068
21046.000000 -1.167393
21048.000000 -2.333718
21050.000000 -3.500042
21052.000000 -4.666367
21054.000000 -5.058109
21056.000000 -5.440949
21058.000000 -5.832691
21060.000000 -6.224434
21062.000000 -6.607273
21064.000000 -6.999016
21066.000000 -4.666367
21068.000000 -2.333718
21070.000000 -2.912428
21072.000000 -3.500042
21074.000000 -4.087656
21076.000000 -4.666367
21078.000000 -2.333718
21080.000000 -0.001068
21082.000000 -2.333718
21084.000000 -4.666367
21086.000000 -3.500042
21088.000000 -2.333718
21090.000000 -0.001068
21092.000000 0.000000
21094.000000 0.000000
21096.000000 0.000000
21098.000000 0.000000
21100.000000 0.000000
21102.000000 0.000000
21104.000000 0.000000
21106.000000 0.000000
21108.000000 0.000000
21110.000000 0.000000
21112.000000 0.000000
21114.000000 0.000000
21116.000000 0.000000
21118.000000 0.000000
21120.000000 0.000000
21122.000000 0.000000
21124.000000 0.000000
21126.000000 0.000000
21128.000000 0.000000
21130.000000 0.000000
21132.000000 0.000000
21134.000000 0.000000
21136.000000 -0.001068
21138.000000 -7.007919
21140.000000 -14.005867
21142.000000 -15.172191
21144.000000 -16.338516
21146.000000 -14.005867
21148.000000 -11.673217
21150.000000 -8.165340
21152.000000 -4.666367
21154.000000 -2.333718
21156.000000 -0.001068
21158.000000 0.000000
21160.000000 0.000000
21162.000000 0.000000
21164.000000 0.000000
21166.000000 0.000000
21168.000000 0.000000
21170.000000 0.000000
21172.000000 0.000000
21174.000000 0.000000
21176.000000 0.000000
21178.000000 0.000000
21180.000000 0.000000
21182.000000 0.000000
21184.000000 0.000000
21186.000000 0.000000
21188.000000 0.000000
21190.000000 0.000000
21192.000000 0.000000
21194.000000 0.000000
21196.000000 0.000000
21198.000000 0.000000
21200.000000 0.000000
21202.000000 0.000000
21204.000000 0.000000
21206.000000 0.000000
21208.000000 0.000000
21210.000000 0.000000
21212.000000 0.000000
21214.000000 0.000000
21216.000000 -0.001068
21218.000000 -3.500042
21220.000000 -6.999016
21222.000000 -5.832691
21224.000000 -4.666367
21226.000000 -6.420305
21228.000000 -8.165340
21230.000000 -9.919279
21232.000000 -11.673217
21234.000000 -9.340568
21236.000000 -6.999016
21238.000000 -1.167393
21240.000000 0.000000
21242.000000 0.000000
21244.000000 0.000000
21246.000000 0.000000
21248.000000 0.000000
21250.000000 0.000000
21252.000000 0.000000
21254.000000 0.000000
21256.000000 0.000000
21258.000000 0.000000
21260.000000 0.000000
21262.000000 -0.001068
21264.000000 -2.333718
21266.000000 0.000000
21268.000000 0.000000
21270.000000 0.000000
21272.000000 0.000000
21274.000000 0.000000
21276.000000 0.000000
21278.000000 0.000000
21280.000000 0.000000
21282.000000 0.000000
21284.000000 0.000000
21286.000000 0.000000
21288.000000 0.000000
21290.000000 0.000000
21292.000000 0.000000
21294.000000 0.000000
21296.000000 0.000000
21298.000000 0.000000
21300.000000 0.000000
21302.000000 0.000000
21304.000000 0.000000
21306.000000 0.000000
21308.000000 0.000000
21310.000000 0.000000
21312.000000 0.000000
21314.000000 0.000000
21316.000000 0.000000
21318.000000 0.000000
21320.000000 0.000000
21322.000000 0.000000
21324.000000 0.000000
21326.000000 0.000000
21328.000000 0.000000
21330.000000 0.000000
21332.000000 0.000000
21334.000000 0.000000
21336.000000 0.001295
21338.000000 0.000000
21340.000000 0.000000
21342.000000 0.000000
21344.000000 0.000000
21346.000000 0.000000
21348.000000 0.000000
21350.000000 0.000000
21352.000000 0.000000
21354.000000 0.000000
21356.000000 0.000000
21358.000000 0.000000
21360.000000 0.000000
21362.000000 0.000000
21364.000000 0.000000
21366.000000 0.000000
21368.000000 0.000000
21370.000000 0.000000
21372.000000 0.000000
21374.000000 0.000000
21376.000000 0.000000
21378.000000 0.000000
21380.000000 0.000000
21382.000000 0.000000
21384.000000 0.000000
21386.000000 0.000000
21388.000000 0.000000
21390.000000 0.000000
21392.000000 0.000000
21394.000000 0.000000
21396.000000 0.000000
21398.000000 0.000000
21400.000000 0.000000
21402.000000 0.000000
21404.000000 0.000000
21406.000000 0.000000
21408.000000 0.000000
21410.000000 0.000000
21412.000000 0.000000
21414.000000 0.000000
21416.000000 0.000000
21418.000000 0.000000
21420.000000 0.000000
21422.000000 0.000000
21424.000000 0.000000
21426.000000 0.000000
21428.000000 0.000000
21430.000000 0.000000
21432.000000 0.000000
21434.000000 0.000000
21436.000000 0.000000
21438.000000 -6.365267
21440.000000 -12.730534
21442.000000 -19.095801
21444.000000 -12.730534
21446.000000 -6.365267
21448.000000 0.000000
21450.000000 1.414927
21452.000000 5.655823
21454.000000 2.828559
21456.000000 0.001295
21458.000000 0.000000
21460.000000 0.000000
21462.000000 0.000000
21464.000000 0.000000
21466.000000 0.000000
21468.000000 0.000000
21470.000000 0.000000
21472.000000 0.000000
21474.000000 0.000000
21476.000000 0.000000
21478.000000 0.000000
21480.000000 0.000000
21482.000000 0.000000
21484.000000 0.000000
21486.000000 0.000000
21488.000000 0.000000
21490.000000 0.000000
21492.000000 0.000000
21494.000000 0.000000
21496.000000 0.000000
21498.000000 -1.167393
21500.000000 -4.666367
21502.000000 -5.832691
21504.000000 -6.999016
21506.000000 -8.165340
21508.000000 -9.331665
21510.000000 -10.497990
21512.000000 -11.673217
21514.000000 -10.889732
21516.000000 -10.115150
21518.000000 -9.340568
21520.000000 -8.557083
21522.000000 -7.773598
21524.000000 -6.999016
21526.000000 -3.500042
21528.000000 -0.001068
21530.000000 0.000000
21532.000000 0.000000
21534.000000 0.000000
21536.000000 0.000000
21538.000000 0.000000
21540.000000 0.000000
21542.000000 0.000000
21544.000000 0.000000
21546.000000 0.000000
21548.000000 0.000000
21550.000000 0.000000
21552.000000 0.000000
21554.000000 0.000000
21556.000000 0.000000
21558.000000 0.000000
21560.000000 0.000000
21562.000000 0.000000
21564.000000 0.000000
21566.000000 0.000000
21568.000000 0.000000
21570.000000 0.000000
21572.000000 0.000000
21574.000000 0.000000
21576.000000 0.000000
21578.000000 0.000000
21580.000000 0.000000
21582.000000 0.000000
21584.000000 0.000000
21586.000000 0.000000
21588.000000 0.000000
21590.000000 0.000000
21592.000000 0.000000
21594.000000 0.000000
21596.000000 -0.001068
21598.000000 0.000000
21600.000000 0.000000
21602.000000 0.000000
21604.000000 0.000000
21606.000000 0.000000
21608.000000 0.000000
21610.000000 0.000000
21612.000000 0.000000
21614.000000 0.000000
21616.000000 0.000000
21618.000000 0.000000
21620.000000 0.000000
21622.000000 0.000000
21624.000000 0.000000
21626.000000 0.000000
21628.000000 0.000000
21630.000000 0.000000
21632.000000 0.000000
21634.000000 0.000000
21636.000000 0.000000
21638.000000 0.000000
21640.000000 0.000000
21642.000000 0.000000
21644.000000 0.000000
21646.000000 0.000000
21648.000000 0.000000
21650.000000 0.000000
21652.000000 0.000000
21654.000000 0.000000
21656.000000 0.000000
21658.000000 0.000000
21660.000000 0.000000
21662.000000 0.000000
21664.000000 0.000000
21666.000000 0.000000
21668.000000 0.000000
21670.000000 0.000000
21672.000000 0.000000
21674.000000 0.000000
21676.000000 0.000000
21678.000000 0.000000
21680.000000 0.000000
21682.000000 0.000000
21684.000000 0.000000
21686.000000 0.000000
21688.000000 0.000000
21690.000000 0.000000
21692.000000 0.000000
21694.000000 0.000000
21696.000000 0.000000
21698.000000 0.000000
21700.000000 0.000000
21702.000000 0.000000
21704.000000 0.000000
21706.000000 0.000000
21708.000000 0.000000
21710.000000 0.000000
21712.000000 0.000000
21714.000000 0.000000
21716.000000 0.000000
21718.000000 0.000000
21720.000000 0.000000
21722.000000 0.000000
21724.000000 0.000000
21726.000000 0.000000
21728.000000 0.000000
21730.000000 0.000000
21732.000000 0.000000
21734.000000 0.000000
21736.000000 0.000000
21738.000000 0.000000
21740.000000 0.000000
21742.000000 0.000000
21744.000000 0.000000
21746.000000 0.000000
21748.000000 0.000000
21750.000000 0.000000
21752.000000 0.000000
21754.000000 0.000000
21756.000000 0.000000
21758.000000 0.000000
21760.000000 0.000000
21762.000000 0.000000
21764.000000 0.000000
21766.000000 0.000000
21768.000000 0.000000
21770.000000 0.000000
21772.000000 0.000000
21774.000000 0.000000
21776.000000 0.000000
21778.000000 0.000000
21780.000000 0.000000
21782.000000 0.000000
21784.000000 0.000000
21786.000000 0.000000
21788.000000 0.000000
21790.000000 0.000000
21792.000000 0.000000
21794.000000 0.000000
21796.000000 0.000000
21798.000000 0.000000
21800.000000 0.000000
21802.000000 0.000000
21804.000000 0.000000
21806.000000 0.000000
21808.000000 5.655823
21810.000000 6.357244
21812.000000 7.069455
21814.000000 7.781667
21816.000000 8.483087
21818.000000 9.896719
21820.000000 11.321142
21822.000000 12.734774
21824.000000 14.148406
21826.000000 15.562038
21828.000000 16.975671
21830.000000 15.562038
21832.000000 14.148406
21834.000000 15.562038
21836.000000 16.975671
21838.000000 18.389303
21840.000000 19.802935
21842.000000 15.551247
21844.000000 11.310351
21846.000000 1.414927
21848.000000 0.000000
21850.000000 0.000000
21852.000000 0.000000
21854.000000 0.000000
21856.000000 0.000000
21858.000000 0.000000
21860.000000 0.000000
21862.000000 0.000000
21864.000000 0.000000
21866.000000 0.000000
21868.000000 0.000000
21870.000000 0.000000
21872.000000 0.000000
21874.000000 0.000000
21876.000000 0.000000
21878.000000 0.000000
21880.000000 0.000000
21882.000000 0.000000
21884.000000 0.000000
21886.000000 0.000000
21888.000000 0.001295
21890.000000 0.000000
21892.000000 0.000000
21894.000000 0.000000
21896.000000 0.000000
21898.000000 0.000000
21900.000000 0.000000
21902.000000 0.000000
21904.000000 0.000000
21906.000000 0.000000
21908.000000 0.000000
21910.000000 0.000000
21912.000000 0.000000
21914.000000 0.000000
21916.000000 0.000000
21918.000000 0.000000
21920.000000 0.000000
21922.000000 0.000000
21924.000000 0.000000
21926.000000 0.000000
21928.000000 0.000000
21930.000000 0.000000
21932.000000 0.000000
21934.000000 0.000000
21936.000000 0.000000
21938.000000 0.000000
21940.000000 0.000000
21942.000000 0.000000
21944.000000 0.000000
21946.000000 0.000000
21948.000000 0.000000
21950.000000 0.000000
21952.000000 0.000000
21954.000000 0.000000
21956.000000 0.000000
21958.000000 0.000000
21960.000000 0.000000
21962.000000 0.000000
21964.000000 0.000000
21966.000000 0.000000
21968.000000 0.000000
21970.000000 0.000000
21972.000000 0.000000
21974.000000 0.000000
21976.000000 0.000000
21978.000000 0.000000
21980.000000 0.000000
21982.000000 0.000000
21984.000000 0.000000
21986.000000 0.000000
21988.000000 0.000000
21990.000000 0.000000
21992.000000 0.000000
21994.000000 0.000000
21996.000000 0.000000
21998.000000 0.000000
22000.000000 0.000000
22002.000000 0.000000
22004.000000 0.000000
22006.000000 0.000000
22008.000000 0.000000
22010.000000 0.000000
22012.000000 0.000000
22014.000000 0.000000
22016.000000 0.000000
22018.000000 0.000000
22020.000000 0.000000
22022.000000 0.000000
22024.000000 0.000000
22026.000000 0.000000
22028.000000 0.000000
22030.000000 0.000000
22032.000000 0.000000
22034.000000 0.000000
22036.000000 0.000000
22038.000000 0.000000
22040.000000 0.000000
22042.000000 0.000000
22044.000000 0.000000
22046.000000 0.000000
22048.000000 0.000000
22050.000000 0.000000
22052.000000 0.000000
22054.000000 0.000000
22056.000000 0.000000
22058.000000 0.000000
22060.000000 0.000000
22062.000000 0.000000
22064.000000 0.000000
22066.000000 0.000000
22068.000000 0.000000
22070.000000 0.000000
22072.000000 0.000000
22074.000000 0.000000
22076.000000 0.000000
22078.000000 0.001295
22080.000000 5.655823
22082.000000 7.069455
22084.000000 8.483087
22086.000000 7.069455
22088.000000 5.655823
22090.000000 2.828559
22092.000000 0.001295
22094.000000 1.414927
22096.000000 2.828559
22098.000000 4.242191
22100.000000 5.655823
22102.000000 1.414927
22104.000000 0.000000
22106.000000 0.000000
22108.000000 0.000000
22110.000000 0.000000
22112.000000 0.001295
22114.000000 4.242191
22116.000000 8.483087
22118.000000 11.321142
22120.000000 14.148406
22122.000000 12.723983
22124.000000 11.310351
22126.000000 9.896719
22128.000000 8.483087
22130.000000 14.148406
22132.000000 19.802935
22134.000000 14.148406
22136.000000 8.483087
22138.000000 9.896719
22140.000000 11.310351
22142.000000 8.483087
22144.000000 5.655823
22146.000000 2.828559
22148.000000 0.001295
22150.000000 2.828559
22152.000000 5.655823
22154.000000 2.828559
22156.000000 0.001295
22158.000000 2.828559
22160.000000 5.655823
22162.000000 11.321142
22164.000000 16.975671
22166.000000 18.389303
22168.000000 19.802935
22170.000000 21.216567
22172.000000 22.630199
22174.000000 15.551247
22176.000000 8.483087
22178.000000 2.828559
22180.000000 0.000000
22182.000000 0.000000
22184.000000 0.000000
22186.000000 0.000000
22188.000000 0.000000
22190.000000 0.000000
22192.000000 0.000000
22194.000000 0.000000
22196.000000 0.000000
22198.000000 0.000000
22200.000000 0.000000
22202.000000 0.000000
22204.000000 0.000000
22206.000000 0.000000
22208.000000 0.000000
22210.000000 0.000000
22212.000000 0.000000
22214.000000 0.000000
22216.000000 0.000000
22218.000000 0.000000
22220.000000 0.000000
22222.000000 0.000000
22224.000000 0.000000
22226.000000 0.000000
22228.000000 0.000000
22230.000000 0.000000
22232.000000 0.000000
22234.000000 0.000000
22236.000000 0.000000
22238.000000 0.000000
22240.000000 0.000000
22242.000000 0.000000
22244.000000 0.000000
22246.000000 0.000000
22248.000000 0.000000
22250.000000 0.000000
22252.000000 0.000000
22254.000000 0.000000
22256.000000 0.000000
22258.000000 0.000000
22260.000000 0.000000
22262.000000 0.000000
22264.000000 0.000000
22266.000000 0.000000
22268.000000 0.000000
22270.000000 0.000000
22272.000000 0.000000
22274.000000 0.000000
22276.000000 0.000000
22278.000000 0.000000
22280.000000 0.000000
22282.000000 0.000000
22284.000000 0.000000
22286.000000 0.000000
22288.000000 0.000000
22290.000000 0.000000
22292.000000 0.000000
22294.000000 0.000000
22296.000000 0.000000
22298.000000 0.000000
22300.000000 0.000000
22302.000000 0.000000
22304.000000 0.000000
22306.000000 0.000000
22308.000000 0.000000
22310.000000 0.000000
22312.000000 0.000000
22314.000000 0.000000
22316.000000 0.000000
22318.000000 0.000000
22320.000000 0.000000
22322.000000 0.000000
22324.000000 0.000000
22326.000000 0.000000
22328.000000 0.000000
22330.000000 0.000000
22332.000000 0.000000
22334.000000 0.000000
22336.000000 0.000000
22338.000000 0.000000
22340.000000 0.000000
22342.000000 -1.167393
22344.000000 -9.331665
22346.000000 -10.497990
22348.000000 -11.673217
22350.000000 -10.497990
22352.000000 -9.331665
22354.000000 -6.999016
22356.000000 -4.666367
22358.000000 -2.333718
22360.000000 -0.001068
22362.000000 -1.167393
22364.000000 -2.333718
22366.000000 -7.007919
22368.000000 -11.673217
22370.000000 -12.839542
22372.000000 -14.005867
22374.000000 -12.251928
22376.000000 -10.497990
22378.000000 -8.752954
22380.000000 -6.999016
22382.000000 -8.165340
22384.000000 -9.331665
22386.000000 -14.005867
22388.000000 -18.671165
22390.000000 -19.837489
22392.000000 -21.003814
22394.000000 -22.170139
22396.000000 -23.336463
22398.000000 -18.671165
22400.000000 -14.005867
22402.000000 -15.172191
22404.000000 -16.338516
22406.000000 -18.671165
22408.000000 -21.003814
22410.000000 -18.671165
22412.000000 -16.338516
22414.000000 -18.671165
22416.000000 -21.003814
22418.000000 -22.170139
22420.000000 -23.336463
22422.000000 -24.502788
22424.000000 -25.669112
22426.000000 -25.081498
22428.000000 -24.502788
22430.000000 -23.924077
22432.000000 -23.336463
22434.000000 -25.669112
22436.000000 -28.010665
22438.000000 -29.176989
22440.000000 -30.343314
22442.000000 -29.176989
22444.000000 -28.010665
22446.000000 -21.003814
22448.000000 -14.005867
22450.000000 -10.497990
22452.000000 -6.999016
22454.000000 -8.165340
22456.000000 -9.331665
22458.000000 -4.666367
22460.000000 -0.001068
22462.000000 0.000000
22464.000000 0.000000
22466.000000 0.000000
22468.000000 0.000000
22470.000000 0.000000
22472.000000 0.000000
22474.000000 0.000000
22476.000000 0.000000
22478.000000 0.000000
22480.000000 0.000000
22482.000000 0.000000
22484.000000 0.000000
22486.000000 0.000000
22488.000000 0.000000
22490.000000 0.000000
22492.000000 0.000000
22494.000000 0.000000
22496.000000 0.000000
22498.000000 0.000000
22500.000000 0.000000
22502.000000 0.000000
22504.000000 0.000000
22506.000000 0.000000
22508.000000 0.000000
22510.000000 0.000000
22512.000000 0.000000
22514.000000 0.000000
22516.000000 0.000000
22518.000000 0.000000
22520.000000 0.000000
22522.000000 0.000000
22524.000000 0.000000
22526.000000 0.000000
22528.000000 0.000000
22530.000000 0.000000
22532.000000 0.001295
22534.000000 0.000000
22536.000000 0.000000
22538.000000 0.001295
22540.000000 2.828559
22542.000000 5.655823
22544.000000 8.483087
22546.000000 9.184508
22548.000000 9.896719
22550.000000 10.608931
22552.000000 11.310351
22554.000000 13.436195
22556.000000 15.551247
22558.000000 17.677091
22560.000000 19.802935
22562.000000 18.389303
22564.000000 16.975671
22566.000000 15.562038
22568.000000 14.148406
22570.000000 12.723983
22572.000000 11.310351
22574.000000 12.723983
22576.000000 14.148406
22578.000000 15.562038
22580.000000 16.975671
22582.000000 15.562038
22584.000000 14.148406
22586.000000 11.321142
22588.000000 8.483087
22590.000000 9.896719
22592.000000 11.310351
22594.000000 10.371527
22596.000000 9.421912
22598.000000 8.483087
22600.000000 7.544263
22602.000000 6.594647
22604.000000 5.655823
22606.000000 0.001295
22608.000000 0.000000
22610.000000 0.000000
22612.000000 0.000000
22614.000000 0.000000
22616.000000 0.000000
22618.000000 0.000000
22620.000000 0.000000
22622.000000 0.000000
22624.000000 0.000000
22626.000000 0.000000
22628.000000 0.000000
22630.000000 0.000000
22632.000000 0.000000
22634.000000 0.000000
22636.000000 0.000000
22638.000000 0.000000
22640.000000 0.000000
22642.000000 0.000000
22644.000000 0.000000
22646.000000 0.000000
22648.000000 0.001295
22650.000000 0.000000
22652.000000 0.000000
22654.000000 0.000000
22656.000000 0.000000
22658.000000 0.000000
22660.000000 0.000000
22662.000000 0.000000
22664.000000 0.001295
22666.000000 0.000000
22668.000000 0.000000
22670.000000 0.000000
22672.000000 0.000000
22674.000000 0.702715
22676.000000 2.828559
22678.000000 1.414927
22680.000000 0.001295
22682.000000 0.000000
22684.000000 0.000000
22686.000000 0.000000
22688.000000 0.000000
22690.000000 0.000000
22692.000000 0.000000
22694.000000 0.000000
22696.000000 0.000000
22698.000000 0.000000
22700.000000 0.000000
22702.000000 0.000000
22704.000000 0.000000
22706.000000 0.000000
22708.000000 0.000000
22710.000000 0.000000
22712.000000 0.000000
22714.000000 0.000000
22716.000000 0.000000
22718.000000 -1.167393
22720.000000 -6.999016
22722.000000 -12.830639
22724.000000 -18.671165
22726.000000 -25.669112
22728.000000 -32.675963
22730.000000 -29.176989
22732.000000 -25.669112
22734.000000 -22.170139
22736.000000 -18.671165
22738.000000 -14.005867
22740.000000 -9.331665
22742.000000 -7.577727
22744.000000 -5.832691
22746.000000 -4.087656
22748.000000 -2.333718
22750.000000 -0.001068
22752.000000 0.000000
22754.000000 0.000000
22756.000000 0.000000
22758.000000 0.000000
22760.000000 0.000000
22762.000000 -0.001068
22764.000000 -2.333718
22766.000000 -0.001068
22768.000000 0.000000
22770.000000 0.000000
22772.000000 0.000000
22774.000000 0.000000
22776.000000 0.000000
22778.000000 0.000000
22780.000000 0.000000
22782.000000 0.000000
22784.000000 0.000000
22786.000000 0.000000
22788.000000 0.000000
22790.000000 0.000000
22792.000000 0.000000
22794.000000 0.000000
22796.000000 0.000000
22798.000000 0.000000
22800.000000 0.000000
22802.000000 0.000000
22804.000000 0.000000
22806.000000 0.000000
22808.000000 0.000000
22810.000000 0.000000
22812.000000 0.000000
22814.000000 0.000000
22816.000000 0.000000
22818.000000 0.000000
22820.000000 0.000000
22822.000000 0.000000
22824.000000 0.000000
22826.000000 0.000000
22828.000000 0.000000
22830.000000 0.000000
22832.000000 0.000000
22834.000000 0.000000
22836.000000 0.000000
22838.000000 0.000000
22840.000000 0.000000
22842.000000 0.000000
22844.000000 0.000000
22846.000000 0.000000
22848.000000 0.000000
22850.000000 0.000000
22852.000000 0.000000
22854.000000 0.000000
22856.000000 0.000000
22858.000000 0.000000
22860.000000 0.000000
22862.000000 0.000000
22864.000000 0.000000
22866.000000 0.000000
22868.000000 0.000000
22870.000000 0.000000
22872.000000 0.000000
22874.000000 0.000000
22876.000000 0.000000
22878.000000 0.000000
22880.000000 0.000000
22882.000000 0.000000
22884.000000 0.000000
22886.000000 0.000000
22888.000000 0.000000
22890.000000 0.000000
22892.000000 0.000000
22894.000000 0.000000
22896.000000 0.000000
22898.000000 0.000000
22900.000000 0.000000
22902.000000 0.000000
22904.000000 0.000000
22906.000000 0.000000
22908.000000 0.000000
22910.000000 0.000000
22912.000000 0.000000
22914.000000 0.000000
22916.000000 0.000000
22918.000000 0.000000
22920.000000 0.000000
22922.000000 0.000000
22924.000000 0.000000
22926.000000 0.000000
22928.000000 0.000000
22930.000000 0.000000
22932.000000 0.000000
22934.000000 0.000000
22936.000000 0.000000
22938.000000 0.000000
22940.000000 0.000000
22942.000000 0.000000
22944.000000 0.000000
22946.000000 0.000000
22948.000000 0.000000
22950.000000 0.000000
22952.000000 0.000000
22954.000000 0.000000
22956.000000 0.000000
22958.000000 0.000000
22960.000000 0.000000
22962.000000 0.000000
22964.000000 0.000000
22966.000000 0.000000
22968.000000 0.000000
22970.000000 0.000000
22972.000000 0.000000
22974.000000 0.000000
22976.000000 0.000000
22978.000000 0.000000
22980.000000 0.000000
22982.000000 0.000000
22984.000000 0.000000
22986.000000 0.000000
22988.000000 0.000000
22990.000000 0.000000
22992.000000 0.000000
22994.000000 0.000000
22996.000000 0.000000
22998.000000 0.000000
23000.000000 0.000000
23002.000000 0.000000
23004.000000 0.000000
23006.000000 0.000000
23008.000000 0.000000
23010.000000 0.000000
23012.000000 0.000000
23014.000000 0.000000
23016.000000 0.000000
23018.000000 0.000000
23020.000000 0.000000
23022.000000 0.000000
23024.000000 0.000000
23026.000000 0.000000
23028.000000 0.000000
23030.000000 0.000000
23032.000000 -2.333718
23034.000000 -2.725460
23036.000000 -3.108300
23038.000000 -3.500042
23040.000000 -3.891785
23042.000000 -4.274624
23044.000000 -4.666367
23046.000000 -1.167393
23048.000000 0.000000
23050.000000 0.000000
23052.000000 0.000000
23054.000000 0.000000
23056.000000 0.000000
23058.000000 0.000000
23060.000000 0.000000
23062.000000 0.000000
23064.000000 0.000000
23066.000000 0.000000
23068.000000 0.000000
23070.000000 0.000000
23072.000000 0.000000
23074.000000 0.000000
23076.000000 0.000000
23078.000000 0.000000
23080.000000 0.000000
23082.000000 0.000000
23084.000000 0.000000
23086.000000 0.000000
23088.000000 0.000000
23090.000000 0.000000
23092.000000 0.000000
23094.000000 0.000000
23096.000000 0.000000
23098.000000 0.000000
23100.000000 0.000000
23102.000000 0.000000
23104.000000 0.000000
23106.000000 0.000000
23108.000000 0.000000
23110.000000 0.000000
23112.000000 0.000000
23114.000000 0.000000
23116.000000 0.000000
23118.000000 0.000000
23120.000000 0.000000
23122.000000 0.000000
23124.000000 0.000000
23126.000000 0.000000
23128.000000 0.000000
23130.000000 0.000000
23132.000000 0.000000
23134.000000 0.000000
23136.000000 0.000000
23138.000000 0.000000
23140.000000 0.000000
23142.000000 0.000000
23144.000000 0.000000
23146.000000 0.000000
23148.000000 0.000000
23150.000000 0.000000
23152.000000 0.000000
23154.000000 0.000000
23156.000000 0.000000
23158.000000 0.000000
23160.000000 0.000000
23162.000000 0.000000
23164.000000 0.000000
23166.000000 0.000000
23168.000000 0.000000
23170.000000 0.000000
23172.000000 0.000000
23174.000000 0.000000
23176.000000 0.000000
23178.000000 0.000000
23180.000000 0.000000
23182.000000 0.000000
23184.000000 0.000000
23186.000000 0.000000
23188.000000 0.000000
23190.000000 0.000000
23192.000000 0.000000
23194.000000 0.000000
23196.000000 0.000000
23198.000000 0.000000
23200.000000 0.000000
23202.000000 0.000000
23204.000000 0.000000
23206.000000 0.000000
23208.000000 0.000000
23210.000000 0.000000
23212.000000 0.000000
23214.000000 0.000000
23216.000000 0.000000
23218.000000 0.000000
23220.000000 0.000000
23222.000000 0.000000
23224.000000 0.000000
23226.000000 0.000000
23228.000000 0.000000
23230.000000 0.000000
23232.000000 0.000000
23234.000000 0.000000
23236.000000 0.000000
23238.000000 0.000000
23240.000000 0.000000
23242.000000 0.000000
23244.000000 0.000000
23246.000000 0.000000
23248.000000 0.000000
23250.000000 0.000000
23252.000000 0.000000
23254.000000 0.000000
23256.000000 0.000000
23258.000000 0.000000
23260.000000 0.000000
23262.000000 0.000000
23264.000000 0.000000
23266.000000 0.000000
23268.000000 0.000000
23270.000000 0.000000
23272.000000 0.000000
23274.000000 0.000000
23276.000000 0.000000
23278.000000 0.000000
23280.000000 0.000000
23282.000000 0.000000
23284.000000 0.000000
23286.000000 0.000000
23288.000000 0.000000
23290.000000 0.000000
23292.000000 0.000000
23294.000000 0.000000
23296.000000 0.000000
23298.000000 0.000000
23300.000000 0.000000
23302.000000 0.000000
23304.000000 0.000000
23306.000000 0.000000
23308.000000 0.000000
23310.000000 0.000000
23312.000000 0.000000
23314.000000 0.000000
23316.000000 0.000000
23318.000000 0.000000
23320.000000 0.000000
23322.000000 0.000000
23324.000000 0.000000
23326.000000 0.000000
23328.000000 0.000000
23330.000000 0.000000
23332.000000 0.000000
23334.000000 0.000000
23336.000000 0.000000
23338.000000 0.000000
23340.000000 0.000000
23342.000000 0.000000
23344.000000 0.000000
23346.000000 0.000000
23348.000000 0.000000
23350.000000 0.000000
23352.000000 0.000000
23354.000000 0.000000
23356.000000 0.000000
23358.000000 0.000000
23360.000000 0.000000
23362.000000 0.000000
23364.000000 0.000000
23366.000000 0.000000
23368.000000 0.000000
23370.000000 0.000000
23372.000000 0.000000
23374.000000 0.000000
23376.000000 0.000000
23378.000000 0.000000
23380.000000 0.000000
23382.000000 0.000000
23384.000000 0.000000
23386.000000 0.000000
23388.000000 0.000000
23390.000000 0.000000
23392.000000 0.000000
23394.000000 0.000000
23396.000000 0.000000
23398.000000 0.000000
23400.000000 0.000000
23402.000000 0.000000
23404.000000 0.000000
23406.000000 0.000000
23408.000000 2.828559
23410.000000 1.414927
23412.000000 0.001295
23414.000000 0.000000
23416.000000 0.000000
23418.000000 0.000000
23420.000000 0.000000
23422.000000 0.000000
23424.000000 0.000000
23426.000000 0.000000
23428.000000 0.000000
23430.000000 0.000000
23432.000000 0.000000
23434.000000 0.000000
23436.000000 2.828559
23438.000000 1.414927
23440.000000 0.001295
23442.000000 0.000000
23444.000000 0.000000
23446.000000 0.000000
23448.000000 0.000000
23450.000000 0.000000
23452.000000 0.001295
23454.000000 2.828559
23456.000000 5.655823
23458.000000 2.828559
23460.000000 0.001295
23462.000000 0.000000
23464.000000 0.000000
23466.000000 0.000000
23468.000000 0.000000
23470.000000 0.000000
23472.000000 0.000000
23474.000000 0.000000
23476.000000 0.000000
23478.000000 0.000000
23480.000000 0.000000
23482.000000 0.000000
23484.000000 0.000000
23486.000000 0.000000
23488.000000 0.000000
23490.000000 0.000000
23492.000000 0.000000
23494.000000 0.000000
23496.000000 0.000000
23498.000000 0.000000
23500.000000 0.000000
23502.000000 0.000000
23504.000000 0.000000
23506.000000 0.000000
23508.000000 0.000000
23510.000000 0.000000
23512.000000 0.000000
23514.000000 0.000000
23516.000000 0.000000
23518.000000 0.000000
23520.000000 0.000000
23522.000000 0.000000
23524.000000 0.000000
23526.000000 0.000000
23528.000000 0.000000
23530.000000 0.000000
23532.000000 0.000000
23534.000000 0.000000
23536.000000 0.000000
23538.000000 0.000000
23540.000000 0.000000
23542.000000 0.000000
23544.000000 0.000000
23546.000000 0.000000
23548.000000 0.000000
23550.000000 0.000000
23552.000000 0.000000
23554.000000 0.000000
23556.000000 -0.001068
23558.000000 -10.497990
23560.000000 -21.003814
23562.000000 -22.170139
23564.000000 -23.336463
23566.000000 -22.170139
23568.000000 -21.003814
23570.000000 -18.671165
23572.000000 -16.338516
23574.000000 -14.005867
23576.000000 -11.673217
23578.000000 -9.340568
23580.000000 -6.999016
23582.000000 -8.165340
23584.000000 -9.331665
23586.000000 -5.832691
23588.000000 -2.333718
23590.000000 -1.167393
23592.000000 -0.001068
23594.000000 0.000000
23596.000000 0.000000
23598.000000 0.000000
23600.000000 0.000000
23602.000000 0.000000
23604.000000 0.000000
23606.000000 0.000000
23608.000000 0.000000
23610.000000 0.000000
23612.000000 0.000000
23614.000000 0.000000
23616.000000 0.000000
23618.000000 0.000000
23620.000000 0.000000
23622.000000 0.000000
23624.000000 0.000000
23626.000000 0.000000
23628.000000 0.000000
23630.000000 0.000000
23632.000000 0.000000
23634.000000 0.000000
23636.000000 0.000000
23638.000000 0.000000
23640.000000 0.000000
23642.000000 0.000000
23644.000000 0.000000
23646.000000 0.000000
23648.000000 0.000000
23650.000000 0.000000
23652.000000 0.000000
23654.000000 0.000000
23656.000000 0.000000
23658.000000 0.000000
23660.000000 0.000000
23662.000000 0.000000
23664.000000 0.000000
23666.000000 0.000000
23668.000000 0.000000
23670.000000 0.000000
23672.000000 -2.333718
23674.000000 -1.167393
23676.000000 -0.001068
23678.000000 0.000000
23680.000000 0.000000
23682.000000 0.000000
23684.000000 0.000000
23686.000000 0.000000
23688.000000 0.000000
23690.000000 0.000000
23692.000000 0.000000
23694.000000 0.000000
23696.000000 -2.333718
23698.000000 -5.832691
23700.000000 -9.331665
23702.000000 -8.165340
23704.000000 -6.999016
23706.000000 -9.340568
23708.000000 -11.673217
23710.000000 -9.340568
23712.000000 -6.999016
23714.000000 -2.333718
23716.000000 0.000000
23718.000000 0.000000
23720.000000 0.000000
23722.000000 0.000000
23724.000000 0.000000
23726.000000 -1.167393
23728.000000 -4.666367
23730.000000 -1.167393
23732.000000 0.000000
23734.000000 0.000000
23736.000000 0.000000
23738.000000 0.000000
23740.000000 0.000000
23742.000000 0.000000
23744.000000 0.000000
23746.000000 0.000000
23748.000000 0.000000
23750.000000 0.000000
23752.000000 0.000000
23754.000000 0.000000
23756.000000 0.000000
23758.000000 0.000000
23760.000000 0.000000
23762.000000 0.000000
23764.000000 0.000000
23766.000000 0.000000
23768.000000 0.000000
23770.000000 0.000000
23772.000000 0.000000
23774.000000 0.000000
23776.000000 0.000000
23778.000000 0.000000
23780.000000 0.000000
23782.000000 0.000000
23784.000000 0.000000
23786.000000 0.000000
23788.000000 0.000000
23790.000000 0.000000
23792.000000 0.000000
23794.000000 0.000000
23796.000000 0.000000
23798.000000 0.000000
23800.000000 0.000000
23802.000000 0.000000
23804.000000 0.000000
23806.000000 0.000000
23808.000000 0.000000
23810.000000 0.000000
23812.000000 0.000000
23814.000000 0.000000
23816.000000 0.000000
23818.000000 0.000000
23820.000000 0.000000
23822.000000 0.000000
23824.000000 0.000000
23826.000000 0.000000
23828.000000 0.000000
23830.000000 0.000000
23832.000000 0.000000
23834.000000 0.000000
23836.000000 0.000000
23838.000000 0.000000
23840.000000 0.000000
23842.000000 0.000000
23844.000000 0.000000
23846.000000 0.000000
23848.000000 0.000000
23850.000000 0.000000
23852.000000 0.000000
23854.000000 0.000000
23856.000000 0.000000
23858.000000 0.000000
23860.000000 0.000000
23862.000000 0.000000
23864.000000 0.000000
23866.000000 0.000000
23868.000000 0.000000
23870.000000 0.000000
23872.000000 0.000000
23874.000000 0.000000
23876.000000 0.000000
23878.000000 0.000000
23880.000000 0.000000
23882.000000 0.000000
23884.000000 0.000000
23886.000000 0.000000
23888.000000 0.000000
23890.000000 0.000000
23892.000000 0.000000
23894.000000 0.000000
23896.000000 0.000000
23898.000000 0.000000
23900.000000 0.000000
23902.000000 0.000000
23904.000000 0.000000
23906.000000 0.000000
23908.000000 0.000000
23910.000000 0.000000
23912.000000 0.000000
23914.000000 0.000000
23916.000000 0.000000
23918.000000 0.000000
23920.000000 0.000000
23922.000000 0.000000
23924.000000 0.000000
23926.000000 0.000000
23928.000000 0.000000
23930.000000 0.000000
23932.000000 0.000000
23934.000000 0.000000
23936.000000 0.000000
23938.000000 0.000000
23940.000000 0.000000
23942.000000 0.000000
23944.000000 0.000000
23946.000000 0.000000
23948.000000 0.000000
23950.000000 1.414927
23952.000000 5.655823
23954.000000 6.594647
23956.000000 7.544263
23958.000000 8.483087
23960.000000 9.421912
23962.000000 10.371527
23964.000000 11.310351
23966.000000 2.828559
23968.000000 0.000000
23970.000000 0.000000
23972.000000 0.000000
23974.000000 0.000000
23976.000000 0.000000
23978.000000 0.000000
23980.000000 0.000000
23982.000000 0.000000
23984.000000 0.000000
23986.000000 0.000000
23988.000000 0.000000
23990.000000 0.000000
23992.000000 0.000000
23994.000000 0.000000
23996.000000 0.000000
23998.000000 0.000000
24000.000000 0.000000
24002.000000 0.000000
24004.000000 0.000000
24006.000000 0.000000
24008.000000 0.000000
24010.000000 0.000000
24012.000000 -0.001068
24014.000000 -7.007919
24016.000000 -14.005867
24018.000000 -12.839542
24020.000000 -11.673217
24022.000000 -10.497990
24024.000000 -9.331665
24026.000000 -5.832691
24028.000000 -2.333718
24030.000000 0.000000
24032.000000 0.000000
24034.000000 0.000000
24036.000000 0.000000
24038.000000 0.000000
24040.000000 0.000000
24042.000000 0.000000
24044.000000 -0.001068
24046.000000 -1.167393
24048.000000 -2.333718
24050.000000 -3.500042
24052.000000 -4.666367
24054.000000 -2.333718
24056.000000 -0.001068
24058.000000 0.000000
24060.000000 0.000000
24062.000000 0.000000
24064.000000 0.000000
24066.000000 0.000000
24068.000000 0.000000
24070.000000 0.000000
24072.000000 0.000000
24074.000000 0.000000
24076.000000 0.000000
24078.000000 0.000000
24080.000000 -0.001068
24082.000000 -1.167393
24084.000000 -2.333718
24086.000000 0.000000
24088.000000 0.000000
24090.000000 0.000000
24092.000000 0.000000
24094.000000 0.000000
24096.000000 0.000000
24098.000000 0.000000
24100.000000 -0.001068
24102.000000 -0.392811
24104.000000 -0.775650
24106.000000 -1.167393
24108.000000 -1.559136
24110.000000 -1.941975
24112.000000 -2.333718
24114.000000 0.000000
24116.000000 0.000000
24118.000000 0.000000
24120.000000 0.000000
24122.000000 0.000000
24124.000000 0.000000
24126.000000 0.000000
24128.000000 0.000000
24130.000000 0.000000
24132.000000 0.000000
24134.000000 0.000000
24136.000000 0.000000
24138.000000 0.000000
24140.000000 0.000000
24142.000000 0.000000
24144.000000 0.000000
24146.000000 0.000000
24148.000000 0.000000
24150.000000 0.000000
24152.000000 0.000000
24154.000000 0.000000
24156.000000 0.000000
24158.000000 0.000000
24160.000000 0.000000
24162.000000 0.000000
24164.000000 0.000000
24166.000000 0.000000
24168.000000 0.000000
24170.000000 0.000000
24172.000000 0.000000
24174.000000 0.000000
24176.000000 0.000000
24178.000000 0.000000
24180.000000 0.000000
24182.000000 0.000000
24184.000000 0.000000
24186.000000 0.000000
24188.000000 0.000000
24190.000000 0.000000
24192.000000 0.000000
24194.000000 0.000000
24196.000000 0.000000
24198.000000 0.000000
24200.000000 0.000000
24202.000000 0.000000
24204.000000 0.000000
24206.000000 0.000000
24208.000000 0.000000
24210.000000 0.000000
24212.000000 0.000000
24214.000000 0.000000
24216.000000 0.000000
24218.000000 0.000000
24220.000000 -0.001068
24222.000000 -0.579779
24224.000000 -1.167393
24226.000000 -1.755007
24228.000000 -2.333718
24230.000000 -0.001068
24232.000000 0.000000
24234.000000 0.000000
24236.000000 0.000000
24238.000000 0.000000
24240.000000 0.000000
24242.000000 0.000000
24244.000000 0.000000
24246.000000 0.000000
24248.000000 0.000000
24250.000000 0.000000
24252.000000 0.000000
24254.000000 0.000000
24256.000000 0.000000
24258.000000 0.000000
24260.000000 0.000000
24262.000000 0.000000
24264.000000 0.000000
24266.000000 0.000000
24268.000000 0.000000
24270.000000 0.000000
24272.000000 0.000000
24274.000000 0.000000
24276.000000 0.000000
24278.000000 0.000000
24280.000000 0.000000
24282.000000 0.000000
24284.000000 0.000000
24286.000000 0.000000
24288.000000 0.000000
24290.000000 0.000000
24292.000000 0.000000
24294.000000 0.000000
24296.000000 0.000000
24298.000000 0.000000
24300.000000 0.000000
24302.000000 0.000000
24304.000000 0.000000
24306.000000 0.000000
24308.000000 0.000000
24310.000000 0.000000
24312.000000 0.000000
24314.000000 0.000000
24316.000000 0.000000
24318.000000 0.000000
24320.000000 0.000000
24322.000000 0.000000
24324.000000 0.000000
24326.000000 0.000000
24328.000000 0.000000
24330.000000 0.000000
24332.000000 0.000000
24334.000000 0.000000
24336.000000 0.000000
24338.000000 0.000000
24340.000000 0.000000
24342.000000 -0.001068
24344.000000 -4.666367
24346.000000 -5.832691
24348.000000 -6.999016
24350.000000 -3.500042
24352.000000 -0.001068
24354.000000 0.000000
24356.000000 0.000000
24358.000000 0.000000
24360.000000 0.000000
24362.000000 0.000000
24364.000000 0.000000
24366.000000 0.000000
24368.000000 0.000000
24370.000000 0.000000
24372.000000 0.000000
24374.000000 0.000000
24376.000000 0.000000
24378.000000 -1.746104
24380.000000 -3.500042
24382.000000 -5.245077
24384.000000 -6.999016
24386.000000 -8.165340
24388.000000 -9.331665
24390.000000 -11.673217
24392.000000 -14.005867
24394.000000 -12.839542
24396.000000 -11.673217
24398.000000 -10.497990
24400.000000 -9.331665
24402.000000 -8.165340
24404.000000 -6.999016
24406.000000 -4.666367
24408.000000 -2.333718
24410.000000 -1.167393
24412.000000 -0.001068
24414.000000 0.000000
24416.000000 0.000000
24418.000000 0.000000
24420.000000 0.000000
24422.000000 0.000000
24424.000000 0.000000
24426.000000 0.000000
24428.000000 0.000000
24430.000000 0.000000
24432.000000 0.000000
24434.000000 0.000000
24436.000000 0.000000
24438.000000 0.000000
24440.000000 0.000000
24442.000000 0.000000
24444.000000 0.000000
24446.000000 0.000000
24448.000000 0.000000
24450.000000 0.000000
24452.000000 0.000000
24454.000000 0.000000
24456.000000 0.000000
24458.000000 0.000000
24460.000000 -0.001068
24462.000000 0.000000
24464.000000 0.000000
24466.000000 0.000000
24468.000000 0.000000
24470.000000 0.000000
24472.000000 0.000000
24474.000000 0.000000
24476.000000 0.000000
24478.000000 0.000000
24480.000000 0.000000
24482.000000 0.000000
24484.000000 0.000000
24486.000000 0.000000
24488.000000 0.000000
24490.000000 0.000000
24492.000000 0.000000
24494.000000 0.000000
24496.000000 -0.001068
24498.000000 -4.666367
24500.000000 -9.331665
24502.000000 -6.999016
24504.000000 -4.666367
24506.000000 -5.832691
24508.000000 -6.999016
24510.000000 -9.340568
24512.000000 -11.673217
24514.000000 -10.497990
24516.000000 -9.331665
24518.000000 -4.666367
24520.000000 -0.001068
24522.000000 0.000000
24524.000000 0.000000
24526.000000 0.000000
24528.000000 0.000000
24530.000000 0.000000
24532.000000 -0.001068
24534.000000 -1.167393
24536.000000 -2.333718
24538.000000 -0.001068
24540.000000 0.000000
24542.000000 0.000000
24544.000000 0.000000
24546.000000 0.000000
24548.000000 0.000000
24550.000000 0.000000
24552.000000 0.000000
24554.000000 0.000000
24556.000000 0.000000
24558.000000 0.000000
24560.000000 0.000000
24562.000000 0.000000
24564.000000 0.000000
24566.000000 0.000000
24568.000000 0.000000
24570.000000 0.000000
24572.000000 0.000000
24574.000000 0.000000
24576.000000 0.000000
24578.000000 0.000000
24580.000000 0.000000
24582.000000 0.000000
24584.000000 0.000000
24586.000000 0.000000
24588.000000 0.000000
24590.000000 0.000000
24592.000000 0.000000
24594.000000 0.000000
24596.000000 0.000000
24598.000000 0.000000
24600.000000 0.000000
24602.000000 0.000000
24604.000000 0.000000
24606.000000 0.000000
24608.000000 0.000000
24610.000000 0.000000
24612.000000 0.000000
24614.000000 0.000000
24616.000000 0.000000
24618.000000 0.000000
24620.000000 0.000000
24622.000000 0.000000
24624.000000 0.000000
24626.000000 0.000000
24628.000000 0.000000
24630.000000 0.000000
24632.000000 0.000000
24634.000000 0.000000
24636.000000 0.000000
24638.000000 0.000000
24640.000000 -0.001068
24642.000000 -3.500042
24644.000000 -6.999016
24646.000000 -10.497990
24648.000000 -14.005867
24650.000000 -19.837489
24652.000000 -25.669112
24654.000000 -24.502788
24656.000000 -23.336463
24658.000000 -19.837489
24660.000000 -16.338516
24662.000000 -14.005867
24664.000000 -11.673217
24666.000000 -8.165340
24668.000000 -4.666367
24670.000000 -2.333718
24672.000000 -0.001068
24674.000000 -3.500042
24676.000000 -6.999016
24678.000000 -5.832691
24680.000000 -4.666367
24682.000000 -4.274624
24684.000000 -3.891785
24686.000000 -3.500042
24688.000000 -3.108300
24690.000000 -2.725460
24692.000000 -2.333718
24694.000000 0.000000
24696.000000 0.000000
24698.000000 0.000000
24700.000000 0.000000
24702.000000 0.000000
24704.000000 0.000000
24706.000000 0.000000
24708.000000 0.000000
24710.000000 0.000000
24712.000000 0.000000
24714.000000 0.000000
24716.000000 0.000000
24718.000000 0.000000
24720.000000 0.000000
24722.000000 0.000000
24724.000000 0.000000
24726.000000 0.000000
24728.000000 0.000000
24730.000000 0.000000
24732.000000 0.000000
24734.000000 0.000000
24736.000000 0.000000
24738.000000 0.000000
24740.000000 0.000000
24742.000000 0.000000
24744.000000 0.000000
24746.000000 0.000000
24748.000000 0.000000
24750.000000 0.000000
24752.000000 0.000000
24754.000000 0.000000
24756.000000 0.000000
24758.000000 0.000000
24760.000000 0.000000
24762.000000 0.000000
24764.000000 0.000000
24766.000000 0.000000
24768.000000 0.000000
24770.000000 0.000000
24772.000000 0.000000
24774.000000 0.000000
24776.000000 0.000000
24778.000000 0.000000
24780.000000 0.000000
24782.000000 0.000000
24784.000000 0.000000
24786.000000 0.000000
24788.000000 0.000000
24790.000000 0.000000
24792.000000 0.000000
24794.000000 0.000000
24796.000000 0.000000
24798.000000 0.000000
24800.000000 0.000000
24802.000000 0.000000
24804.000000 0.000000
24806.000000 0.000000
24808.000000 0.000000
24810.000000 0.000000
24812.000000 0.000000
24814.000000 0.000000
24816.000000 0.000000
24818.000000 0.000000
24820.000000 0.000000
24822.000000 0.000000
24824.000000 0.000000
24826.000000 0.000000
24828.000000 0.000000
24830.000000 0.000000
24832.000000 0.000000
24834.000000 0.000000
24836.000000 0.000000
24838.000000 0.000000
24840.000000 0.000000
24842.000000 0.000000
24844.000000 0.000000
24846.000000 0.000000
24848.000000 0.000000
24850.000000 0.000000
24852.000000 0.000000
24854.000000 0.000000
24856.000000 0.000000
24858.000000 0.000000
24860.000000 0.000000
24862.000000 0.000000
24864.000000 0.000000
24866.000000 0.000000
24868.000000 0.000000
24870.000000 0.000000
24872.000000 0.000000
24874.000000 0.000000
24876.000000 0.000000
24878.000000 0.000000
24880.000000 0.000000
24882.000000 0.000000
24884.000000 0.000000
24886.000000 0.000000
24888.000000 0.000000
24890.000000 0.000000
24892.000000 0.000000
24894.000000 0.000000
24896.000000 0.000000
24898.000000 0.000000
24900.000000 0.000000
24902.000000 0.000000
24904.000000 0.000000
24906.000000 0.000000
24908.000000 0.000000
24910.000000 0.000000
24912.000000 0.000000
24914.000000 0.000000
24916.000000 0.000000
24918.000000 0.000000
24920.000000 0.000000
24922.000000 0.000000
24924.000000 0.000000
24926.000000 0.000000
24928.000000 0.000000
24930.000000 0.000000
24932.000000 0.000000
24934.000000 0.000000
24936.000000 0.000000
24938.000000 0.000000
24940.000000 0.000000
24942.000000 0.000000
24944.000000 0.000000
24946.000000 0.000000
24948.000000 0.000000
24950.000000 0.000000
24952.000000 0.000000
24954.000000 0.000000
24956.000000 0.000000
24958.000000 0.000000
24960.000000 0.000000
24962.000000 0.000000
24964.000000 0.000000
24966.000000 0.000000
24968.000000 0.000000
24970.000000 0.000000
24972.000000 0.000000
24974.000000 0.000000
24976.000000 0.000000
24978.000000 0.000000
24980.000000 -2.333718
24982.000000 -5.832691
24984.000000 -9.331665
24986.000000 -8.752954
24988.000000 -8.165340
24990.000000 -7.577727
24992.000000 -6.999016
24994.000000 -5.832691
24996.000000 -4.666367
24998.000000 -3.500042
25000.000000 -2.333718
25002.000000 -1.167393
25004.000000 -0.001068
25006.000000 -1.167393
25008.000000 -2.333718
25010.000000 -0.001068
25012.000000 0.000000
25014.000000 0.000000
25016.000000 0.000000
25018.000000 0.000000
25020.000000 0.000000
25022.000000 0.000000
25024.000000 0.000000
25026.000000 0.000000
25028.000000 0.000000
25030.000000 0.000000
25032.000000 0.000000
25034.000000 0.000000
25036.000000 0.000000
25038.000000 0.000000
25040.000000 0.000000
25042.000000 0.000000
25044.000000 0.000000
25046.000000 0.000000
25048.000000 0.000000
25050.000000 0.000000
25052.000000 0.000000
25054.000000 0.000000
25056.000000 0.000000
25058.000000 0.000000
25060.000000 0.000000
25062.000000 0.000000
25064.000000 0.000000
25066.000000 0.000000
25068.000000 0.000000
25070.000000 0.000000
25072.000000 0.000000
25074.000000 0.000000
25076.000000 0.000000
25078.000000 0.000000
25080.000000 0.000000
25082.000000 0.000000
25084.000000 0.000000
25086.000000 0.000000
25088.000000 0.000000
25090.000000 0.000000
25092.000000 0.000000
25094.000000 0.000000
25096.000000 0.000000
25098.000000 0.000000
25100.000000 0.000000
25102.000000 0.000000
25104.000000 0.000000
25106.000000 0.000000
25108.000000 -0.001068
25110.000000 0.000000
25112.000000 0.000000
25114.000000 0.000000
25116.000000 0.000000
25118.000000 0.000000
25120.000000 0.000000
25122.000000 0.000000
25124.000000 0.000000
25126.000000 0.000000
25128.000000 0.000000
25130.000000 0.000000
25132.000000 0.000000
25134.000000 0.000000
25136.000000 0.000000
25138.000000 0.000000
25140.000000 0.000000
25142.000000 0.000000
25144.000000 0.000000
25146.000000 0.000000
25148.000000 0.000000
25150.000000 0.000000
25152.000000 0.000000
25154.000000 0.000000
25156.000000 0.000000
25158.000000 0.000000
25160.000000 0.000000
25162.000000 0.000000
25164.000000 0.000000
25166.000000 0.000000
25168.000000 0.000000
25170.000000 0.000000
25172.000000 0.000000
25174.000000 0.000000
25176.000000 0.000000
25178.000000 0.000000
25180.000000 0.000000
25182.000000 0.000000
25184.000000 0.000000
25186.000000 0.000000
25188.000000 0.000000
25190.000000 0.000000
25192.000000 0.000000
25194.000000 0.000000
25196.000000 0.000000
25198.000000 0.000000
25200.000000 0.000000
25202.000000 0.000000
25204.000000 0.000000
25206.000000 0.000000
25208.000000 0.000000
25210.000000 0.000000
25212.000000 0.000000
25214.000000 0.000000
25216.000000 0.000000
25218.000000 0.000000
25220.000000 0.000000
25222.000000 0.000000
25224.000000 0.000000
25226.000000 0.000000
25228.000000 0.000000
25230.000000 2.828559
25232.000000 8.483087
25234.000000 11.321142
25236.000000 14.148406
25238.000000 12.723983
25240.000000 11.310351
25242.000000 5.655823
25244.000000 0.001295
25246.000000 0.000000
25248.000000 0.000000
25250.000000 0.000000
25252.000000 0.000000
25254.000000 0.000000
25256.000000 0.000000
25258.000000 0.000000
25260.000000 0.000000
25262.000000 0.000000
25264.000000 0.000000
25266.000000 0.000000
25268.000000 0.000000
25270.000000 0.000000
25272.000000 0.000000
25274.000000 0.000000
25276.000000 0.000000
25278.000000 0.000000
25280.000000 0.000000
25282.000000 0.000000
25284.000000 0.000000
25286.000000 0.000000
25288.000000 0.000000
25290.000000 0.000000
25292.000000 0.000000
25294.000000 0.000000
25296.000000 0.000000
25298.000000 0.000000
25300.000000 0.000000
25302.000000 0.000000
25304.000000 0.000000
25306.000000 0.000000
25308.000000 0.000000
25310.000000 0.000000
25312.000000 0.000000
25314.000000 0.000000
25316.000000 0.000000
25318.000000 0.000000
25320.000000 0.000000
25322.000000 0.000000
25324.000000 0.000000
25326.000000 0.000000
25328.000000 0.000000
25330.000000 0.000000
25332.000000 0.000000
25334.000000 0.000000
25336.000000 0.000000
25338.000000 0.000000
25340.000000 0.000000
25342.000000 0.000000
25344.000000 0.000000
25346.000000 0.000000
25348.000000 0.000000
25350.000000 0.000000
25352.000000 0.000000
25354.000000 0.000000
25356.000000 0.000000
25358.000000 0.000000
25360.000000 0.000000
25362.000000 0.000000
25364.000000 0.000000
25366.000000 0.000000
25368.000000 0.000000
25370.000000 0.000000
25372.000000 0.000000
25374.000000 0.000000
25376.000000 0.000000
25378.000000 0.000000
25380.000000 0.000000
25382.000000 0.000000
25384.000000 0.000000
25386.000000 0.000000
25388.000000 0.000000
25390.000000 0.000000
25392.000000 0.001295
25394.000000 0.000000
25396.000000 0.000000
25398.000000 0.000000
25400.000000 0.000000
25402.000000 0.000000
25404.000000 0.001295
25406.000000 0.000000
25408.000000 0.000000
25410.000000 0.000000
25412.000000 0.000000
25414.000000 0.000000
25416.000000 0.000000
25418.000000 0.000000
25420.000000 0.000000
25422.000000 0.000000
25424.000000 0.000000
25426.000000 0.000000
25428.000000 0.000000
25430.000000 0.000000
25432.000000 0.000000
25434.000000 0.000000
25436.000000 0.000000
25438.000000 0.000000
25440.000000 0.000000
25442.000000 0.000000
25444.000000 0.000000
25446.000000 0.000000
25448.000000 0.000000
25450.000000 0.000000
25452.000000 0.000000
25454.000000 0.000000
25456.000000 0.000000
25458.000000 0.000000
25460.000000 0.000000
25462.000000 0.000000
25464.000000 0.000000
25466.000000 0.000000
25468.000000 0.000000
25470.000000 0.000000
25472.000000 0.000000
25474.000000 0.000000
25476.000000 0.000000
25478.000000 0.000000
25480.000000 0.000000
25482.000000 0.000000
25484.000000 0.000000
25486.000000 0.000000
25488.000000 0.000000
25490.000000 0.000000
25492.000000 0.000000
25494.000000 0.000000
25496.000000 0.000000
25498.000000 0.000000
25500.000000 0.000000
25502.000000 0.000000
25504.000000 0.000000
25506.000000 0.000000
25508.000000 0.000000
25510.000000 0.000000
25512.000000 0.000000
25514.000000 0.000000
25516.000000 0.000000
25518.000000 0.000000
25520.000000 0.000000
25522.000000 0.000000
25524.000000 0.000000
25526.000000 0.000000
25528.000000 0.000000
25530.000000 0.000000
25532.000000 0.000000
25534.000000 0.000000
25536.000000 0.000000
25538.000000 0.000000
25540.000000 0.000000
25542.000000 0.000000
25544.000000 0.000000
25546.000000 0.000000
25548.000000 0.000000
25550.000000 0.000000
25552.000000 0.000000
25554.000000 0.000000
25556.000000 0.000000
25558.000000 0.000000
25560.000000 0.000000
25562.000000 0.000000
25564.000000 0.000000
25566.000000 0.000000
25568.000000 0.000000
25570.000000 0.000000
25572.000000 0.000000
25574.000000 0.000000
25576.000000 0.000000
25578.000000 0.000000
25580.000000 0.000000
25582.000000 0.000000
25584.000000 0.000000
25586.000000 0.000000
25588.000000 0.000000
25590.000000 0.000000
25592.000000 0.000000
25594.000000 0.000000
25596.000000 0.000000
25598.000000 0.000000
25600.000000 0.000000
25602.000000 0.000000
25604.000000 0.000000
25606.000000 0.000000
25608.000000 0.000000
25610.000000 0.000000
25612.000000 0.000000
25614.000000 0.000000
25616.000000 0.000000
25618.000000 0.000000
25620.000000 0.000000
25622.000000 0.000000
25624.000000 0.000000
25626.000000 0.000000
25628.000000 0.000000
25630.000000 0.000000
25632.000000 0.000000
25634.000000 0.000000
25636.000000 0.000000
25638.000000 0.000000
25640.000000 0.000000
25642.000000 -8.165340
25644.000000 -18.671165
25646.000000 -16.926130
25648.000000 -15.172191
25650.000000 -13.418253
25652.000000 -11.673217
25654.000000 -5.832691
25656.000000 -0.001068
25658.000000 0.000000
25660.000000 0.000000
25662.000000 0.000000
25664.000000 0.000000
25666.000000 0.000000
25668.000000 0.000000
25670.000000 0.000000
25672.000000 0.000000
25674.000000 0.000000
25676.000000 0.000000
25678.000000 0.000000
25680.000000 0.000000
25682.000000 0.000000
25684.000000 0.000000
25686.000000 0.000000
25688.000000 0.000000
25690.000000 0.000000
25692.000000 0.000000
25694.000000 0.000000
25696.000000 0.000000
25698.000000 0.000000
25700.000000 0.000000
25702.000000 0.000000
25704.000000 0.000000
25706.000000 0.000000
25708.000000 0.000000
25710.000000 0.000000
25712.000000 0.000000
25714.000000 0.000000
25716.000000 0.000000
25718.000000 0.000000
25720.000000 0.000000
25722.000000 0.000000
25724.000000 0.000000
25726.000000 0.000000
25728.000000 0.000000
25730.000000 0.000000
25732.000000 0.000000
25734.000000 0.000000
25736.000000 0.000000
25738.000000 0.000000
25740.000000 0.000000
25742.000000 0.000000
25744.000000 0.000000
25746.000000 0.000000
25748.000000 0.000000
25750.000000 0.000000
25752.000000 0.000000
25754.000000 0.000000
25756.000000 0.000000
25758.000000 0.000000
25760.000000 0.000000
25762.000000 0.000000
25764.000000 0.000000
25766.000000 0.000000
25768.000000 0.000000
25770.000000 0.000000
25772.000000 0.000000
25774.000000 0.000000
25776.000000 0.000000
25778.000000 0.000000
25780.000000 0.000000
25782.000000 0.000000
25784.000000 0.000000
25786.000000 0.000000
25788.000000 0.000000
25790.000000 0.000000
25792.000000 0.000000
25794.000000 0.000000
25796.000000 0.000000
25798.000000 0.000000
25800.000000 0.000000
25802.000000 0.000000
25804.000000 0.000000
25806.000000 0.000000
25808.000000 0.000000
25810.000000 0.000000
25812.000000 0.000000
25814.000000 0.000000
25816.000000 0.000000
25818.000000 0.000000
25820.000000 0.000000
25822.000000 0.000000
25824.000000 0.000000
25826.000000 0.000000
25828.000000 0.000000
25830.000000 0.000000
25832.000000 0.000000
25834.000000 0.000000
25836.000000 0.000000
25838.000000 0.000000
25840.000000 0.000000
25842.000000 0.000000
25844.000000 0.000000
25846.000000 0.000000
25848.000000 0.000000
25850.000000 0.000000
25852.000000 0.000000
25854.000000 0.000000
25856.000000 0.000000
25858.000000 0.000000
25860.000000 0.000000
25862.000000 0.000000
25864.000000 0.000000
25866.000000 0.000000
25868.000000 0.000000
25870.000000 0.000000
25872.000000 0.000000
25874.000000 0.000000
25876.000000 0.000000
25878.000000 0.000000
25880.000000 0.000000
25882.000000 0.000000
25884.000000 0.000000
25886.000000 0.000000
25888.000000 0.000000
25890.000000 0.000000
25892.000000 0.000000
25894.000000 0.000000
25896.000000 0.000000
25898.000000 0.000000
25900.000000 0.000000
25902.000000 0.000000
25904.000000 0.000000
25906.000000 0.000000
25908.000000 0.000000
25910.000000 0.000000
25912.000000 0.000000
25914.000000 0.000000
25916.000000 0.000000
25918.000000 0.000000
25920.000000 0.000000
25922.000000 0.000000
25924.000000 0.000000
25926.000000 0.000000
25928.000000 0.000000
25930.000000 0.000000
25932.000000 0.000000
25934.000000 0.000000
25936.000000 0.000000
25938.000000 0.000000
25940.000000 0.000000
25942.000000 0.000000
25944.000000 0.000000
25946.000000 0.000000
25948.000000 0.000000
25950.000000 0.000000
25952.000000 0.000000
25954.000000 0.000000
25956.000000 0.000000
25958.000000 0.000000
25960.000000 0.000000
25962.000000 0.000000
25964.000000 0.000000
25966.000000 0.000000
25968.000000 0.000000
25970.000000 0.000000
25972.000000 0.000000
25974.000000 0.000000
25976.000000 0.000000
25978.000000 0.000000
25980.000000 0.000000
25982.000000 0.000000
25984.000000 0.000000
25986.000000 0.000000
25988.000000 0.000000
25990.000000 0.000000
25992.000000 0.000000
25994.000000 0.000000
25996.000000 0.000000
25998.000000 0.000000
26000.000000 0.000000
26002.000000 0.000000
26004.000000 0.000000
26006.000000 0.000000
26008.000000 0.000000
26010.000000 0.000000
26012.000000 0.000000
26014.000000 0.000000
26016.000000 0.000000
26018.000000 0.000000
26020.000000 0.000000
26022.000000 0.000000
26024.000000 0.000000
26026.000000 0.000000
26028.000000 0.000000
26030.000000 0.000000
26032.000000 0.000000
26034.000000 0.000000
26036.000000 0.000000
26038.000000 0.000000
26040.000000 0.000000
26042.000000 0.000000
26044.000000 0.000000
26046.000000 0.000000
26048.000000 0.000000
26050.000000 0.000000
26052.000000 0.000000
26054.000000 0.000000
26056.000000 0.000000
26058.000000 0.000000
26060.000000 0.000000
26062.000000 0.000000
26064.000000 0.000000
26066.000000 0.000000
26068.000000 0.000000
26070.000000 0.000000
26072.000000 0.000000
26074.000000 0.000000
26076.000000 0.000000
26078.000000 0.000000
26080.000000 0.000000
26082.000000 0.000000
26084.000000 0.000000
26086.000000 0.000000
26088.000000 0.000000
26090.000000 0.000000
26092.000000 0.000000
26094.000000 0.000000
26096.000000 0.000000
26098.000000 0.000000
26100.000000 0.000000
26102.000000 0.000000
26104.000000 0.000000
26106.000000 0.000000
26108.000000 0.000000
26110.000000 0.000000
26112.000000 0.000000
26114.000000 0.000000
26116.000000 0.000000
26118.000000 0.000000
26120.000000 0.000000
26122.000000 0.000000
26124.000000 0.000000
26126.000000 0.000000
26128.000000 0.000000
26130.000000 0.000000
26132.000000 0.000000
26134.000000 0.000000
26136.000000 0.000000
26138.000000 0.000000
26140.000000 0.000000
26142.000000 0.000000
26144.000000 0.000000
26146.000000 0.000000
26148.000000 0.000000
26150.000000 0.000000
26152.000000 0.000000
26154.000000 0.000000
26156.000000 0.000000
26158.000000 0.000000
26160.000000 0.000000
26162.000000 0.000000
26164.000000 0.000000
26166.000000 0.000000
26168.000000 0.000000
26170.000000 0.000000
26172.000000 0.000000
26174.000000 -0.001068
26176.000000 -2.333718
26178.000000 -1.167393
26180.000000 -0.001068
26182.000000 0.000000
26184.000000 0.000000
26186.000000 0.000000
26188.000000 0.000000
26190.000000 0.000000
26192.000000 0.000000
26194.000000 0.000000
26196.000000 0.000000
26198.000000 0.000000
26200.000000 0.000000
26202.000000 0.000000
26204.000000 0.000000
26206.000000 0.000000
26208.000000 0.000000
26210.000000 0.000000
26212.000000 -0.001068
26214.000000 -1.167393
26216.000000 -2.333718
26218.000000 0.000000
26220.000000 0.000000
26222.000000 0.000000
26224.000000 0.000000
26226.000000 0.000000
26228.000000 0.000000
26230.000000 0.000000
26232.000000 0.000000
26234.000000 0.000000
26236.000000 0.000000
26238.000000 0.000000
26240.000000 0.000000
26242.000000 0.000000
26244.000000 -0.001068
26246.000000 0.000000
26248.000000 0.000000
26250.000000 0.000000
26252.000000 0.000000
26254.000000 0.000000
26256.000000 0.000000
26258.000000 0.000000
26260.000000 0.000000
26262.000000 0.000000
26264.000000 0.000000
26266.000000 0.000000
26268.000000 0.000000
26270.000000 0.000000
26272.000000 0.000000
26274.000000 0.000000
26276.000000 0.000000
26278.000000 0.000000
26280.000000 0.000000
26282.000000 0.000000
26284.000000 0.000000
26286.000000 0.000000
26288.000000 0.000000
26290.000000 0.000000
26292.000000 0.000000
26294.000000 0.000000
26296.000000 0.000000
26298.000000 0.000000
26300.000000 0.000000
26302.000000 0.000000
26304.000000 0.000000
26306.000000 0.000000
26308.000000 0.000000
26310.000000 0.000000
26312.000000 0.000000
26314.000000 0.000000
26316.000000 0.000000
26318.000000 0.000000
26320.000000 0.000000
26322.000000 0.000000
26324.000000 0.000000
26326.000000 0.000000
26328.000000 0.000000
26330.000000 0.000000
26332.000000 0.000000
26334.000000 0.000000
26336.000000 0.000000
26338.000000 0.000000
26340.000000 0.000000
26342.000000 0.000000
26344.000000 0.000000
26346.000000 0.000000
26348.000000 0.000000
26350.000000 0.000000
26352.000000 0.000000
26354.000000 0.000000
26356.000000 0.000000
26358.000000 0.000000
26360.000000 0.000000
26362.000000 0.000000
26364.000000 0.000000
26366.000000 0.000000
26368.000000 0.000000
26370.000000 0.000000
26372.000000 0.000000
26374.000000 0.000000
26376.000000 0.000000
26378.000000 0.000000
26380.000000 0.000000
26382.000000 0.000000
26384.000000 0.000000
26386.000000 0.000000
26388.000000 0.000000
26390.000000 0.000000
26392.000000 0.000000
26394.000000 0.000000
26396.000000 0.000000
26398.000000 0.000000
26400.000000 0.000000
26402.000000 0.000000
26404.000000 0.000000
26406.000000 0.000000
26408.000000 0.000000
26410.000000 0.000000
26412.000000 0.000000
26414.000000 0.000000
26416.000000 0.000000
26418.000000 0.000000
26420.000000 0.000000
26422.000000 0.000000
26424.000000 0.000000
26426.000000 0.000000
26428.000000 0.000000
26430.000000 0.000000
26432.000000 0.000000
26434.000000 0.000000
26436.000000 0.000000
26438.000000 0.000000
26440.000000 0.000000
26442.000000 0.000000
26444.000000 0.000000
26446.000000 0.000000
26448.000000 0.000000
26450.000000 0.000000
26452.000000 0.000000
26454.000000 0.000000
26456.000000 0.000000
26458.000000 0.000000
26460.000000 0.000000
26462.000000 0.000000
26464.000000 0.000000
26466.000000 0.000000
26468.000000 0.000000
26470.000000 0.000000
26472.000000 0.000000
26474.000000 0.000000
26476.000000 0.000000
26478.000000 0.000000
26480.000000 0.000000
26482.000000 0.000000
26484.000000 0.000000
26486.000000 0.000000
26488.000000 0.000000
26490.000000 0.000000
26492.000000 0.000000
26494.000000 0.000000
26496.000000 0.000000
26498.000000 0.000000
26500.000000 0.000000
26502.000000 0.000000
26504.000000 0.000000
26506.000000 0.000000
26508.000000 0.000000
26510.000000 0.000000
26512.000000 0.000000
26514.000000 0.000000
26516.000000 0.000000
26518.000000 0.000000
26520.000000 0.000000
26522.000000 0.000000
26524.000000 0.000000
26526.000000 0.000000
26528.000000 0.000000
26530.000000 0.000000
26532.000000 0.000000
26534.000000 0.000000
26536.000000 0.000000
26538.000000 0.000000
26540.000000 0.000000
26542.000000 0.000000
26544.000000 0.000000
26546.000000 0.000000
26548.000000 0.000000
26550.000000 0.000000
26552.000000 0.000000
26554.000000 0.000000
26556.000000 0.000000
26558.000000 0.000000
26560.000000 0.000000
26562.000000 0.000000
26564.000000 0.000000
26566.000000 0.000000
26568.000000 0.000000
26570.000000 0.000000
26572.000000 0.000000
26574.000000 0.000000
26576.000000 0.000000
26578.000000 0.000000
26580.000000 0.000000
26582.000000 0.000000
26584.000000 0.000000
26586.000000 0.000000
26588.000000 0.000000
26590.000000 0.000000
26592.000000 0.000000
26594.000000 0.000000
26596.000000 0.000000
26598.000000 0.000000
26600.000000 0.000000
26602.000000 0.000000
26604.000000 0.000000
26606.000000 0.000000
26608.000000 0.000000
26610.000000 0.000000
26612.000000 0.000000
26614.000000 0.000000
26616.000000 0.000000
26618.000000 0.000000
26620.000000 0.000000
26622.000000 0.000000
26624.000000 0.000000
26626.000000 0.000000
26628.000000 0.000000
26630.000000 0.000000
26632.000000 0.000000
26634.000000 0.000000
26636.000000 0.000000
26638.000000 0.000000
26640.000000 0.000000
26642.000000 0.000000
26644.000000 0.000000
26646.000000 0.000000
26648.000000 0.000000
26650.000000 0.000000
26652.000000 0.000000
26654.000000 0.000000
26656.000000 0.000000
26658.000000 0.000000
26660.000000 0.000000
26662.000000 0.000000
26664.000000 0.000000
26666.000000 0.000000
26668.000000 0.000000
26670.000000 0.000000
26672.000000 0.000000
26674.000000 0.000000
26676.000000 0.000000
26678.000000 0.000000
26680.000000 0.000000
26682.000000 0.000000
26684.000000 0.000000
26686.000000 0.000000
26688.000000 0.000000
26690.000000 0.000000
26692.000000 0.000000
26694.000000 0.000000
26696.000000 0.000000
26698.000000 0.000000
26700.000000 0.000000
26702.000000 0.000000
26704.000000 0.000000
26706.000000 0.000000
26708.000000 0.000000
26710.000000 0.000000
26712.000000 0.000000
26714.000000 0.000000
26716.000000 0.000000
26718.000000 0.000000
26720.000000 0.000000
26722.000000 0.000000
26724.000000 0.000000
26726.000000 0.000000
26728.000000 0.000000
26730.000000 0.000000
26732.000000 0.000000
26734.000000 0.000000
26736.000000 -0.775650
26738.000000 -2.716557
26740.000000 -4.666367
26742.000000 -2.333718
26744.000000 -0.001068
26746.000000 0.000000
26748.000000 0.000000
26750.000000 0.000000
26752.000000 0.000000
26754.000000 0.000000
26756.000000 0.000000
26758.000000 0.000000
26760.000000 0.000000
26762.000000 0.000000
26764.000000 0.000000
26766.000000 0.000000
26768.000000 0.000000
26770.000000 0.000000
26772.000000 0.000000
26774.000000 0.000000
26776.000000 -0.001068
26778.000000 0.000000
26780.000000 0.000000
26782.000000 0.000000
26784.000000 0.000000
26786.000000 0.000000
26788.000000 0.000000
26790.000000 0.000000
26792.000000 -0.001068
26794.000000 -7.007919
26796.000000 -14.005867
26798.000000 -12.839542
26800.000000 -11.673217
26802.000000 -7.007919
26804.000000 -2.333718
26806.000000 0.000000
26808.000000 0.000000
26810.000000 0.000000
26812.000000 0.000000
26814.000000 0.000000
26816.000000 0.000000
26818.000000 0.000000
26820.000000 -6.999016
26822.000000 -12.830639
26824.000000 -18.671165
26826.000000 -19.837489
26828.000000 -21.003814
26830.000000 -18.671165
26832.000000 -16.338516
26834.000000 -12.830639
26836.000000 -9.331665
26838.000000 -8.165340
26840.000000 -6.999016
26842.000000 -3.500042
26844.000000 -0.001068
26846.000000 0.000000
26848.000000 0.000000
26850.000000 0.000000
26852.000000 0.000000
26854.000000 0.000000
26856.000000 0.000000
26858.000000 0.000000
26860.000000 0.000000
26862.000000 0.000000
26864.000000 0.000000
26866.000000 0.000000
26868.000000 0.000000
26870.000000 0.000000
26872.000000 0.000000
26874.000000 0.000000
26876.000000 0.000000
26878.000000 0.000000
26880.000000 0.000000
26882.000000 0.000000
26884.000000 0.000000
26886.000000 0.000000
26888.000000 0.000000
26890.000000 0.000000
26892.000000 0.000000
26894.000000 0.000000
26896.000000 0.000000
26898.000000 0.000000
26900.000000 0.000000
26902.000000 0.000000
26904.000000 0.000000
26906.000000 0.000000
26908.000000 0.000000
26910.000000 0.000000
26912.000000 0.000000
26914.000000 0.000000
26916.000000 0.000000
26918.000000 0.000000
26920.000000 0.000000
26922.000000 0.000000
26924.000000 0.000000
26926.000000 0.000000
26928.000000 0.000000
26930.000000 0.000000
26932.000000 0.000000
26934.000000 0.000000
26936.000000 0.000000
26938.000000 0.000000
26940.000000 0.000000
26942.000000 0.000000
26944.000000 0.000000
26946.000000 0.000000
26948.000000 0.000000
26950.000000 0.000000
26952.000000 0.000000
26954.000000 0.000000
26956.000000 0.000000
26958.000000 0.000000
26960.000000 0.000000
26962.000000 0.000000
26964.000000 0.000000
26966.000000 0.000000
26968.000000 0.000000
26970.000000 0.000000
26972.000000 0.000000
26974.000000 0.000000
26976.000000 0.000000
26978.000000 0.000000
26980.000000 0.000000
26982.000000 0.000000
26984.000000 0.000000
26986.000000 0.000000
26988.000000 0.000000
26990.000000 0.000000
26992.000000 0.000000
26994.000000 0.000000
26996.000000 0.000000
26998.000000 0.000000
27000.000000 0.000000
27002.000000 0.000000
27004.000000 0.000000
27006.000000 0.000000
27008.000000 0.000000
27010.000000 0.000000
27012.000000 0.000000
27014.000000 0.000000
27016.000000 0.000000
27018.000000 0.000000
27020.000000 0.000000
27022.000000 0.000000
27024.000000 0.000000
27026.000000 0.000000
27028.000000 0.000000
27030.000000 0.000000
27032.000000 0.000000
27034.000000 0.000000
27036.000000 0.000000
27038.000000 0.000000
27040.000000 0.000000
27042.000000 0.000000
27044.000000 0.000000
27046.000000 0.000000
27048.000000 0.000000
27050.000000 0.000000
27052.000000 0.000000
27054.000000 0.000000
27056.000000 0.000000
27058.000000 0.000000
27060.000000 0.000000
27062.000000 0.000000
27064.000000 0.000000
27066.000000 0.000000
27068.000000 0.000000
27070.000000 0.000000
27072.000000 0.000000
27074.000000 0.000000
27076.000000 0.000000
27078.000000 0.000000
27080.000000 0.000000
27082.000000 0.000000
27084.000000 0.000000
27086.000000 0.000000
27088.000000 0.000000
27090.000000 0.000000
27092.000000 0.000000
27094.000000 0.000000
27096.000000 0.000000
27098.000000 0.000000
27100.000000 0.000000
27102.000000 0.000000
27104.000000 0.000000
27106.000000 0.000000
27108.000000 0.000000
27110.000000 0.000000
27112.000000 0.000000
27114.000000 0.000000
27116.000000 0.000000
27118.000000 0.000000
27120.000000 0.000000
27122.000000 0.000000
27124.000000 0.000000
27126.000000 0.000000
27128.000000 0.000000
27130.000000 0.000000
27132.000000 0.000000
27134.000000 0.000000
27136.000000 0.000000
27138.000000 0.000000
27140.000000 0.000000
27142.000000 0.000000
27144.000000 0.000000
27146.000000 0.000000
27148.000000 0.000000
27150.000000 0.000000
27152.000000 0.000000
27154.000000 0.000000
27156.000000 0.000000
27158.000000 0.000000
27160.000000 0.000000
27162.000000 0.000000
27164.000000 0.000000
27166.000000 0.000000
27168.000000 0.000000
27170.000000 0.000000
27172.000000 0.000000
27174.000000 0.000000
27176.000000 0.000000
27178.000000 -0.001068
27180.000000 -2.333718
27182.000000 -9.340568
27184.000000 -16.338516
27186.000000 -17.504840
27188.000000 -18.671165
27190.000000 -19.837489
27192.000000 -21.003814
27194.000000 -17.504840
27196.000000 -14.005867
27198.000000 -8.165340
27200.000000 -2.333718
27202.000000 -3.500042
27204.000000 -4.666367
27206.000000 -3.500042
27208.000000 -2.333718
27210.000000 -4.666367
27212.000000 -6.999016
27214.000000 -4.666367
27216.000000 -2.333718
27218.000000 0.000000
27220.000000 0.000000
27222.000000 0.000000
27224.000000 0.000000
27226.000000 0.000000
27228.000000 0.000000
27230.000000 0.000000
27232.000000 -0.001068
27234.000000 -1.167393
27236.000000 -2.333718
27238.000000 0.000000
27240.000000 0.000000
27242.000000 0.000000
27244.000000 0.000000
27246.000000 0.000000
27248.000000 -0.001068
27250.000000 -1.167393
27252.000000 -2.333718
27254.000000 -4.666367
27256.000000 -6.999016
27258.000000 -5.832691
27260.000000 -4.666367
27262.000000 -6.999016
27264.000000 -9.331665
27266.000000 -8.752954
27268.000000 -8.165340
27270.000000 -7.577727
27272.000000 -6.999016
27274.000000 -5.832691
27276.000000 -4.666367
27278.000000 -3.500042
27280.000000 -2.333718
27282.000000 0.000000
27284.000000 0.000000
27286.000000 0.000000
27288.000000 0.000000
27290.000000 0.000000
27292.000000 0.000000
27294.000000 0.000000
27296.000000 0.000000
27298.000000 0.000000
27300.000000 0.000000
27302.000000 0.000000
27304.000000 0.000000
27306.000000 0.000000
27308.000000 0.000000
27310.000000 0.000000
27312.000000 0.000000
27314.000000 0.000000
27316.000000 0.000000
27318.000000 0.000000
27320.000000 0.000000
27322.000000 0.000000
27324.000000 0.000000
27326.000000 0.000000
27328.000000 0.000000
27330.000000 0.000000
27332.000000 0.000000
27334.000000 0.000000
27336.000000 0.000000
27338.000000 0.000000
27340.000000 0.000000
27342.000000 0.000000
27344.000000 0.000000
27346.000000 0.000000
27348.000000 0.000000
27350.000000 0.000000
27352.000000 0.000000
27354.000000 0.000000
27356.000000 0.000000
27358.000000 0.000000
27360.000000 0.000000
27362.000000 0.000000
27364.000000 0.000000
27366.000000 0.000000
27368.000000 0.000000
27370.000000 0.000000
27372.000000 0.000000
27374.000000 0.000000
27376.000000 0.000000
27378.000000 0.000000
27380.000000 0.000000
27382.000000 0.000000
27384.000000 0.000000
27386.000000 0.000000
27388.000000 0.000000
27390.000000 0.000000
27392.000000 0.000000
27394.000000 0.000000
27396.000000 0.000000
27398.000000 0.000000
27400.000000 0.000000
27402.000000 0.000000
27404.000000 0.000000
27406.000000 0.000000
27408.000000 0.000000
27410.000000 0.000000
27412.000000 0.000000
27414.000000 0.000000
27416.000000 0.000000
27418.000000 0.000000
27420.000000 0.000000
27422.000000 0.000000
27424.000000 0.000000
27426.000000 0.000000
27428.000000 0.000000
27430.000000 0.000000
27432.000000 0.000000
27434.000000 0.000000
27436.000000 0.000000
27438.000000 0.000000
27440.000000 0.000000
27442.000000 0.000000
27444.000000 0.000000
27446.000000 0.000000
27448.000000 0.000000
27450.000000 0.000000
27452.000000 0.000000
27454.000000 0.000000
27456.000000 0.000000
27458.000000 0.000000
27460.000000 0.000000
27462.000000 0.000000
27464.000000 0.000000
27466.000000 0.000000
27468.000000 0.000000
27470.000000 0.000000
27472.000000 0.000000
27474.000000 0.000000
27476.000000 0.000000
27478.000000 0.000000
27480.000000 0.000000
27482.000000 0.000000
27484.000000 0.000000
27486.000000 0.000000
27488.000000 0.000000
27490.000000 0.000000
27492.000000 0.000000
27494.000000 0.000000
27496.000000 0.000000
27498.000000 0.000000
27500.000000 0.000000
27502.000000 0.000000
27504.000000 0.000000
27506.000000 0.000000
27508.000000 0.000000
27510.000000 0.000000
27512.000000 0.000000
27514.000000 0.000000
27516.000000 0.000000
27518.000000 0.000000
27520.000000 0.000000
27522.000000 0.000000
27524.000000 0.000000
27526.000000 0.000000
27528.000000 0.000000
27530.000000 0.000000
27532.000000 0.000000
27534.000000 0.000000
27536.000000 0.000000
27538.000000 0.000000
27540.000000 0.000000
27542.000000 0.000000
27544.000000 0.000000
27546.000000 0.000000
27548.000000 0.000000
27550.000000 0.000000
27552.000000 0.000000
27554.000000 0.000000
27556.000000 0.000000
27558.000000 0.000000
27560.000000 0.000000
27562.000000 0.000000
27564.000000 0.000000
27566.000000 0.000000
27568.000000 0.000000
27570.000000 0.000000
27572.000000 0.000000
27574.000000 0.000000
27576.000000 0.000000
27578.000000 0.000000
27580.000000 0.000000
27582.000000 0.000000
27584.000000 0.000000
27586.000000 0.000000
27588.000000 0.000000
27590.000000 0.000000
27592.000000 0.000000
27594.000000 0.000000
27596.000000 0.000000
27598.000000 0.000000
27600.000000 0.000000
27602.000000 0.000000
27604.000000 0.000000
27606.000000 0.000000
27608.000000 0.000000
27610.000000 0.000000
27612.000000 0.000000
27614.000000 0.000000
27616.000000 0.000000
27618.000000 0.000000
27620.000000 0.000000
27622.000000 0.000000
27624.000000 0.000000
27626.000000 0.000000
27628.000000 0.000000
27630.000000 0.000000
27632.000000 0.000000
27634.000000 0.000000
27636.000000 0.000000
27638.000000 0.000000
27640.000000 0.000000
27642.000000 0.000000
27644.000000 0.000000
27646.000000 0.000000
27648.000000 0.000000
27650.000000 0.000000
27652.000000 0.000000
27654.000000 0.000000
27656.000000 0.000000
27658.000000 0.000000
27660.000000 0.000000
27662.000000 0.000000
27664.000000 0.000000
27666.000000 0.000000
27668.000000 0.000000
27670.000000 0.000000
27672.000000 0.000000
27674.000000 0.000000
27676.000000 0.000000
27678.000000 0.000000
27680.000000 0.000000
27682.000000 0.000000
27684.000000 0.000000
27686.000000 0.000000
27688.000000 0.000000
27690.000000 0.000000
27692.000000 0.000000
27694.000000 0.000000
27696.000000 0.000000
27698.000000 0.000000
27700.000000 0.000000
27702.000000 0.000000
27704.000000 0.000000
27706.000000 0.000000
27708.000000 0.000000
27710.000000 0.000000
27712.000000 0.000000
27714.000000 0.000000
27716.000000 0.000000
27718.000000 0.000000
27720.000000 0.000000
27722.000000 0.000000
27724.000000 0.000000
27726.000000 0.000000
27728.000000 0.000000
27730.000000 0.000000
27732.000000 0.000000
27734.000000 0.000000
27736.000000 0.000000
27738.000000 0.000000
27740.000000 0.000000
27742.000000 0.000000
27744.000000 0.000000
27746.000000 0.000000
27748.000000 0.000000
27750.000000 0.000000
27752.000000 0.000000
27754.000000 0.000000
27756.000000 0.000000
27758.000000 0.000000
27760.000000 0.000000
27762.000000 0.000000
27764.000000 0.000000
27766.000000 0.000000
27768.000000 0.000000
27770.000000 0.000000
27772.000000 0.000000
27774.000000 0.000000
27776.000000 0.000000
27778.000000 0.000000
27780.000000 0.000000
27782.000000 0.000000
27784.000000 0.000000
27786.000000 0.000000
27788.000000 0.000000
27790.000000 0.000000
27792.000000 0.000000
27794.000000 0.000000
27796.000000 0.000000
27798.000000 0.000000
27800.000000 0.000000
27802.000000 0.000000
27804.000000 0.000000
27806.000000 0.000000
27808.000000 0.000000
27810.000000 0.000000
27812.000000 0.000000
27814.000000 0.000000
27816.000000 0.000000
27818.000000 0.000000
27820.000000 0.000000
27822.000000 0.000000
27824.000000 0.000000
27826.000000 0.000000
27828.000000 0.000000
27830.000000 0.000000
27832.000000 0.000000
27834.000000 0.000000
27836.000000 0.000000
27838.000000 0.000000
27840.000000 0.000000
27842.000000 0.000000
27844.000000 0.000000
27846.000000 0.000000
27848.000000 0.000000
27850.000000 0.000000
27852.000000 0.000000
27854.000000 0.000000
27856.000000 0.000000
27858.000000 0.000000
27860.000000 0.000000
27862.000000 0.000000
27864.000000 0.000000
27866.000000 0.000000
27868.000000 0.000000
27870.000000 0.000000
27872.000000 0.000000
27874.000000 0.000000
27876.000000 0.000000
27878.000000 0.000000
27880.000000 0.000000
27882.000000 0.000000
27884.000000 0.000000
27886.000000 0.000000
27888.000000 0.000000
27890.000000 0.000000
27892.000000 0.000000
27894.000000 0.000000
27896.000000 0.000000
27898.000000 0.000000
27900.000000 0.000000
27902.000000 0.000000
27904.000000 0.000000
27906.000000 0.000000
27908.000000 0.000000
27910.000000 0.000000
27912.000000 0.000000
27914.000000 0.000000
27916.000000 0.000000
27918.000000 0.000000
27920.000000 0.000000
27922.000000 0.000000
27924.000000 0.000000
27926.000000 0.000000
27928.000000 0.000000
27930.000000 0.000000
27932.000000 0.000000
27934.000000 0.000000
27936.000000 0.000000
27938.000000 0.000000
27940.000000 -0.001068
27942.000000 0.000000
27944.000000 0.000000
27946.000000 0.000000
27948.000000 0.000000
27950.000000 0.000000
27952.000000 0.000000
27954.000000 0.000000
27956.000000 0.000000
27958.000000 0.000000
27960.000000 0.000000
27962.000000 0.000000
27964.000000 0.000000
27966.000000 0.000000
27968.000000 0.000000
27970.000000 0.000000
27972.000000 0.000000
27974.000000 0.000000
27976.000000 0.000000
27978.000000 0.000000
27980.000000 0.000000
27982.000000 0.000000
27984.000000 0.000000
27986.000000 0.000000
27988.000000 0.000000
27990.000000 0.000000
27992.000000 0.000000
27994.000000 0.000000
27996.000000 0.000000
27998.000000 0.000000
28000.000000 0.000000
28002.000000 0.000000
28004.000000 0.000000
28006.000000 0.000000
28008.000000 0.000000
28010.000000 0.000000
28012.000000 0.000000
28014.000000 0.000000
28016.000000 0.000000
28018.000000 0.000000
28020.000000 0.000000
28022.000000 0.000000
28024.000000 0.000000
28026.000000 0.000000
28028.000000 0.000000
28030.000000 0.000000
28032.000000 0.000000
28034.000000 0.000000
28036.000000 0.000000
28038.000000 0.000000
28040.000000 0.000000
28042.000000 0.000000
28044.000000 0.000000
28046.000000 0.000000
28048.000000 0.000000
28050.000000 0.000000
28052.000000 0.000000
28054.000000 0.000000
28056.000000 0.000000
28058.000000 0.000000
28060.000000 0.000000
28062.000000 0.000000
28064.000000 0.000000
28066.000000 2.828559
28068.000000 11.310351
28070.000000 14.148406
28072.000000 16.975671
28074.000000 14.148406
28076.000000 11.310351
28078.000000 9.896719
28080.000000 8.483087
28082.000000 7.069455
28084.000000 5.655823
28086.000000 8.483087
28088.000000 11.310351
28090.000000 14.148406
28092.000000 16.975671
28094.000000 11.321142
28096.000000 5.655823
28098.000000 1.414927
28100.000000 0.000000
28102.000000 0.000000
28104.000000 0.000000
28106.000000 0.000000
28108.000000 0.000000
28110.000000 0.000000
28112.000000 0.000000
28114.000000 0.000000
28116.000000 0.000000
28118.000000 0.000000
28120.000000 0.000000
28122.000000 0.000000
28124.000000 0.000000
28126.000000 0.000000
28128.000000 0.000000
28130.000000 0.000000
28132.000000 0.000000
28134.000000 0.000000
28136.000000 0.000000
28138.000000 0.000000
28140.000000 0.000000
28142.000000 0.000000
28144.000000 0.000000
28146.000000 0.000000
28148.000000 0.000000
28150.000000 0.000000
28152.000000 0.000000
28154.000000 0.000000
28156.000000 0.000000
28158.000000 0.000000
28160.000000 0.000000
28162.000000 0.000000
28164.000000 0.000000
28166.000000 0.000000
28168.000000 0.000000
28170.000000 0.000000
28172.000000 0.000000
28174.000000 0.000000
28176.000000 0.000000
28178.000000 0.000000
28180.000000 0.000000
28182.000000 0.000000
28184.000000 0.000000
28186.000000 0.000000
28188.000000 0.000000
28190.000000 0.000000
28192.000000 0.000000
28194.000000 0.000000
28196.000000 0.000000
28198.000000 0.000000
28200.000000 0.000000
28202.000000 0.000000
28204.000000 0.000000
28206.000000 0.000000
28208.000000 0.000000
28210.000000 0.000000
28212.000000 0.000000
28214.000000 0.000000
28216.000000 0.000000
28218.000000 0.000000
28220.000000 0.000000
28222.000000 0.000000
28224.000000 0.000000
28226.000000 0.000000
28228.000000 0.000000
28230.000000 0.000000
28232.000000 0.000000
28234.000000 0.000000
28236.000000 0.000000
28238.000000 0.000000
28240.000000 0.000000
28242.000000 0.000000
28244.000000 0.000000
28246.000000 -0.001068
28248.000000 -2.333718
28250.000000 -1.167393
28252.000000 -0.001068
28254.000000 0.000000
28256.000000 0.000000
28258.000000 0.000000
28260.000000 0.000000
28262.000000 0.000000
28264.000000 0.000000
28266.000000 0.000000
28268.000000 0.000000
28270.000000 0.000000
28272.000000 0.000000
28274.000000 0.000000
28276.000000 0.000000
28278.000000 0.000000
28280.000000 0.000000
28282.000000 0.000000
28284.000000 0.000000
28286.000000 0.000000
28288.000000 0.000000
28290.000000 0.000000
28292.000000 0.000000
28294.000000 0.000000
28296.000000 0.000000
28298.000000 0.000000
28300.000000 0.000000
28302.000000 0.000000
28304.000000 0.000000
28306.000000 0.000000
28308.000000 0.000000
28310.000000 0.000000
28312.000000 0.000000
28314.000000 0.000000
28316.000000 0.000000
28318.000000 0.000000
28320.000000 0.000000
28322.000000 0.000000
28324.000000 0.000000
28326.000000 0.000000
28328.000000 0.000000
28330.000000 0.000000
28332.000000 0.000000
28334.000000 0.000000
28336.000000 0.000000
28338.000000 0.000000
28340.000000 0.000000
28342.000000 0.000000
28344.000000 0.000000
28346.000000 0.000000
28348.000000 0.000000
28350.000000 0.000000
28352.000000 0.000000
28354.000000 0.000000
28356.000000 0.000000
28358.000000 0.000000
28360.000000 0.000000
28362.000000 0.000000
28364.000000 0.000000
28366.000000 0.000000
28368.000000 0.000000
28370.000000 0.000000
28372.000000 0.000000
28374.000000 0.000000
28376.000000 0.000000
28378.000000 0.000000
28380.000000 0.000000
28382.000000 0.000000
28384.000000 0.000000
28386.000000 0.000000
28388.000000 0.000000
28390.000000 0.000000
28392.000000 0.000000
28394.000000 0.000000
28396.000000 0.000000
28398.000000 0.000000
28400.000000 0.000000
28402.000000 0.000000
28404.000000 0.000000
28406.000000 0.000000
28408.000000 0.000000
28410.000000 0.000000
28412.000000 0.000000
28414.000000 0.000000
28416.000000 0.000000
28418.000000 0.000000
28420.000000 0.000000
28422.000000 0.000000
28424.000000 0.000000
28426.000000 0.000000
28428.000000 0.000000
28430.000000 0.000000
28432.000000 0.000000
28434.000000 0.000000
28436.000000 0.000000
28438.000000 0.000000
28440.000000 0.000000
28442.000000 0.000000
28444.000000 0.000000
28446.000000 0.000000
28448.000000 0.000000
28450.000000 0.000000
28452.000000 0.000000
28454.000000 0.000000
28456.000000 0.000000
28458.000000 0.000000
28460.000000 0.000000
28462.000000 0.000000
28464.000000 0.000000
28466.000000 0.000000
28468.000000 0.000000
28470.000000 0.000000
28472.000000 0.000000
28474.000000 0.000000
28476.000000 0.000000
28478.000000 0.000000
28480.000000 0.000000
28482.000000 0.000000
28484.000000 0.000000
28486.000000 0.000000
28488.000000 0.000000
28490.000000 0.000000
28492.000000 0.000000
28494.000000 0.000000
28496.000000 0.000000
28498.000000 0.000000
28500.000000 0.000000
28502.000000 0.000000
28504.000000 -0.001068
28506.000000 -2.333718
28508.000000 -4.666367
28510.000000 -3.500042
28512.000000 -2.333718
28514.000000 -1.167393
28516.000000 -0.001068
28518.000000 -1.167393
28520.000000 -2.333718
28522.000000 -1.167393
28524.000000 -0.001068
28526.000000 0.000000
28528.000000 0.000000
28530.000000 0.000000
28532.000000 0.000000
28534.000000 0.000000
28536.000000 0.000000
28538.000000 0.000000
28540.000000 -0.001068
28542.000000 -4.666367
28544.000000 -9.331665
28546.000000 -5.832691
28548.000000 -2.333718
28550.000000 -0.001068
28552.000000 0.000000
28554.000000 -4.675270
28556.000000 -11.673217
28558.000000 -7.007919
28560.000000 -2.333718
28562.000000 0.000000
28564.000000 0.000000
28566.000000 0.000000
28568.000000 0.000000
28570.000000 0.000000
28572.000000 0.000000
28574.000000 -1.167393
28576.000000 -4.666367
28578.000000 -3.500042
28580.000000 -2.333718
28582.000000 -0.001068
28584.000000 0.000000
28586.000000 0.000000
28588.000000 0.000000
28590.000000 0.000000
28592.000000 0.000000
28594.000000 0.000000
28596.000000 0.000000
28598.000000 0.000000
28600.000000 0.000000
28602.000000 0.000000
28604.000000 0.000000
28606.000000 0.000000
28608.000000 0.000000
28610.000000 0.000000
28612.000000 0.000000
28614.000000 0.000000
28616.000000 0.000000
28618.000000 0.000000
28620.000000 -0.001068
28622.000000 -3.500042
28624.000000 -6.999016
28626.000000 -10.497990
28628.000000 -14.005867
28630.000000 -10.497990
28632.000000 -6.999016
28634.000000 -3.500042
28636.000000 -0.001068
28638.000000 0.000000
28640.000000 0.000000
28642.000000 0.000000
28644.000000 0.000000
28646.000000 0.000000
28648.000000 0.000000
28650.000000 -0.001068
28652.000000 -2.333718
28654.000000 -3.500042
28656.000000 -4.666367
28658.000000 -0.001068
28660.000000 0.000000
28662.000000 0.000000
28664.000000 0.000000
28666.000000 0.000000
28668.000000 0.000000
28670.000000 0.000000
28672.000000 0.000000
28674.000000 0.000000
28676.000000 0.000000
28678.000000 0.000000
28680.000000 0.000000
28682.000000 0.000000
28684.000000 0.000000
28686.000000 0.000000
28688.000000 0.000000
28690.000000 0.000000
28692.000000 0.000000
28694.000000 0.000000
28696.000000 0.000000
28698.000000 0.000000
28700.000000 0.000000
28702.000000 0.000000
28704.000000 0.000000
28706.000000 0.000000
28708.000000 0.000000
28710.000000 0.000000
28712.000000 0.000000
28714.000000 0.000000
28716.000000 0.000000
28718.000000 0.001295
28720.000000 2.828559
28722.000000 1.414927
28724.000000 0.001295
28726.000000 0.000000
28728.000000 0.000000
28730.000000 0.000000
28732.000000 0.000000
28734.000000 0.000000
28736.000000 0.000000
28738.000000 0.000000
28740.000000 0.000000
28742.000000 0.000000
28744.000000 0.000000
28746.000000 0.000000
28748.000000 0.000000
28750.000000 0.000000
28752.000000 0.000000
28754.000000 0.000000
28756.000000 0.000000
28758.000000 0.000000
28760.000000 0.000000
28762.000000 0.000000
28764.000000 0.000000
28766.000000 0.000000
28768.000000 0.000000
28770.000000 0.000000
28772.000000 0.000000
28774.000000 0.000000
28776.000000 0.000000
28778.000000 0.000000
28780.000000 2.828559
28782.000000 5.655823
28784.000000 8.483087
28786.000000 14.148406
28788.000000 19.802935
28790.000000 25.457463
28792.000000 31.111991
28794.000000 35.363678
28796.000000 39.604574
28798.000000 49.499999
28800.000000 59.406214
28802.000000 53.751686
28804.000000 48.086367
28806.000000 45.259102
28808.000000 42.431838
28810.000000 39.604574
28812.000000 36.777310
28814.000000 31.111991
28816.000000 25.457463
28818.000000 21.216567
28820.000000 16.975671
28822.000000 5.666614
28824.000000 0.000000
28826.000000 0.000000
28828.000000 0.000000
28830.000000 0.000000
28832.000000 0.000000
28834.000000 0.000000
28836.000000 0.000000
28838.000000 0.000000
28840.000000 0.000000
28842.000000 0.000000
28844.000000 0.000000
28846.000000 0.000000
28848.000000 0.000000
28850.000000 0.000000
28852.000000 0.000000
28854.000000 0.000000
28856.000000 0.000000
28858.000000 0.000000
28860.000000 0.000000
28862.000000 0.000000
28864.000000 0.000000
28866.000000 0.000000
28868.000000 0.000000
28870.000000 0.000000
28872.000000 0.000000
28874.000000 0.000000
28876.000000 0.000000
28878.000000 0.000000
28880.000000 0.000000
28882.000000 0.000000
28884.000000 0.000000
28886.000000 0.000000
28888.000000 0.000000
28890.000000 0.000000
28892.000000 0.000000
28894.000000 0.000000
28896.000000 0.000000
28898.000000 0.000000
28900.000000 0.000000
28902.000000 0.000000
28904.000000 0.000000
28906.000000 0.000000
28908.000000 -4.666367
28910.000000 -5.832691
28912.000000 -6.999016
28914.000000 -4.666367
28916.000000 -2.333718
28918.000000 0.000000
28920.000000 0.000000
28922.000000 0.000000
28924.000000 0.000000
28926.000000 0.000000
28928.000000 0.000000
28930.000000 0.000000
28932.000000 0.000000
28934.000000 0.000000
28936.000000 0.000000
28938.000000 0.000000
28940.000000 0.000000
28942.000000 0.000000
28944.000000 0.000000
28946.000000 0.000000
28948.000000 0.000000
28950.000000 0.000000
28952.000000 0.000000
28954.000000 0.000000
28956.000000 0.000000
28958.000000 0.000000
28960.000000 0.000000
28962.000000 0.000000
28964.000000 0.000000
28966.000000 0.000000
28968.000000 0.000000
28970.000000 0.000000
28972.000000 0.000000
28974.000000 0.000000
28976.000000 0.000000
28978.000000 0.000000
28980.000000 0.000000
28982.000000 0.000000
28984.000000 0.000000
28986.000000 0.000000
28988.000000 0.000000
28990.000000 0.000000
28992.000000 0.000000
28994.000000 0.000000
28996.000000 0.000000
28998.000000 0.000000
29000.000000 0.000000
29002.000000 0.000000
29004.000000 0.000000
29006.000000 0.000000
29008.000000 0.000000
29010.000000 0.000000
29012.000000 0.000000
29014.000000 0.000000
29016.000000 0.000000
29018.000000 0.000000
29020.000000 0.000000
29022.000000 0.000000
29024.000000 0.000000
29026.000000 0.000000
29028.000000 0.000000
29030.000000 0.000000
29032.000000 0.000000
29034.000000 0.000000
29036.000000 0.000000
29038.000000 0.000000
29040.000000 0.000000
29042.000000 0.000000
29044.000000 0.000000
29046.000000 0.000000
29048.000000 0.000000
29050.000000 0.000000
29052.000000 0.000000
29054.000000 0.000000
29056.000000 0.000000
29058.000000 0.000000
29060.000000 0.000000
29062.000000 0.000000
29064.000000 0.000000
29066.000000 0.000000
29068.000000 0.000000
29070.000000 0.000000
29072.000000 0.000000
29074.000000 0.000000
29076.000000 0.000000
29078.000000 0.000000
29080.000000 0.000000
29082.000000 0.000000
29084.000000 0.000000
29086.000000 0.000000
29088.000000 0.000000
29090.000000 0.000000
29092.000000 0.000000
29094.000000 0.000000
29096.000000 0.000000
29098.000000 0.000000
29100.000000 0.000000
29102.000000 0.000000
29104.000000 0.000000
29106.000000 0.000000
29108.000000 0.000000
29110.000000 0.000000
29112.000000 -0.001068
29114.000000 0.000000
29116.000000 0.000000
29118.000000 0.000000
29120.000000 0.000000
29122.000000 0.000000
29124.000000 0.000000
29126.000000 0.000000
29128.000000 0.000000
29130.000000 0.000000
29132.000000 0.000000
29134.000000 0.000000
29136.000000 0.000000
29138.000000 0.000000
29140.000000 0.000000
29142.000000 0.000000
29144.000000 0.000000
29146.000000 0.000000
29148.000000 0.000000
29150.000000 0.000000
29152.000000 0.000000
29154.000000 0.000000
29156.000000 0.000000
29158.000000 0.000000
29160.000000 0.000000
29162.000000 0.000000
29164.000000 0.000000
29166.000000 0.000000
29168.000000 -0.001068
29170.000000 -2.333718
29172.000000 -4.666367
29174.000000 -6.999016
29176.000000 -9.331665
29178.000000 -6.999016
29180.000000 -4.666367
29182.000000 -2.333718
29184.000000 -0.001068
29186.000000 -3.500042
29188.000000 -6.999016
29190.000000 -4.666367
29192.000000 -2.333718
29194.000000 -2.912428
29196.000000 -3.500042
29198.000000 -4.087656
29200.000000 -4.666367
29202.000000 -2.333718
29204.000000 -0.001068
29206.000000 0.000000
29208.000000 0.000000
29210.000000 0.000000
29212.000000 0.000000
29214.000000 0.000000
29216.000000 0.000000
29218.000000 0.000000
29220.000000 0.000000
29222.000000 0.000000
29224.000000 0.000000
29226.000000 0.000000
29228.000000 0.000000
29230.000000 0.000000
29232.000000 0.000000
29234.000000 0.000000
29236.000000 0.000000
29238.000000 0.000000
29240.000000 0.000000
29242.000000 0.000000
29244.000000 0.000000
29246.000000 0.000000
29248.000000 0.000000
29250.000000 0.000000
29252.000000 0.001295
29254.000000 0.000000
29256.000000 0.000000
29258.000000 0.000000
29260.000000 0.000000
29262.000000 0.000000
29264.000000 0.000000
29266.000000 0.000000
29268.000000 0.000000
29270.000000 0.000000
29272.000000 0.000000
29274.000000 0.000000
29276.000000 0.000000
29278.000000 0.000000
29280.000000 0.000000
29282.000000 0.000000
29284.000000 0.000000
29286.000000 0.000000
29288.000000 0.000000
29290.000000 0.000000
29292.000000 0.000000
29294.000000 0.000000
29296.000000 0.000000
29298.000000 0.000000
29300.000000 0.000000
29302.000000 0.000000
29304.000000 0.000000
29306.000000 0.000000
29308.000000 0.000000
29310.000000 0.000000
29312.000000 0.000000
29314.000000 0.000000
29316.000000 -4.666367
29318.000000 -6.999016
29320.000000 -9.331665
29322.000000 -5.832691
29324.000000 -2.333718
29326.000000 -1.167393
29328.000000 -0.001068
29330.000000 0.000000
29332.000000 0.000000
29334.000000 0.000000
29336.000000 0.000000
29338.000000 0.000000
29340.000000 0.000000
29342.000000 0.000000
29344.000000 0.000000
29346.000000 0.000000
29348.000000 0.000000
29350.000000 0.000000
29352.000000 0.000000
29354.000000 0.000000
29356.000000 0.000000
29358.000000 0.000000
29360.000000 0.000000
29362.000000 0.000000
29364.000000 0.000000
29366.000000 0.000000
29368.000000 0.000000
29370.000000 0.000000
29372.000000 0.000000
29374.000000 0.000000
29376.000000 0.000000
29378.000000 0.000000
29380.000000 0.000000
29382.000000 0.000000
29384.000000 0.000000
29386.000000 0.000000
29388.000000 0.000000
29390.000000 0.000000
29392.000000 0.000000
29394.000000 0.000000
29396.000000 0.000000
29398.000000 0.000000
29400.000000 0.000000
29402.000000 0.000000
29404.000000 0.000000
29406.000000 0.000000
29408.000000 0.000000
29410.000000 0.000000
29412.000000 0.000000
29414.000000 0.000000
29416.000000 0.000000
29418.000000 0.000000
29420.000000 0.000000
29422.000000 0.000000
29424.000000 0.000000
29426.000000 0.000000
29428.000000 0.000000
29430.000000 0.000000
29432.000000 0.000000
29434.000000 0.000000
29436.000000 0.000000
29438.000000 0.000000
29440.000000 0.000000
29442.000000 0.000000
29444.000000 0.000000
29446.000000 0.000000
29448.000000 0.000000
29450.000000 0.000000
29452.000000 0.000000
29454.000000 0.000000
29456.000000 0.000000
29458.000000 0.000000
29460.000000 0.000000
29462.000000 0.000000
29464.000000 0.000000
29466.000000 0.000000
29468.000000 0.000000
29470.000000 0.000000
29472.000000 0.000000
29474.000000 0.000000
29476.000000 0.000000
29478.000000 0.000000
29480.000000 0.000000
29482.000000 0.000000
29484.000000 0.000000
29486.000000 0.000000
29488.000000 0.000000
29490.000000 0.000000
29492.000000 0.000000
29494.000000 0.000000
29496.000000 2.828559
29498.000000 0.000000
29500.000000 0.000000
29502.000000 0.000000
29504.000000 0.000000
29506.000000 0.000000
29508.000000 0.000000
29510.000000 0.000000
29512.000000 0.000000
29514.000000 0.000000
29516.000000 0.000000
29518.000000 0.000000
29520.000000 0.000000
29522.000000 0.000000
29524.000000 0.000000
29526.000000 0.000000
29528.000000 0.000000
29530.000000 0.000000
29532.000000 0.000000
29534.000000 0.000000
29536.000000 0.000000
29538.000000 0.000000
29540.000000 0.000000
29542.000000 0.000000
29544.000000 0.000000
29546.000000 0.000000
29548.000000 0.000000
29550.000000 0.000000
29552.000000 0.000000
29554.000000 0.000000
29556.000000 0.000000
29558.000000 0.000000
29560.000000 0.000000
29562.000000 0.000000
29564.000000 0.000000
29566.000000 0.000000
29568.000000 0.000000
29570.000000 0.000000
29572.000000 0.000000
29574.000000 0.000000
29576.000000 0.000000
29578.000000 0.000000
29580.000000 0.000000
29582.000000 0.000000
29584.000000 0.000000
29586.000000 0.000000
29588.000000 0.000000
29590.000000 0.000000
29592.000000 0.000000
29594.000000 0.000000
29596.000000 2.828559
29598.000000 5.655823
29600.000000 8.483087
29602.000000 7.069455
29604.000000 5.655823
29606.000000 2.828559
29608.000000 0.001295
29610.000000 2.828559
29612.000000 5.655823
29614.000000 7.069455
29616.000000 8.483087
29618.000000 9.896719
29620.000000 11.310351
29622.000000 14.148406
29624.000000 16.975671
29626.000000 19.802935
29628.000000 22.630199
29630.000000 21.216567
29632.000000 19.802935
29634.000000 20.515146
29636.000000 21.216567
29638.000000 21.917987
29640.000000 22.630199
29642.000000 12.723983
29644.000000 2.828559
29646.000000 5.655823
29648.000000 8.493878
29650.000000 11.321142
29652.000000 14.148406
29654.000000 16.975671
29656.000000 19.802935
29658.000000 21.216567
29660.000000 22.630199
29662.000000 21.216567
29664.000000 19.802935
29666.000000 24.043831
29668.000000 28.284727
29670.000000 19.802935
29672.000000 11.310351
29674.000000 5.655823
29676.000000 0.001295
29678.000000 0.000000
29680.000000 0.000000
29682.000000 0.000000
29684.000000 0.000000
29686.000000 0.000000
29688.000000 0.000000
29690.000000 0.000000
29692.000000 0.000000
29694.000000 0.001295
29696.000000 0.940119
29698.000000 1.889735
29700.000000 2.828559
29702.000000 4.242191
29704.000000 5.655823
29706.000000 2.828559
29708.000000 0.001295
29710.000000 0.000000
29712.000000 0.000000
29714.000000 0.000000
29716.000000 0.000000
29718.000000 0.000000
29720.000000 0.000000
29722.000000 0.000000
29724.000000 0.000000
29726.000000 0.000000
29728.000000 0.000000
29730.000000 0.000000
29732.000000 0.000000
29734.000000 0.000000
29736.000000 0.000000
29738.000000 0.000000
29740.000000 0.000000
29742.000000 0.000000
29744.000000 0.000000
29746.000000 0.000000
29748.000000 0.000000
29750.000000 0.000000
29752.000000 0.000000
29754.000000 0.000000
29756.000000 0.000000
29758.000000 0.000000
29760.000000 0.000000
29762.000000 0.000000
29764.000000 0.000000
29766.000000 0.000000
29768.000000 0.000000
29770.000000 0.000000
29772.000000 0.000000
29774.000000 0.000000
29776.000000 0.000000
29778.000000 0.000000
29780.000000 0.000000
29782.000000 0.000000
29784.000000 0.000000
29786.000000 0.000000
29788.000000 0.000000
29790.000000 0.000000
29792.000000 0.000000
29794.000000 0.000000
29796.000000 0.000000
29798.000000 0.000000
29800.000000 0.000000
29802.000000 0.000000
29804.000000 0.000000
29806.000000 0.000000
29808.000000 0.000000
29810.000000 0.000000
29812.000000 0.000000
29814.000000 0.000000
29816.000000 0.000000
29818.000000 0.000000
29820.000000 0.000000
29822.000000 0.000000
29824.000000 0.000000
29826.000000 0.000000
29828.000000 0.000000
29830.000000 0.000000
29832.000000 0.000000
29834.000000 0.000000
29836.000000 0.000000
29838.000000 0.000000
29840.000000 0.000000
29842.000000 0.000000
29844.000000 0.000000
29846.000000 0.000000
29848.000000 0.000000
29850.000000 0.000000
29852.000000 0.000000
29854.000000 0.000000
29856.000000 0.000000
29858.000000 0.000000
29860.000000 0.000000
29862.000000 0.000000
29864.000000 0.000000
29866.000000 0.000000
29868.000000 0.000000
29870.000000 0.000000
29872.000000 0.000000
29874.000000 0.000000
29876.000000 0.000000
29878.000000 0.000000
29880.000000 0.000000
29882.000000 0.000000
29884.000000 0.000000
29886.000000 0.000000
29888.000000 0.000000
29890.000000 0.000000
29892.000000 0.000000
29894.000000 0.000000
29896.000000 0.000000
29898.000000 0.000000
29900.000000 0.000000
29902.000000 0.000000
29904.000000 0.000000
29906.000000 0.000000
29908.000000 0.000000
29910.000000 0.000000
29912.000000 0.000000
29914.000000 0.000000
29916.000000 0.000000
29918.000000 0.000000
29920.000000 0.000000
29922.000000 0.000000
29924.000000 0.000000
29926.000000 0.000000
29928.000000 0.000000
29930.000000 0.000000
29932.000000 0.000000
29934.000000 0.000000
29936.000000 0.000000
29938.000000 0.000000
29940.000000 0.000000
29942.000000 0.000000
29944.000000 0.000000
29946.000000 0.000000
29948.000000 0.000000
29950.000000 0.000000
29952.000000 0.000000
29954.000000 0.000000
29956.000000 0.000000
29958.000000 0.000000
29960.000000 0.000000
29962.000000 0.000000
29964.000000 0.000000
29966.000000 0.000000
29968.000000 0.000000
29970.000000 0.000000
29972.000000 0.000000
29974.000000 0.000000
29976.000000 0.000000
29978.000000 0.000000
29980.000000 0.000000
29982.000000 0.000000
29984.000000 0.000000
29986.000000 0.000000
29988.000000 0.000000
29990.000000 0.000000
29992.000000 0.000000
29994.000000 0.000000
29996.000000 0.000000
29998.000000 0.000000
30000.000000 0.000000
30002.000000 0.000000
30004.000000 0.000000
30006.000000 0.000000
30008.000000 0.000000
30010.000000 0.000000
30012.000000 0.000000
30014.000000 0.000000
30016.000000 0.000000
30018.000000 0.000000
30020.000000 0.000000
30022.000000 0.000000
30024.000000 0.000000
30026.000000 0.000000
30028.000000 0.000000
30030.000000 0.000000
30032.000000 0.000000
30034.000000 0.000000
30036.000000 0.000000
30038.000000 0.000000
30040.000000 0.000000
30042.000000 0.000000
30044.000000 0.000000
30046.000000 0.000000
30048.000000 5.655823
30050.000000 9.896719
30052.000000 14.148406
30054.000000 14.860618
30056.000000 15.562038
30058.000000 16.263459
30060.000000 16.975671
30062.000000 15.562038
30064.000000 14.148406
30066.000000 12.723983
30068.000000 11.310351
30070.000000 7.069455
30072.000000 2.828559
30074.000000 0.000000
30076.000000 0.000000
30078.000000 0.000000
30080.000000 0.000000
30082.000000 0.000000
30084.000000 0.000000
30086.000000 0.000000
30088.000000 0.000000
30090.000000 0.000000
30092.000000 0.000000
30094.000000 0.000000
30096.000000 0.000000
30098.000000 0.000000
30100.000000 0.000000
30102.000000 0.000000
30104.000000 0.000000
30106.000000 0.000000
30108.000000 0.000000
30110.000000 0.000000
30112.000000 0.000000
30114.000000 0.000000
30116.000000 0.000000
30118.000000 0.000000
30120.000000 0.000000
30122.000000 0.000000
30124.000000 0.000000
30126.000000 0.000000
30128.000000 0.000000
30130.000000 0.000000
30132.000000 0.000000
30134.000000 0.000000
30136.000000 0.000000
30138.000000 0.000000
30140.000000 0.000000
30142.000000 0.000000
30144.000000 0.000000
30146.000000 0.000000
30148.000000 0.000000
30150.000000 0.000000
30152.000000 0.000000
30154.000000 0.000000
30156.000000 0.000000
30158.000000 0.000000
30160.000000 0.000000
30162.000000 0.000000
30164.000000 0.000000
30166.000000 0.000000
30168.000000 0.001295
30170.000000 0.000000
30172.000000 0.000000
30174.000000 0.000000
30176.000000 0.000000
30178.000000 0.000000
30180.000000 0.000000
30182.000000 0.000000
30184.000000 0.000000
30186.000000 0.000000
30188.000000 0.000000
30190.000000 0.000000
30192.000000 0.000000
30194.000000 0.000000
30196.000000 0.000000
30198.000000 0.000000
30200.000000 0.000000
30202.000000 0.000000
30204.000000 0.000000
30206.000000 0.000000
30208.000000 0.000000
30210.000000 0.000000
30212.000000 0.000000
30214.000000 0.000000
30216.000000 0.000000
30218.000000 0.000000
30220.000000 0.000000
30222.000000 0.000000
30224.000000 0.000000
30226.000000 0.000000
30228.000000 0.000000
30230.000000 0.000000
30232.000000 0.000000
30234.000000 0.000000
30236.000000 0.000000
30238.000000 0.000000
30240.000000 0.000000
30242.000000 0.000000
30244.000000 0.000000
30246.000000 0.000000
30248.000000 0.000000
30250.000000 0.000000
30252.000000 0.000000
30254.000000 0.000000
30256.000000 0.000000
30258.000000 0.000000
30260.000000 0.000000
30262.000000 0.000000
30264.000000 0.000000
30266.000000 0.000000
30268.000000 0.000000
30270.000000 0.000000
30272.000000 0.000000
30274.000000 0.000000
30276.000000 0.000000
30278.000000 0.000000
30280.000000 0.000000
30282.000000 0.000000
30284.000000 0.000000
30286.000000 0.000000
30288.000000 0.000000
30290.000000 0.000000
30292.000000 0.000000
30294.000000 0.000000
30296.000000 0.000000
30298.000000 0.000000
30300.000000 0.000000
30302.000000 0.000000
30304.000000 0.000000
30306.000000 0.000000
30308.000000 0.000000
30310.000000 0.000000
30312.000000 0.000000
30314.000000 0.000000
30316.000000 0.000000
30318.000000 0.000000
30320.000000 0.000000
30322.000000 0.000000
30324.000000 0.000000
30326.000000 0.000000
30328.000000 0.000000
30330.000000 0.000000
30332.000000 0.000000
30334.000000 0.000000
30336.000000 0.000000
30338.000000 0.000000
30340.000000 0.000000
30342.000000 0.000000
30344.000000 0.000000
30346.000000 0.000000
30348.000000 0.000000
30350.000000 0.000000
30352.000000 0.000000
30354.000000 0.000000
30356.000000 0.000000
30358.000000 0.000000
30360.000000 0.000000
30362.000000 0.000000
30364.000000 0.000000
30366.000000 0.000000
30368.000000 0.000000
30370.000000 0.000000
30372.000000 0.000000
30374.000000 0.000000
30376.000000 0.000000
30378.000000 0.000000
30380.000000 0.000000
30382.000000 0.000000
30384.000000 0.000000
30386.000000 0.000000
30388.000000 0.000000
30390.000000 0.000000
30392.000000 0.000000
30394.000000 0.000000
30396.000000 0.000000
30398.000000 0.000000
30400.000000 0.000000
30402.000000 0.000000
30404.000000 0.000000
30406.000000 0.000000
30408.000000 0.000000
30410.000000 0.000000
30412.000000 0.000000
30414.000000 0.000000
30416.000000 0.000000
30418.000000 0.000000
30420.000000 0.000000
30422.000000 0.000000
30424.000000 0.000000
30426.000000 0.000000
30428.000000 0.000000
30430.000000 0.000000
30432.000000 0.000000
30434.000000 0.000000
30436.000000 0.000000
30438.000000 0.000000
30440.000000 0.000000
30442.000000 0.000000
30444.000000 0.000000
30446.000000 0.000000
30448.000000 0.000000
30450.000000 0.000000
30452.000000 0.000000
30454.000000 0.000000
30456.000000 0.000000
30458.000000 0.000000
30460.000000 0.000000
30462.000000 0.000000
30464.000000 0.000000
30466.000000 0.000000
30468.000000 0.000000
30470.000000 0.000000
30472.000000 0.000000
30474.000000 0.000000
30476.000000 -0.001068
30478.000000 -1.167393
30480.000000 -2.333718
30482.000000 -1.167393
30484.000000 -0.001068
30486.000000 0.000000
30488.000000 0.000000
30490.000000 -1.167393
30492.000000 -4.675270
30494.000000 -8.174244
30496.000000 -11.673217
30498.000000 -10.497990
30500.000000 -9.331665
30502.000000 -8.165340
30504.000000 -6.999016
30506.000000 -5.832691
30508.000000 -4.666367
30510.000000 -5.832691
30512.000000 -6.999016
30514.000000 -8.165340
30516.000000 -9.331665
30518.000000 -8.752954
30520.000000 -8.165340
30522.000000 -7.577727
30524.000000 -6.999016
30526.000000 -4.666367
30528.000000 -2.333718
30530.000000 0.000000
30532.000000 0.000000
30534.000000 0.000000
30536.000000 -0.001068
30538.000000 -1.167393
30540.000000 -2.333718
30542.000000 -0.579779
30544.000000 0.000000
30546.000000 0.000000
30548.000000 0.000000
30550.000000 0.000000
30552.000000 0.000000
30554.000000 0.000000
30556.000000 -0.001068
30558.000000 -0.579779
30560.000000 -1.167393
30562.000000 -1.755007
30564.000000 -2.333718
30566.000000 -4.666367
30568.000000 -6.999016
30570.000000 -8.165340
30572.000000 -9.331665
30574.000000 -10.497990
30576.000000 -11.673217
30578.000000 -9.340568
30580.000000 -6.999016
30582.000000 -4.666367
30584.000000 -2.333718
30586.000000 -0.001068
30588.000000 0.000000
30590.000000 0.000000
30592.000000 0.000000
30594.000000 0.000000
30596.000000 0.000000
30598.000000 0.000000
30600.000000 0.000000
30602.000000 0.000000
30604.000000 0.000000
30606.000000 0.000000
30608.000000 0.000000
30610.000000 0.000000
30612.000000 0.000000
30614.000000 0.000000
30616.000000 0.000000
30618.000000 0.000000
30620.000000 0.000000
30622.000000 0.000000
30624.000000 0.000000
30626.000000 0.000000
30628.000000 0.000000
30630.000000 0.000000
30632.000000 0.000000
30634.000000 0.000000
30636.000000 0.000000
30638.000000 0.000000
30640.000000 0.000000
30642.000000 1.414927
30644.000000 5.655823
30646.000000 7.069455
30648.000000 8.483087
30650.000000 11.321142
30652.000000 14.148406
30654.000000 12.259967
30656.000000 10.371527
30658.000000 8.493878
30660.000000 6.605439
30662.000000 4.716999
30664.000000 2.828559
30666.000000 0.000000
30668.000000 0.000000
30670.000000 0.000000
30672.000000 0.000000
30674.000000 0.000000
30676.000000 0.000000
30678.000000 0.000000
30680.000000 0.000000
30682.000000 0.000000
30684.000000 0.000000
30686.000000 0.000000
30688.000000 0.000000
30690.000000 0.000000
30692.000000 0.000000
30694.000000 0.000000
30696.000000 0.000000
30698.000000 0.000000
30700.000000 0.000000
30702.000000 0.000000
30704.000000 0.000000
30706.000000 0.000000
30708.000000 0.000000
30710.000000 0.000000
30712.000000 0.000000
30714.000000 0.000000
30716.000000 0.000000
30718.000000 0.000000
30720.000000 0.000000
30722.000000 0.000000
30724.000000 0.000000
30726.000000 0.000000
30728.000000 0.000000
30730.000000 0.000000
30732.000000 0.000000
30734.000000 0.000000
30736.000000 0.000000
30738.000000 0.000000
30740.000000 0.000000
30742.000000 0.000000
30744.000000 0.000000
30746.000000 0.000000
30748.000000 8.483087
30750.000000 12.723983
30752.000000 16.975671
30754.000000 12.723983
30756.000000 8.483087
30758.000000 9.184508
30760.000000 9.896719
30762.000000 10.608931
30764.000000 11.310351
30766.000000 16.975671
30768.000000 22.630199
30770.000000 24.043831
30772.000000 25.457463
30774.000000 19.802935
30776.000000 14.148406
30778.000000 22.630199
30780.000000 31.111991
30782.000000 28.996938
30784.000000 26.871095
30786.000000 24.745251
30788.000000 22.630199
30790.000000 19.802935
30792.000000 16.975671
30794.000000 19.802935
30796.000000 22.630199
30798.000000 24.043831
30800.000000 25.457463
30802.000000 22.630199
30804.000000 19.802935
30806.000000 16.975671
30808.000000 14.148406
30810.000000 15.562038
30812.000000 16.975671
30814.000000 12.723983
30816.000000 8.483087
30818.000000 5.655823
30820.000000 2.828559
30822.000000 4.242191
30824.000000 5.655823
30826.000000 4.242191
30828.000000 2.828559
30830.000000 0.001295
30832.000000 0.000000
30834.000000 0.000000
30836.000000 0.000000
30838.000000 0.000000
30840.000000 0.000000
30842.000000 0.000000
30844.000000 0.001295
30846.000000 0.000000
30848.000000 0.000000
30850.000000 0.000000
30852.000000 0.000000
30854.000000 0.000000
30856.000000 0.000000
30858.000000 0.000000
30860.000000 0.000000
30862.000000 0.000000
30864.000000 0.000000
30866.000000 0.000000
30868.000000 0.000000
30870.000000 0.000000
30872.000000 0.000000
30874.000000 0.000000
30876.000000 0.000000
30878.000000 0.000000
30880.000000 0.000000
30882.000000 0.000000
30884.000000 -0.001068
30886.000000 -4.666367
30888.000000 -9.331665
30890.000000 -11.673217
30892.000000 -14.005867
30894.000000 -16.338516
30896.000000 -18.671165
30898.000000 -12.830639
30900.000000 -6.999016
30902.000000 -3.500042
30904.000000 -0.001068
30906.000000 0.000000
30908.000000 0.000000
30910.000000 0.000000
30912.000000 0.000000
30914.000000 0.000000
30916.000000 0.000000
30918.000000 0.000000
30920.000000 0.000000
30922.000000 0.000000
30924.000000 0.000000
30926.000000 0.000000
30928.000000 0.000000
30930.000000 0.000000
30932.000000 0.000000
30934.000000 0.000000
30936.000000 0.000000
30938.000000 0.000000
30940.000000 0.000000
30942.000000 0.000000
30944.000000 0.000000
30946.000000 0.000000
30948.000000 0.000000
30950.000000 0.000000
30952.000000 0.000000
30954.000000 0.000000
30956.000000 0.000000
30958.000000 0.000000
30960.000000 0.000000
30962.000000 0.000000
30964.000000 0.000000
30966.000000 0.000000
30968.000000 0.000000
30970.000000 0.000000
30972.000000 0.000000
30974.000000 0.000000
30976.000000 0.000000
30978.000000 0.000000
30980.000000 0.000000
30982.000000 0.000000
30984.000000 0.000000
30986.000000 0.000000
30988.000000 0.000000
30990.000000 0.000000
30992.000000 0.000000
30994.000000 0.000000
30996.000000 0.000000
30998.000000 0.000000
31000.000000 0.000000
31002.000000 0.000000
31004.000000 0.000000
31006.000000 0.000000
31008.000000 0.000000
31010.000000 0.000000
31012.000000 0.000000
31014.000000 0.000000
31016.000000 0.000000
31018.000000 0.000000
31020.000000 0.000000
31022.000000 0.000000
31024.000000 0.000000
31026.000000 0.000000
31028.000000 0.000000
31030.000000 0.000000
31032.000000 0.000000
31034.000000 0.000000
31036.000000 0.000000
31038.000000 0.000000
31040.000000 0.000000
31042.000000 0.000000
31044.000000 0.000000
31046.000000 0.000000
31048.000000 0.000000
31050.000000 0.000000
31052.000000 0.000000
31054.000000 0.000000
31056.000000 0.000000
31058.000000 0.000000
31060.000000 0.000000
31062.000000 0.000000
31064.000000 0.000000
31066.000000 0.000000
31068.000000 0.000000
31070.000000 0.000000
31072.000000 0.000000
31074.000000 0.000000
31076.000000 0.000000
31078.000000 0.000000
31080.000000 0.000000
31082.000000 0.000000
31084.000000 0.000000
31086.000000 0.000000
31088.000000 0.000000
31090.000000 0.000000
31092.000000 0.000000
31094.000000 0.000000
31096.000000 0.000000
31098.000000 0.000000
31100.000000 0.000000
31102.000000 0.000000
31104.000000 0.000000
31106.000000 0.000000
31108.000000 0.000000
31110.000000 0.000000
31112.000000 0.000000
31114.000000 0.000000
31116.000000 0.000000
31118.000000 0.000000
31120.000000 0.000000
31122.000000 0.000000
31124.000000 0.000000
31126.000000 0.000000
31128.000000 0.000000
31130.000000 0.000000
31132.000000 0.000000
31134.000000 0.000000
31136.000000 0.000000
31138.000000 0.000000
31140.000000 0.000000
31142.000000 0.000000
31144.000000 0.000000
31146.000000 0.000000
31148.000000 0.000000
31150.000000 0.000000
31152.000000 0.000000
31154.000000 0.000000
31156.000000 0.000000
31158.000000 0.000000
31160.000000 0.000000
31162.000000 0.000000
31164.000000 0.000000
31166.000000 0.000000
31168.000000 0.000000
31170.000000 0.000000
31172.000000 0.000000
31174.000000 0.000000
31176.000000 0.000000
31178.000000 0.000000
31180.000000 0.000000
31182.000000 0.000000
31184.000000 0.000000
31186.000000 0.000000
31188.000000 -0.001068
31190.000000 0.000000
31192.000000 0.000000
31194.000000 0.000000
31196.000000 0.000000
31198.000000 0.000000
31200.000000 0.000000
31202.000000 0.000000
31204.000000 0.000000
31206.000000 0.000000
31208.000000 0.000000
31210.000000 0.000000
31212.000000 0.000000
31214.000000 0.000000
31216.000000 0.000000
31218.000000 0.000000
31220.000000 0.000000
31222.000000 0.000000
31224.000000 0.000000
31226.000000 0.000000
31228.000000 0.000000
31230.000000 0.000000
31232.000000 0.000000
31234.000000 0.000000
31236.000000 0.000000
31238.000000 0.000000
31240.000000 0.000000
31242.000000 0.000000
31244.000000 0.000000
31246.000000 0.000000
31248.000000 0.000000
31250.000000 0.000000
31252.000000 0.000000
31254.000000 0.000000
31256.000000 0.000000
31258.000000 0.000000
31260.000000 0.000000
31262.000000 0.000000
31264.000000 0.000000
31266.000000 0.000000
31268.000000 0.000000
31270.000000 0.000000
31272.000000 0.000000
31274.000000 0.000000
31276.000000 0.000000
31278.000000 0.000000
31280.000000 0.000000
31282.000000 0.000000
31284.000000 0.000000
31286.000000 0.000000
31288.000000 0.000000
31290.000000 0.000000
31292.000000 0.000000
31294.000000 0.000000
31296.000000 0.000000
31298.000000 0.000000
31300.000000 0.000000
31302.000000 0.000000
31304.000000 0.000000
31306.000000 0.000000
31308.000000 0.000000
31310.000000 0.000000
31312.000000 0.000000
31314.000000 0.000000
31316.000000 0.000000
31318.000000 0.000000
31320.000000 0.000000
31322.000000 0.000000
31324.000000 -2.333718
31326.000000 -7.007919
31328.000000 -11.673217
31330.000000 -14.005867
31332.000000 -16.338516
31334.000000 -10.497990
31336.000000 -4.666367
31338.000000 -1.167393
31340.000000 0.000000
31342.000000 0.000000
31344.000000 0.000000
31346.000000 0.000000
31348.000000 0.000000
31350.000000 0.000000
31352.000000 0.000000
31354.000000 0.000000
31356.000000 0.000000
31358.000000 0.000000
31360.000000 0.000000
31362.000000 0.000000
31364.000000 0.000000
31366.000000 0.000000
31368.000000 0.000000
31370.000000 0.000000
31372.000000 0.000000
31374.000000 0.000000
31376.000000 0.000000
31378.000000 0.000000
31380.000000 0.000000
31382.000000 0.000000
31384.000000 0.000000
31386.000000 0.000000
31388.000000 0.000000
31390.000000 0.000000
31392.000000 0.000000
31394.000000 0.000000
31396.000000 0.000000
31398.000000 0.000000
31400.000000 0.000000
31402.000000 0.000000
31404.000000 0.000000
31406.000000 0.000000
31408.000000 0.000000
31410.000000 0.000000
31412.000000 0.000000
31414.000000 0.000000
31416.000000 0.000000
31418.000000 0.000000
31420.000000 0.000000
31422.000000 0.000000
31424.000000 0.000000
31426.000000 0.000000
31428.000000 0.000000
31430.000000 0.000000
31432.000000 0.000000
31434.000000 0.000000
31436.000000 0.000000
31438.000000 0.000000
31440.000000 0.000000
31442.000000 0.000000
31444.000000 0.000000
31446.000000 0.000000
31448.000000 0.000000
31450.000000 0.000000
31452.000000 0.000000
31454.000000 0.000000
31456.000000 0.000000
31458.000000 0.000000
31460.000000 0.000000
31462.000000 0.000000
31464.000000 0.000000
31466.000000 0.000000
31468.000000 0.000000
31470.000000 0.000000
31472.000000 0.000000
31474.000000 0.000000
31476.000000 0.000000
31478.000000 0.000000
31480.000000 0.000000
31482.000000 0.000000
31484.000000 0.000000
31486.000000 0.000000
31488.000000 0.000000
31490.000000 0.000000
31492.000000 0.000000
31494.000000 0.000000
31496.000000 0.000000
31498.000000 0.000000
31500.000000 0.000000
31502.000000 0.000000
31504.000000 0.000000
31506.000000 0.000000
31508.000000 0.000000
31510.000000 0.000000
31512.000000 0.000000
31514.000000 0.000000
31516.000000 0.000000
31518.000000 0.000000
31520.000000 0.000000
31522.000000 0.000000
31524.000000 0.000000
31526.000000 0.000000
31528.000000 0.000000
31530.000000 0.000000
31532.000000 0.000000
31534.000000 0.000000
31536.000000 0.000000
31538.000000 0.000000
31540.000000 0.000000
31542.000000 0.000000
31544.000000 0.000000
31546.000000 0.000000
31548.000000 0.000000
31550.000000 0.000000
31552.000000 0.000000
31554.000000 0.000000
31556.000000 0.000000
31558.000000 0.000000
31560.000000 0.000000
31562.000000 0.000000
31564.000000 0.000000
31566.000000 0.000000
31568.000000 0.000000
31570.000000 0.000000
31572.000000 0.000000
31574.000000 0.000000
31576.000000 0.000000
31578.000000 0.000000
31580.000000 0.000000
31582.000000 0.000000
31584.000000 0.000000
31586.000000 0.000000
31588.000000 0.000000
31590.000000 0.000000
31592.000000 0.000000
31594.000000 0.000000
31596.000000 0.000000
31598.000000 0.000000
31600.000000 0.000000
31602.000000 0.000000
31604.000000 0.000000
31606.000000 0.000000
31608.000000 0.000000
31610.000000 0.000000
31612.000000 0.000000
31614.000000 0.000000
31616.000000 -4.666367
31618.000000 -2.333718
31620.000000 -0.001068
31622.000000 0.000000
31624.000000 0.000000
31626.000000 0.000000
31628.000000 -6.999016
31630.000000 -10.497990
31632.000000 -14.005867
31634.000000 -12.839542
31636.000000 -11.673217
31638.000000 -8.165340
31640.000000 -4.666367
31642.000000 -5.245077
31644.000000 -5.832691
31646.000000 -6.420305
31648.000000 -6.999016
31650.000000 -4.666367
31652.000000 -2.333718
31654.000000 -1.167393
31656.000000 -0.001068
31658.000000 -3.500042
31660.000000 -6.999016
31662.000000 -7.390758
31664.000000 -7.773598
31666.000000 -8.165340
31668.000000 -8.557083
31670.000000 -8.939922
31672.000000 -9.331665
31674.000000 -8.752954
31676.000000 -8.165340
31678.000000 -7.577727
31680.000000 -6.999016
31682.000000 -7.390758
31684.000000 -7.773598
31686.000000 -8.165340
31688.000000 -8.557083
31690.000000 -8.939922
31692.000000 -9.331665
31694.000000 -7.577727
31696.000000 -5.832691
31698.000000 -4.087656
31700.000000 -2.333718
31702.000000 -5.832691
31704.000000 -9.331665
31706.000000 -12.830639
31708.000000 -16.338516
31710.000000 -11.673217
31712.000000 -6.999016
31714.000000 -3.500042
31716.000000 -0.001068
31718.000000 -2.333718
31720.000000 -4.666367
31722.000000 -8.165340
31724.000000 -11.673217
31726.000000 -12.839542
31728.000000 -14.005867
31730.000000 -5.832691
31732.000000 0.000000
31734.000000 -0.001068
31736.000000 -2.333718
31738.000000 -7.007919
31740.000000 -11.673217
31742.000000 -15.172191
31744.000000 -18.671165
31746.000000 -22.170139
31748.000000 -25.669112
31750.000000 -26.835437
31752.000000 -28.001762
31754.000000 -29.176989
31756.000000 -30.343314
31758.000000 -25.669112
31760.000000 -21.003814
31762.000000 -19.837489
31764.000000 -18.671165
31766.000000 -19.258779
31768.000000 -19.837489
31770.000000 -20.416200
31772.000000 -21.003814
31774.000000 -18.671165
31776.000000 -16.338516
31778.000000 -15.172191
31780.000000 -14.005867
31782.000000 -15.172191
31784.000000 -16.338516
31786.000000 -15.172191
31788.000000 -14.005867
31790.000000 -10.497990
31792.000000 -6.999016
31794.000000 -5.245077
31796.000000 -3.500042
31798.000000 -1.755007
31800.000000 -0.001068
31802.000000 0.000000
31804.000000 0.000000
31806.000000 0.000000
31808.000000 0.000000
31810.000000 0.000000
31812.000000 0.000000
31814.000000 0.000000
31816.000000 0.000000
31818.000000 0.000000
31820.000000 0.000000
31822.000000 0.000000
31824.000000 0.000000
31826.000000 0.000000
31828.000000 0.000000
31830.000000 0.000000
31832.000000 0.000000
31834.000000 0.000000
31836.000000 0.000000
31838.000000 0.000000
31840.000000 0.000000
31842.000000 0.000000
31844.000000 0.000000
31846.000000 0.000000
31848.000000 0.000000
31850.000000 0.000000
31852.000000 0.000000
31854.000000 0.000000
31856.000000 0.000000
31858.000000 0.000000
31860.000000 0.000000
31862.000000 0.000000
31864.000000 0.000000
31866.000000 0.000000
31868.000000 0.000000
31870.000000 0.000000
31872.000000 0.000000
31874.000000 0.000000
31876.000000 0.000000
31878.000000 0.000000
31880.000000 0.000000
31882.000000 0.000000
31884.000000 0.000000
31886.000000 0.000000
31888.000000 0.000000
31890.000000 0.000000
31892.000000 0.000000
31894.000000 0.000000
31896.000000 0.000000
31898.000000 0.000000
31900.000000 0.000000
31902.000000 0.000000
31904.000000 0.000000
31906.000000 0.000000
31908.000000 0.000000
31910.000000 0.000000
31912.000000 0.000000
31914.000000 0.000000
31916.000000 0.000000
31918.000000 0.000000
31920.000000 0.000000
31922.000000 0.000000
31924.000000 0.000000
31926.000000 0.000000
31928.000000 0.000000
31930.000000 0.000000
31932.000000 0.000000
31934.000000 0.000000
31936.000000 0.000000
31938.000000 0.000000
31940.000000 0.000000
31942.000000 0.000000
31944.000000 0.000000
31946.000000 0.000000
31948.000000 0.000000
31950.000000 0.000000
31952.000000 0.000000
31954.000000 0.000000
31956.000000 0.000000
31958.000000 0.000000
31960.000000 0.000000
31962.000000 0.000000
31964.000000 0.000000
31966.000000 0.000000
31968.000000 0.000000
31970.000000 0.000000
31972.000000 0.000000
31974.000000 0.000000
31976.000000 0.000000
31978.000000 0.000000
31980.000000 0.000000
31982.000000 0.000000
31984.000000 0.000000
31986.000000 0.000000
31988.000000 0.000000
31990.000000 0.000000
31992.000000 0.000000
31994.000000 0.000000
31996.000000 0.000000
31998.000000 0.000000
32000.000000 0.000000
32002.000000 0.000000
32004.000000 0.000000
32006.000000 0.000000
32008.000000 0.000000
32010.000000 0.000000
32012.000000 0.000000
32014.000000 0.000000
32016.000000 0.000000
32018.000000 0.000000
32020.000000 0.001295
32022.000000 0.000000
32024.000000 0.000000
32026.000000 0.000000
32028.000000 0.000000
32030.000000 0.000000
32032.000000 0.000000
32034.000000 0.000000
32036.000000 0.000000
32038.000000 0.000000
32040.000000 0.000000
32042.000000 0.000000
32044.000000 0.000000
32046.000000 0.000000
32048.000000 0.000000
32050.000000 0.000000
32052.000000 0.000000
32054.000000 0.000000
32056.000000 0.000000
32058.000000 0.000000
32060.000000 0.000000
32062.000000 0.000000
32064.000000 0.000000
32066.000000 0.000000
32068.000000 0.000000
32070.000000 0.000000
32072.000000 0.000000
32074.000000 0.000000
32076.000000 0.000000
32078.000000 0.000000
32080.000000 0.000000
32082.000000 0.000000
32084.000000 0.000000
32086.000000 0.000000
32088.000000 0.000000
32090.000000 0.000000
32092.000000 0.000000
32094.000000 0.000000
32096.000000 0.000000
32098.000000 0.000000
32100.000000 0.000000
32102.000000 0.000000
32104.000000 0.000000
32106.000000 0.000000
32108.000000 0.000000
32110.000000 0.000000
32112.000000 0.000000
32114.000000 0.000000
32116.000000 0.000000
32118.000000 0.000000
32120.000000 0.000000
32122.000000 0.000000
32124.000000 0.000000
32126.000000 0.000000
32128.000000 0.000000
32130.000000 0.000000
32132.000000 0.000000
32134.000000 0.000000
32136.000000 0.000000
32138.000000 0.000000
32140.000000 0.000000
32142.000000 0.000000
32144.000000 0.000000
32146.000000 0.000000
32148.000000 0.000000
32150.000000 0.000000
32152.000000 0.000000
32154.000000 0.000000
32156.000000 0.000000
32158.000000 0.000000
32160.000000 -0.001068
32162.000000 -2.333718
32164.000000 -4.666367
32166.000000 -8.165340
32168.000000 -11.673217
32170.000000 -14.005867
32172.000000 -16.338516
32174.000000 -18.671165
32176.000000 -21.003814
32178.000000 -23.336463
32180.000000 -25.669112
32182.000000 -26.835437
32184.000000 -28.001762
32186.000000 -29.176989
32188.000000 -30.343314
32190.000000 -31.509638
32192.000000 -32.675963
32194.000000 -31.509638
32196.000000 -30.343314
32198.000000 -29.176989
32200.000000 -28.010665
32202.000000 -25.669112
32204.000000 -23.336463
32206.000000 -24.502788
32208.000000 -25.669112
32210.000000 -26.835437
32212.000000 -28.001762
32214.000000 -29.168086
32216.000000 -30.334411
32218.000000 -31.509638
32220.000000 -32.675963
32222.000000 -33.842288
32224.000000 -35.008612
32226.000000 -37.341261
32228.000000 -39.673911
32230.000000 -38.507586
32232.000000 -37.341261
32234.000000 -36.174937
32236.000000 -35.008612
32238.000000 -31.509638
32240.000000 -28.010665
32242.000000 -26.844340
32244.000000 -25.669112
32246.000000 -26.844340
32248.000000 -28.010665
32250.000000 -24.511691
32252.000000 -21.003814
32254.000000 -22.170139
32256.000000 -23.336463
32258.000000 -24.502788
32260.000000 -25.669112
32262.000000 -26.835437
32264.000000 -28.001762
32266.000000 -29.176989
32268.000000 -30.343314
32270.000000 -29.764603
32272.000000 -29.176989
32274.000000 -28.589375
32276.000000 -28.010665
32278.000000 -30.343314
32280.000000 -32.675963
32282.000000 -31.509638
32284.000000 -30.343314
32286.000000 -28.001762
32288.000000 -25.669112
32290.000000 -22.170139
32292.000000 -18.671165
32294.000000 -17.504840
32296.000000 -16.338516
32298.000000 -15.172191
32300.000000 -14.005867
32302.000000 -12.839542
32304.000000 -11.673217
32306.000000 -9.340568
32308.000000 -7.007919
32310.000000 -4.666367
32312.000000 -2.333718
32314.000000 0.000000
32316.000000 0.000000
32318.000000 0.000000
32320.000000 0.000000
32322.000000 -0.001068
32324.000000 -4.666367
32326.000000 -5.832691
32328.000000 -6.999016
32330.000000 -5.832691
32332.000000 -4.666367
32334.000000 -3.500042
32336.000000 -2.333718
32338.000000 0.000000
32340.000000 0.000000
32342.000000 0.000000
32344.000000 0.000000
32346.000000 0.000000
32348.000000 0.000000
32350.000000 0.000000
32352.000000 0.000000
32354.000000 0.000000
32356.000000 0.000000
32358.000000 0.000000
32360.000000 0.000000
32362.000000 0.000000
32364.000000 0.000000
32366.000000 0.000000
32368.000000 0.000000
32370.000000 0.000000
32372.000000 -0.001068
32374.000000 -1.167393
32376.000000 -2.333718
32378.000000 0.000000
32380.000000 0.000000
32382.000000 0.000000
32384.000000 0.000000
32386.000000 -0.579779
32388.000000 -2.333718
32390.000000 -0.579779
32392.000000 0.000000
32394.000000 0.000000
32396.000000 0.000000
32398.000000 0.000000
32400.000000 0.000000
32402.000000 0.000000
32404.000000 0.000000
32406.000000 0.000000
32408.000000 0.000000
32410.000000 0.000000
32412.000000 0.000000
32414.000000 -0.579779
32416.000000 -2.333718
32418.000000 -1.167393
32420.000000 -0.001068
32422.000000 0.000000
32424.000000 0.000000
32426.000000 0.000000
32428.000000 0.000000
32430.000000 0.000000
32432.000000 0.000000
32434.000000 0.000000
32436.000000 0.000000
32438.000000 0.000000
32440.000000 0.000000
32442.000000 0.000000
32444.000000 0.000000
32446.000000 0.000000
32448.000000 0.000000
32450.000000 0.000000
32452.000000 0.000000
32454.000000 0.000000
32456.000000 0.000000
32458.000000 0.000000
32460.000000 0.000000
32462.000000 0.000000
32464.000000 0.000000
32466.000000 0.000000
32468.000000 0.000000
32470.000000 0.000000
32472.000000 0.000000
32474.000000 0.000000
32476.000000 0.000000
32478.000000 0.000000
32480.000000 0.000000
32482.000000 0.000000
32484.000000 0.001295
32486.000000 0.000000
32488.000000 0.000000
32490.000000 0.000000
32492.000000 0.000000
32494.000000 0.000000
32496.000000 0.000000
32498.000000 0.000000
32500.000000 0.000000
32502.000000 0.000000
32504.000000 0.000000
32506.000000 0.000000
32508.000000 0.000000
32510.000000 0.000000
32512.000000 0.000000
32514.000000 0.000000
32516.000000 0.000000
32518.000000 0.000000
32520.000000 0.000000
32522.000000 0.000000
32524.000000 0.000000
32526.000000 0.000000
32528.000000 0.000000
32530.000000 0.000000
32532.000000 0.000000
32534.000000 0.000000
32536.000000 0.000000
32538.000000 0.000000
32540.000000 0.000000
32542.000000 0.000000
32544.000000 0.000000
32546.000000 0.000000
32548.000000 0.000000
32550.000000 0.000000
32552.000000 0.000000
32554.000000 0.000000
32556.000000 0.000000
32558.000000 0.000000
32560.000000 0.000000
32562.000000 0.000000
32564.000000 0.000000
32566.000000 0.000000
32568.000000 0.000000
32570.000000 0.000000
32572.000000 0.000000
32574.000000 0.000000
32576.000000 0.000000
32578.000000 0.000000
32580.000000 0.000000
32582.000000 0.000000
32584.000000 0.000000
32586.000000 0.000000
32588.000000 0.000000
32590.000000 0.000000
32592.000000 0.000000
32594.000000 0.000000
32596.000000 0.000000
32598.000000 0.000000
32600.000000 0.000000
32602.000000 0.000000
32604.000000 0.000000
32606.000000 0.000000
32608.000000 0.000000
32610.000000 0.000000
32612.000000 0.000000
32614.000000 0.000000
32616.000000 0.000000
32618.000000 0.000000
32620.000000 0.000000
32622.000000 0.000000
32624.000000 0.000000
32626.000000 0.000000
32628.000000 0.000000
32630.000000 0.000000
32632.000000 0.000000
32634.000000 0.000000
32636.000000 0.000000
32638.000000 0.000000
32640.000000 0.000000
32642.000000 0.000000
32644.000000 0.000000
32646.000000 0.000000
32648.000000 0.000000
32650.000000 0.000000
32652.000000 -0.001068
32654.000000 -3.500042
32656.000000 -6.999016
32658.000000 -10.497990
32660.000000 -14.005867
32662.000000 -12.839542
32664.000000 -11.673217
32666.000000 -9.340568
32668.000000 -6.999016
32670.000000 -3.500042
32672.000000 -0.001068
32674.000000 -3.500042
32676.000000 -6.999016
32678.000000 -5.832691
32680.000000 -4.666367
32682.000000 -3.500042
32684.000000 -2.333718
32686.000000 -1.167393
32688.000000 -0.001068
32690.000000 0.000000
32692.000000 0.000000
32694.000000 0.000000
32696.000000 0.000000
32698.000000 0.000000
32700.000000 0.000000
32702.000000 0.000000
32704.000000 0.000000
32706.000000 0.000000
32708.000000 0.000000
32710.000000 0.000000
32712.000000 0.000000
32714.000000 0.000000
32716.000000 0.000000
32718.000000 0.000000
32720.000000 0.000000
32722.000000 0.000000
32724.000000 0.000000
32726.000000 0.000000
32728.000000 0.000000
32730.000000 0.000000
32732.000000 0.000000
32734.000000 0.000000
32736.000000 0.000000
32738.000000 0.000000
32740.000000 0.000000
32742.000000 0.000000
32744.000000 0.000000
32746.000000 0.000000
32748.000000 0.000000
32750.000000 0.000000
32752.000000 0.000000
32754.000000 0.000000
32756.000000 0.000000
32758.000000 0.000000
32760.000000 0.000000
32762.000000 0.000000
32764.000000 0.000000
32766.000000 0.000000
32768.000000 0.000000
32770.000000 0.000000
32772.000000 0.000000
32774.000000 0.000000
32776.000000 0.000000
32778.000000 0.000000
32780.000000 0.000000
32782.000000 0.000000
32784.000000 0.000000
32786.000000 0.000000
32788.000000 0.000000
32790.000000 0.000000
32792.000000 0.000000
32794.000000 0.000000
32796.000000 0.000000
32798.000000 0.000000
32800.000000 0.000000
32802.000000 0.000000
32804.000000 0.000000
32806.000000 0.000000
32808.000000 0.000000
32810.000000 0.000000
32812.000000 0.000000
32814.000000 0.000000
32816.000000 0.000000
32818.000000 0.000000
32820.000000 0.000000
32822.000000 0.000000
32824.000000 0.000000
32826.000000 0.000000
32828.000000 0.000000
32830.000000 0.000000
32832.000000 0.000000
32834.000000 0.000000
32836.000000 0.000000
32838.000000 0.000000
32840.000000 0.000000
32842.000000 0.000000
32844.000000 0.000000
32846.000000 0.000000
32848.000000 0.000000
32850.000000 0.000000
32852.000000 0.000000
32854.000000 0.000000
32856.000000 0.000000
32858.000000 0.000000
32860.000000 0.000000
32862.000000 0.000000
32864.000000 0.000000
32866.000000 0.000000
32868.000000 0.000000
32870.000000 0.000000
32872.000000 0.000000
32874.000000 0.000000
32876.000000 0.000000
32878.000000 0.000000
32880.000000 0.000000
32882.000000 0.000000
32884.000000 0.000000
32886.000000 0.000000
32888.000000 0.000000
32890.000000 0.000000
32892.000000 0.000000
32894.000000 0.000000
32896.000000 0.000000
32898.000000 0.000000
32900.000000 0.000000
32902.000000 0.000000
32904.000000 0.000000
32906.000000 0.000000
32908.000000 0.000000
32910.000000 0.000000
32912.000000 0.000000
32914.000000 0.000000
32916.000000 0.000000
32918.000000 0.000000
32920.000000 0.000000
32922.000000 0.000000
32924.000000 0.000000
32926.000000 0.000000
32928.000000 0.000000
32930.000000 0.000000
32932.000000 0.000000
32934.000000 0.000000
32936.000000 5.655823
32938.000000 8.483087
32940.000000 11.310351
32942.000000 9.896719
32944.000000 8.483087
32946.000000 15.551247
32948.000000 22.630199
32950.000000 21.216567
32952.000000 19.802935
32954.000000 15.551247
32956.000000 11.310351
32958.000000 9.184508
32960.000000 7.069455
32962.000000 4.954403
32964.000000 2.828559
32966.000000 1.889735
32968.000000 0.940119
32970.000000 0.001295
32972.000000 0.000000
32974.000000 0.000000
32976.000000 0.000000
32978.000000 0.000000
32980.000000 0.000000
32982.000000 0.000000
32984.000000 0.000000
32986.000000 0.000000
32988.000000 0.000000
32990.000000 0.000000
32992.000000 0.000000
32994.000000 0.000000
32996.000000 0.000000
32998.000000 0.000000
33000.000000 0.000000
33002.000000 0.000000
33004.000000 0.000000
33006.000000 0.000000
33008.000000 0.000000
33010.000000 0.000000
33012.000000 0.000000
33014.000000 0.000000
33016.000000 0.000000
33018.000000 0.000000
33020.000000 0.000000
33022.000000 0.000000
33024.000000 0.000000
33026.000000 0.000000
33028.000000 0.000000
33030.000000 0.000000
33032.000000 0.000000
33034.000000 0.000000
33036.000000 0.000000
33038.000000 0.000000
33040.000000 0.000000
33042.000000 0.000000
33044.000000 0.000000
33046.000000 0.000000
33048.000000 0.000000
33050.000000 0.000000
33052.000000 0.000000
33054.000000 -0.001068
33056.000000 -2.333718
33058.000000 -1.755007
33060.000000 -1.167393
33062.000000 -0.579779
33064.000000 -0.001068
33066.000000 0.000000
33068.000000 0.000000
33070.000000 0.000000
33072.000000 0.000000
33074.000000 0.000000
33076.000000 0.000000
33078.000000 0.000000
33080.000000 0.000000
33082.000000 0.000000
33084.000000 0.000000
33086.000000 0.000000
33088.000000 0.000000
33090.000000 0.000000
33092.000000 0.000000
33094.000000 0.000000
33096.000000 0.000000
33098.000000 0.000000
33100.000000 0.000000
33102.000000 0.000000
33104.000000 0.000000
33106.000000 0.000000
33108.000000 0.000000
33110.000000 0.000000
33112.000000 0.000000
33114.000000 0.000000
33116.000000 0.000000
33118.000000 0.000000
33120.000000 0.000000
33122.000000 0.000000
33124.000000 0.000000
33126.000000 0.000000
33128.000000 0.000000
33130.000000 0.000000
33132.000000 0.000000
33134.000000 0.000000
33136.000000 0.000000
33138.000000 0.000000
33140.000000 0.000000
33142.000000 0.000000
33144.000000 0.000000
33146.000000 0.000000
33148.000000 0.000000
33150.000000 0.000000
33152.000000 0.000000
33154.000000 0.000000
33156.000000 0.000000
33158.000000 0.000000
33160.000000 0.000000
33162.000000 0.000000
33164.000000 0.000000
33166.000000 0.000000
33168.000000 0.000000
33170.000000 0.000000
33172.000000 0.000000
33174.000000 0.000000
33176.000000 0.000000
33178.000000 0.000000
33180.000000 0.000000
33182.000000 0.000000
33184.000000 0.000000
33186.000000 0.000000
33188.000000 0.000000
33190.000000 0.000000
33192.000000 0.000000
33194.000000 0.000000
33196.000000 0.000000
33198.000000 0.000000
33200.000000 0.000000
33202.000000 0.000000
33204.000000 0.000000
33206.000000 0.000000
33208.000000 0.000000
33210.000000 0.000000
33212.000000 0.000000
33214.000000 0.000000
33216.000000 0.000000
33218.000000 0.000000
33220.000000 0.000000
33222.000000 0.000000
33224.000000 0.000000
33226.000000 0.000000
33228.000000 0.000000
33230.000000 0.000000
33232.000000 0.000000
33234.000000 0.000000
33236.000000 0.000000
33238.000000 0.000000
33240.000000 0.000000
33242.000000 0.000000
33244.000000 0.000000
33246.000000 0.000000
33248.000000 0.000000
33250.000000 0.000000
33252.000000 0.000000
33254.000000 0.000000
33256.000000 0.000000
33258.000000 0.000000
33260.000000 0.000000
33262.000000 0.000000
33264.000000 0.000000
33266.000000 0.000000
33268.000000 0.000000
33270.000000 0.000000
33272.000000 0.000000
33274.000000 0.000000
33276.000000 0.000000
33278.000000 0.001295
33280.000000 5.655823
33282.000000 6.357244
33284.000000 7.069455
33286.000000 7.781667
33288.000000 8.483087
33290.000000 4.242191
33292.000000 0.001295
33294.000000 0.702715
33296.000000 1.414927
33298.000000 2.127139
33300.000000 2.828559
33302.000000 4.954403
33304.000000 7.069455
33306.000000 9.184508
33308.000000 11.310351
33310.000000 9.896719
33312.000000 8.483087
33314.000000 2.828559
33316.000000 0.000000
33318.000000 0.000000
33320.000000 0.000000
33322.000000 0.000000
33324.000000 0.000000
33326.000000 0.000000
33328.000000 0.000000
33330.000000 0.000000
33332.000000 0.000000
33334.000000 0.000000
33336.000000 0.000000
33338.000000 0.000000
33340.000000 0.000000
33342.000000 0.000000
33344.000000 0.000000
33346.000000 0.000000
33348.000000 0.000000
33350.000000 0.000000
33352.000000 0.000000
33354.000000 0.000000
33356.000000 0.000000
33358.000000 0.000000
33360.000000 0.001295
33362.000000 0.000000
33364.000000 0.000000
33366.000000 0.000000
33368.000000 0.000000
33370.000000 0.001295
33372.000000 5.655823
33374.000000 7.069455
33376.000000 8.483087
33378.000000 7.069455
33380.000000 5.655823
33382.000000 9.896719
33384.000000 14.148406
33386.000000 9.896719
33388.000000 5.655823
33390.000000 9.896719
33392.000000 14.148406
33394.000000 18.389303
33396.000000 22.630199
33398.000000 24.043831
33400.000000 25.457463
33402.000000 21.216567
33404.000000 16.975671
33406.000000 15.562038
33408.000000 14.148406
33410.000000 11.321142
33412.000000 8.483087
33414.000000 7.781667
33416.000000 7.069455
33418.000000 6.357244
33420.000000 5.655823
33422.000000 0.001295
33424.000000 0.000000
33426.000000 0.000000
33428.000000 0.000000
33430.000000 0.000000
33432.000000 0.000000
33434.000000 0.000000
33436.000000 0.000000
33438.000000 0.000000
33440.000000 0.000000
33442.000000 0.000000
33444.000000 0.000000
33446.000000 0.000000
33448.000000 0.000000
33450.000000 0.000000
33452.000000 0.000000
33454.000000 0.000000
33456.000000 0.000000
33458.000000 0.000000
33460.000000 0.000000
33462.000000 0.000000
33464.000000 0.000000
33466.000000 0.000000
33468.000000 0.000000
33470.000000 0.000000
33472.000000 0.000000
33474.000000 0.000000
33476.000000 0.000000
33478.000000 0.000000
33480.000000 0.000000
33482.000000 -0.001068
33484.000000 -4.666367
33486.000000 -3.500042
33488.000000 -2.333718
33490.000000 0.000000
33492.000000 0.000000
33494.000000 0.000000
33496.000000 0.000000
33498.000000 0.000000
33500.000000 0.000000
33502.000000 0.000000
33504.000000 0.000000
33506.000000 0.000000
33508.000000 0.000000
33510.000000 0.000000
33512.000000 0.000000
33514.000000 0.000000
33516.000000 0.000000
33518.000000 0.000000
33520.000000 0.000000
33522.000000 0.000000
33524.000000 0.000000
33526.000000 0.000000
33528.000000 0.000000
33530.000000 0.000000
33532.000000 0.000000
33534.000000 0.000000
33536.000000 0.000000
33538.000000 0.000000
33540.000000 0.000000
33542.000000 0.000000
33544.000000 0.000000
33546.000000 0.000000
33548.000000 0.000000
33550.000000 0.000000
33552.000000 0.000000
33554.000000 0.000000
33556.000000 0.000000
33558.000000 0.000000
33560.000000 -2.333718
33562.000000 -8.165340
33564.000000 -14.005867
33566.000000 -12.839542
33568.000000 -11.673217
33570.000000 -10.497990
33572.000000 -9.331665
33574.000000 -8.165340
33576.000000 -6.999016
33578.000000 -5.832691
33580.000000 -4.666367
33582.000000 -3.500042
33584.000000 -2.333718
33586.000000 -3.500042
33588.000000 -4.666367
33590.000000 -3.500042
33592.000000 -2.333718
33594.000000 0.000000
33596.000000 0.000000
33598.000000 0.000000
33600.000000 0.000000
33602.000000 0.000000
33604.000000 0.000000
33606.000000 0.000000
33608.000000 0.000000
33610.000000 0.000000
33612.000000 0.000000
33614.000000 0.000000
33616.000000 0.000000
33618.000000 0.000000
33620.000000 0.000000
33622.000000 0.000000
33624.000000 0.000000
33626.000000 0.000000
33628.000000 0.000000
33630.000000 0.000000
33632.000000 0.000000
33634.000000 0.000000
33636.000000 0.000000
33638.000000 0.000000
33640.000000 0.000000
33642.000000 0.000000
33644.000000 0.000000
33646.000000 0.000000
33648.000000 0.000000
33650.000000 0.000000
33652.000000 0.000000
33654.000000 0.000000
33656.000000 0.000000
33658.000000 0.000000
33660.000000 0.000000
33662.000000 0.000000
33664.000000 0.000000
33666.000000 0.000000
33668.000000 0.000000
33670.000000 0.000000
33672.000000 0.000000
33674.000000 0.000000
33676.000000 0.000000
33678.000000 0.000000
33680.000000 0.000000
33682.000000 0.000000
33684.000000 0.000000
33686.000000 0.000000
33688.000000 0.000000
33690.000000 0.000000
33692.000000 0.000000
33694.000000 0.000000
33696.000000 0.000000
33698.000000 0.000000
33700.000000 0.000000
33702.000000 0.000000
33704.000000 0.000000
33706.000000 0.000000
33708.000000 0.000000
33710.000000 0.000000
33712.000000 0.000000
33714.000000 0.000000
33716.000000 0.000000
33718.000000 0.001295
33720.000000 2.828559
33722.000000 8.493878
33724.000000 14.148406
33726.000000 15.562038
33728.000000 16.975671
33730.000000 14.148406
33732.000000 11.310351
33734.000000 8.483087
33736.000000 5.655823
33738.000000 1.414927
33740.000000 0.000000
33742.000000 0.000000
33744.000000 0.000000
33746.000000 0.000000
33748.000000 0.000000
33750.000000 0.000000
33752.000000 0.000000
33754.000000 0.000000
33756.000000 0.000000
33758.000000 0.000000
33760.000000 0.000000
33762.000000 0.000000
33764.000000 0.000000
33766.000000 0.000000
33768.000000 0.000000
33770.000000 0.000000
33772.000000 0.000000
33774.000000 0.000000
33776.000000 0.000000
33778.000000 0.000000
33780.000000 0.000000
33782.000000 0.000000
33784.000000 0.000000
33786.000000 0.000000
33788.000000 0.000000
33790.000000 0.000000
33792.000000 0.000000
33794.000000 0.000000
33796.000000 0.000000
33798.000000 0.000000
33800.000000 0.000000
33802.000000 0.000000
33804.000000 0.000000
33806.000000 0.000000
33808.000000 0.000000
33810.000000 0.000000
33812.000000 0.000000
33814.000000 0.000000
33816.000000 2.828559
33818.000000 7.069455
33820.000000 11.310351
33822.000000 12.723983
33824.000000 14.148406
33826.000000 12.723983
33828.000000 11.310351
33830.000000 4.242191
33832.000000 0.000000
33834.000000 0.000000
33836.000000 0.000000
33838.000000 0.000000
33840.000000 0.000000
33842.000000 0.000000
33844.000000 0.000000
33846.000000 0.000000
33848.000000 0.001295
33850.000000 1.414927
33852.000000 2.828559
33854.000000 7.069455
33856.000000 11.310351
33858.000000 7.069455
33860.000000 2.828559
33862.000000 7.069455
33864.000000 11.310351
33866.000000 14.148406
33868.000000 16.975671
33870.000000 15.562038
33872.000000 14.148406
33874.000000 12.022563
33876.000000 9.896719
33878.000000 7.781667
33880.000000 5.655823
33882.000000 0.000000
33884.000000 0.000000
33886.000000 0.000000
33888.000000 0.000000
33890.000000 0.000000
33892.000000 0.000000
33894.000000 0.000000
33896.000000 0.000000
33898.000000 0.000000
33900.000000 0.000000
33902.000000 0.000000
33904.000000 0.000000
33906.000000 0.000000
33908.000000 0.000000
33910.000000 0.000000
33912.000000 0.000000
33914.000000 0.000000
33916.000000 0.001295
33918.000000 2.828559
33920.000000 5.655823
33922.000000 4.242191
33924.000000 2.828559
33926.000000 1.414927
33928.000000 0.001295
33930.000000 0.000000
33932.000000 0.000000
33934.000000 0.000000
33936.000000 0.000000
33938.000000 0.000000
33940.000000 0.000000
33942.000000 0.000000
33944.000000 0.000000
33946.000000 0.000000
33948.000000 0.000000
33950.000000 0.000000
33952.000000 0.000000
33954.000000 0.000000
33956.000000 0.000000
33958.000000 0.000000
33960.000000 0.000000
33962.000000 0.000000
33964.000000 0.000000
33966.000000 0.000000
33968.000000 0.000000
33970.000000 0.000000
33972.000000 0.000000
33974.000000 0.000000
33976.000000 0.000000
33978.000000 0.000000
33980.000000 0.000000
33982.000000 0.000000
33984.000000 0.000000
33986.000000 0.000000
33988.000000 0.000000
33990.000000 0.000000
33992.000000 0.000000
33994.000000 0.000000
33996.000000 0.000000
33998.000000 0.000000
34000.000000 0.000000
34002.000000 0.000000
34004.000000 0.000000
34006.000000 0.000000
34008.000000 0.000000
34010.000000 0.000000
34012.000000 0.000000
34014.000000 0.000000
34016.000000 0.000000
34018.000000 0.000000
34020.000000 0.000000
34022.000000 0.000000
34024.000000 0.000000
34026.000000 0.000000
34028.000000 0.000000
34030.000000 0.000000
34032.000000 0.000000
34034.000000 0.000000
34036.000000 0.000000
34038.000000 0.000000
34040.000000 0.000000
34042.000000 0.000000
34044.000000 0.000000
34046.000000 0.000000
34048.000000 0.000000
34050.000000 0.000000
34052.000000 0.000000
34054.000000 0.000000
34056.000000 0.000000
34058.000000 0.000000
34060.000000 0.000000
34062.000000 0.000000
34064.000000 0.000000
34066.000000 0.000000
34068.000000 0.000000
34070.000000 0.000000
34072.000000 0.000000
34074.000000 0.000000
34076.000000 0.000000
34078.000000 0.000000
34080.000000 5.655823
34082.000000 8.483087
34084.000000 11.310351
34086.000000 9.896719
34088.000000 8.483087
34090.000000 7.069455
34092.000000 5.655823
34094.000000 2.828559
34096.000000 0.001295
34098.000000 0.000000
34100.000000 0.000000
34102.000000 0.000000
34104.000000 0.000000
34106.000000 0.000000
34108.000000 0.000000
34110.000000 0.000000
34112.000000 0.000000
34114.000000 0.000000
34116.000000 0.000000
34118.000000 0.000000
34120.000000 0.000000
34122.000000 0.000000
34124.000000 0.000000
34126.000000 0.000000
34128.000000 0.000000
34130.000000 0.000000
34132.000000 0.000000
34134.000000 0.000000
34136.000000 0.000000
34138.000000 0.000000
34140.000000 0.000000
34142.000000 0.000000
34144.000000 0.000000
34146.000000 0.000000
34148.000000 0.000000
34150.000000 0.000000
34152.000000 0.000000
34154.000000 0.000000
34156.000000 0.000000
34158.000000 0.000000
34160.000000 0.000000
34162.000000 0.000000
34164.000000 0.000000
34166.000000 0.000000
34168.000000 0.000000
34170.000000 0.000000
34172.000000 0.000000
34174.000000 0.000000
34176.000000 0.000000
34178.000000 0.000000
34180.000000 0.000000
34182.000000 0.000000
34184.000000 0.000000
34186.000000 0.000000
34188.000000 0.000000
34190.000000 0.000000
34192.000000 0.000000
34194.000000 0.000000
34196.000000 0.000000
34198.000000 0.000000
34200.000000 0.000000
34202.000000 0.000000
34204.000000 0.000000
34206.000000 0.000000
34208.000000 0.000000
34210.000000 0.000000
34212.000000 0.000000
34214.000000 0.000000
34216.000000 0.000000
34218.000000 0.000000
34220.000000 0.000000
34222.000000 0.000000
34224.000000 0.000000
34226.000000 0.000000
34228.000000 0.000000
34230.000000 0.000000
34232.000000 0.000000
34234.000000 0.000000
34236.000000 0.000000
34238.000000 0.000000
34240.000000 0.000000
34242.000000 0.000000
34244.000000 0.000000
34246.000000 0.000000
34248.000000 0.000000
34250.000000 4.242191
34252.000000 11.310351
34254.000000 12.723983
34256.000000 14.148406
34258.000000 16.975671
34260.000000 19.802935
34262.000000 25.457463
34264.000000 31.111991
34266.000000 26.871095
34268.000000 22.630199
34270.000000 19.802935
34272.000000 16.975671
34274.000000 14.148406
34276.000000 11.310351
34278.000000 7.069455
34280.000000 2.828559
34282.000000 0.001295
34284.000000 0.000000
34286.000000 0.001295
34288.000000 2.828559
34290.000000 7.069455
34292.000000 11.310351
34294.000000 12.723983
34296.000000 14.148406
34298.000000 16.975671
34300.000000 19.802935
34302.000000 18.389303
34304.000000 16.975671
34306.000000 18.389303
34308.000000 19.802935
34310.000000 18.389303
34312.000000 16.975671
34314.000000 9.896719
34316.000000 2.828559
34318.000000 0.001295
34320.000000 0.000000
34322.000000 0.000000
34324.000000 0.000000
34326.000000 0.000000
34328.000000 0.000000
34330.000000 0.000000
34332.000000 0.000000
34334.000000 0.000000
34336.000000 0.000000
34338.000000 0.000000
34340.000000 0.000000
34342.000000 0.000000
34344.000000 0.000000
34346.000000 0.000000
34348.000000 0.000000
34350.000000 0.000000
34352.000000 0.000000
34354.000000 0.000000
34356.000000 0.000000
34358.000000 0.000000
34360.000000 0.000000
34362.000000 0.000000
34364.000000 0.000000
34366.000000 0.000000
34368.000000 0.000000
34370.000000 0.000000
34372.000000 0.000000
34374.000000 0.000000
34376.000000 0.000000
34378.000000 0.000000
34380.000000 0.000000
34382.000000 0.000000
34384.000000 0.000000
34386.000000 0.000000
34388.000000 0.000000
34390.000000 0.000000
34392.000000 0.000000
34394.000000 0.000000
34396.000000 0.000000
34398.000000 0.000000
34400.000000 0.000000
34402.000000 0.000000
34404.000000 0.000000
34406.000000 0.000000
34408.000000 0.000000
34410.000000 0.000000
34412.000000 0.000000
34414.000000 0.000000
34416.000000 0.000000
34418.000000 0.000000
34420.000000 0.000000
34422.000000 0.000000
34424.000000 0.000000
34426.000000 0.000000
34428.000000 0.000000
34430.000000 0.000000
34432.000000 0.000000
34434.000000 0.000000
34436.000000 0.000000
34438.000000 0.000000
34440.000000 0.000000
34442.000000 0.000000
34444.000000 0.000000
34446.000000 0.000000
34448.000000 0.000000
34450.000000 0.000000
34452.000000 0.000000
34454.000000 0.000000
34456.000000 0.000000
34458.000000 0.000000
34460.000000 0.000000
34462.000000 0.000000
34464.000000 0.000000
34466.000000 0.000000
34468.000000 0.000000
34470.000000 0.000000
34472.000000 0.000000
34474.000000 0.000000
34476.000000 0.000000
34478.000000 0.000000
34480.000000 0.000000
34482.000000 0.000000
34484.000000 0.000000
34486.000000 0.000000
34488.000000 0.000000
34490.000000 0.000000
34492.000000 0.000000
34494.000000 0.000000
34496.000000 0.000000
34498.000000 0.000000
34500.000000 0.000000
34502.000000 0.000000
34504.000000 0.000000
34506.000000 0.000000
34508.000000 0.000000
34510.000000 0.000000
34512.000000 0.000000
34514.000000 0.000000
34516.000000 0.000000
34518.000000 0.000000
34520.000000 0.000000
34522.000000 0.000000
34524.000000 0.000000
34526.000000 0.000000
34528.000000 0.000000
34530.000000 0.000000
34532.000000 0.000000
34534.000000 0.000000
34536.000000 0.000000
34538.000000 0.000000
34540.000000 0.000000
34542.000000 0.000000
34544.000000 0.000000
34546.000000 0.000000
34548.000000 0.000000
34550.000000 0.000000
34552.000000 0.000000
34554.000000 0.000000
34556.000000 0.000000
34558.000000 0.000000
34560.000000 0.000000
34562.000000 0.000000
34564.000000 0.000000
34566.000000 0.000000
34568.000000 0.000000
34570.000000 0.000000
34572.000000 0.000000
34574.000000 0.000000
34576.000000 0.000000
34578.000000 0.000000
34580.000000 0.000000
34582.000000 0.000000
34584.000000 0.000000
34586.000000 0.000000
34588.000000 0.000000
34590.000000 0.000000
34592.000000 0.000000
34594.000000 0.000000
34596.000000 0.000000
34598.000000 0.000000
34600.000000 0.000000
34602.000000 0.000000
34604.000000 0.000000
34606.000000 0.000000
34608.000000 0.000000
34610.000000 0.000000
34612.000000 0.000000
34614.000000 -0.001068
34616.000000 -2.333718
34618.000000 -0.001068
34620.000000 0.000000
34622.000000 -2.333718
34624.000000 -6.999016
34626.000000 -4.666367
34628.000000 -2.333718
34630.000000 -1.167393
34632.000000 -0.001068
34634.000000 0.000000
34636.000000 0.000000
34638.000000 0.000000
34640.000000 0.000000
34642.000000 0.000000
34644.000000 -0.001068
34646.000000 -1.167393
34648.000000 -2.333718
34650.000000 -4.666367
34652.000000 -7.007919
34654.000000 -9.340568
34656.000000 -11.673217
34658.000000 -14.005867
34660.000000 -16.338516
34662.000000 -12.830639
34664.000000 -9.331665
34666.000000 -10.497990
34668.000000 -11.673217
34670.000000 -10.506893
34672.000000 -9.340568
34674.000000 -8.165340
34676.000000 -6.999016
34678.000000 -5.832691
34680.000000 -4.666367
34682.000000 -4.087656
34684.000000 -3.500042
34686.000000 -2.912428
34688.000000 -2.333718
34690.000000 0.000000
34692.000000 0.000000
34694.000000 0.000000
34696.000000 0.000000
34698.000000 0.000000
34700.000000 0.000000
34702.000000 0.000000
34704.000000 -2.333718
34706.000000 0.000000
34708.000000 0.000000
34710.000000 0.000000
34712.000000 0.000000
34714.000000 0.000000
34716.000000 0.000000
34718.000000 0.000000
34720.000000 0.000000
34722.000000 0.000000
34724.000000 0.000000
34726.000000 0.000000
34728.000000 0.000000
34730.000000 0.000000
34732.000000 0.000000
34734.000000 0.000000
34736.000000 0.000000
34738.000000 0.000000
34740.000000 0.000000
34742.000000 0.000000
34744.000000 0.000000
34746.000000 -0.001068
34748.000000 -2.333718
34750.000000 -4.666367
34752.000000 -6.999016
34754.000000 -8.165340
34756.000000 -9.331665
34758.000000 -3.500042
34760.000000 0.000000
34762.000000 0.000000
34764.000000 0.000000
34766.000000 0.000000
34768.000000 -2.333718
34770.000000 0.000000
34772.000000 0.000000
34774.000000 0.000000
34776.000000 0.000000
34778.000000 0.000000
34780.000000 0.000000
34782.000000 0.000000
34784.000000 0.000000
34786.000000 0.000000
34788.000000 0.000000
34790.000000 0.000000
34792.000000 0.000000
34794.000000 0.000000
34796.000000 0.000000
34798.000000 0.000000
34800.000000 0.000000
34802.000000 0.000000
34804.000000 0.000000
34806.000000 0.000000
34808.000000 0.000000
34810.000000 0.000000
34812.000000 0.000000
34814.000000 0.000000
34816.000000 0.000000
34818.000000 0.000000
34820.000000 0.000000
34822.000000 0.000000
34824.000000 0.000000
34826.000000 0.000000
34828.000000 0.000000
34830.000000 0.000000
34832.000000 0.000000
34834.000000 0.000000
34836.000000 0.000000
34838.000000 0.000000
34840.000000 0.000000
34842.000000 0.000000
34844.000000 0.000000
34846.000000 0.000000
34848.000000 0.000000
34850.000000 0.000000
34852.000000 0.000000
34854.000000 0.000000
34856.000000 0.000000
34858.000000 0.000000
34860.000000 0.000000
34862.000000 0.000000
34864.000000 0.000000
34866.000000 0.000000
34868.000000 0.000000
34870.000000 0.000000
34872.000000 0.000000
34874.000000 0.000000
34876.000000 0.000000
34878.000000 0.000000
34880.000000 0.000000
34882.000000 0.000000
34884.000000 0.000000
34886.000000 0.000000
34888.000000 0.000000
34890.000000 0.000000
34892.000000 0.000000
34894.000000 0.000000
34896.000000 0.000000
34898.000000 0.000000
34900.000000 0.000000
34902.000000 0.000000
34904.000000 0.000000
34906.000000 0.000000
34908.000000 0.000000
34910.000000 0.000000
34912.000000 0.000000
34914.000000 0.000000
34916.000000 0.000000
34918.000000 0.000000
34920.000000 0.000000
34922.000000 0.000000
34924.000000 0.001295
34926.000000 0.000000
34928.000000 0.000000
34930.000000 0.000000
34932.000000 0.000000
34934.000000 0.000000
34936.000000 0.000000
34938.000000 0.000000
34940.000000 0.000000
34942.000000 0.000000
34944.000000 0.000000
34946.000000 0.000000
34948.000000 0.000000
34950.000000 0.000000
34952.000000 0.000000
34954.000000 0.000000
34956.000000 0.000000
34958.000000 0.000000
34960.000000 0.000000
34962.000000 0.000000
34964.000000 0.000000
34966.000000 0.000000
34968.000000 0.000000
34970.000000 0.000000
34972.000000 0.000000
34974.000000 0.000000
34976.000000 0.000000
34978.000000 0.000000
34980.000000 0.000000
34982.000000 0.000000
34984.000000 0.000000
34986.000000 0.000000
34988.000000 0.000000
34990.000000 0.000000
34992.000000 0.000000
34994.000000 0.000000
34996.000000 0.000000
34998.000000 0.000000
35000.000000 0.000000
35002.000000 0.000000
35004.000000 0.000000
35006.000000 0.000000
35008.000000 0.000000
35010.000000 0.000000
35012.000000 0.000000
35014.000000 0.000000
35016.000000 0.000000
35018.000000 0.000000
35020.000000 0.000000
35022.000000 0.000000
35024.000000 0.000000
35026.000000 0.000000
35028.000000 0.000000
35030.000000 0.000000
35032.000000 0.000000
35034.000000 0.000000
35036.000000 0.000000
35038.000000 0.000000
35040.000000 0.000000
35042.000000 0.000000
35044.000000 0.000000
35046.000000 0.000000
35048.000000 0.000000
35050.000000 0.000000
35052.000000 0.000000
35054.000000 0.000000
35056.000000 0.000000
35058.000000 0.000000
35060.000000 0.000000
35062.000000 0.000000
35064.000000 0.000000
35066.000000 0.000000
35068.000000 0.000000
35070.000000 0.000000
35072.000000 0.000000
35074.000000 0.000000
35076.000000 0.000000
35078.000000 0.000000
35080.000000 0.000000
35082.000000 0.000000
35084.000000 0.000000
35086.000000 0.000000
35088.000000 0.000000
35090.000000 0.000000
35092.000000 0.000000
35094.000000 0.000000
35096.000000 0.000000
35098.000000 0.000000
35100.000000 0.000000
35102.000000 0.000000
35104.000000 0.000000
35106.000000 0.000000
35108.000000 0.000000
35110.000000 0.000000
35112.000000 0.000000
35114.000000 0.000000
35116.000000 0.000000
35118.000000 0.000000
35120.000000 0.000000
35122.000000 0.000000
35124.000000 0.000000
35126.000000 0.000000
35128.000000 0.000000
35130.000000 0.000000
35132.000000 0.000000
35134.000000 0.000000
35136.000000 0.000000
35138.000000 4.242191
35140.000000 11.310351
35142.000000 16.975671
35144.000000 22.630199
35146.000000 21.216567
35148.000000 19.802935
35150.000000 20.515146
35152.000000 21.216567
35154.000000 21.917987
35156.000000 22.630199
35158.000000 20.515146
35160.000000 18.389303
35162.000000 16.263459
35164.000000 14.148406
35166.000000 11.321142
35168.000000 8.483087
35170.000000 7.069455
35172.000000 5.655823
35174.000000 8.483087
35176.000000 11.310351
35178.000000 14.148406
35180.000000 16.975671
35182.000000 11.321142
35184.000000 5.655823
35186.000000 0.001295
35188.000000 0.000000
35190.000000 0.000000
35192.000000 0.000000
35194.000000 0.000000
35196.000000 0.000000
35198.000000 0.000000
35200.000000 0.000000
35202.000000 0.000000
35204.000000 0.000000
35206.000000 0.000000
35208.000000 0.000000
35210.000000 0.000000
35212.000000 0.000000
35214.000000 0.000000
35216.000000 0.000000
35218.000000 0.000000
35220.000000 2.828559
35222.000000 1.414927
35224.000000 0.001295
35226.000000 0.000000
35228.000000 0.000000
35230.000000 0.000000
35232.000000 0.000000
35234.000000 0.000000
35236.000000 0.000000
35238.000000 0.000000
35240.000000 0.000000
35242.000000 0.000000
35244.000000 0.000000
35246.000000 0.000000
35248.000000 0.000000
35250.000000 0.000000
35252.000000 -0.001068
35254.000000 -7.007919
35256.000000 -14.005867
35258.000000 -15.172191
35260.000000 -16.338516
35262.000000 -19.837489
35264.000000 -23.336463
35266.000000 -25.669112
35268.000000 -28.010665
35270.000000 -25.669112
35272.000000 -23.336463
35274.000000 -21.003814
35276.000000 -18.671165
35278.000000 -17.896583
35280.000000 -17.113098
35282.000000 -16.338516
35284.000000 -15.563934
35286.000000 -14.780449
35288.000000 -14.005867
35290.000000 -15.172191
35292.000000 -16.338516
35294.000000 -15.172191
35296.000000 -14.005867
35298.000000 -9.340568
35300.000000 -4.666367
35302.000000 -2.333718
35304.000000 -0.001068
35306.000000 -0.579779
35308.000000 -1.167393
35310.000000 -1.755007
35312.000000 -2.333718
35314.000000 -1.167393
35316.000000 -0.001068
35318.000000 -1.167393
35320.000000 -2.333718
35322.000000 -1.167393
35324.000000 -0.001068
35326.000000 0.000000
35328.000000 0.000000
35330.000000 0.000000
35332.000000 0.000000
35334.000000 0.000000
35336.000000 0.000000
35338.000000 0.000000
35340.000000 0.000000
35342.000000 0.000000
35344.000000 0.000000
35346.000000 0.000000
35348.000000 0.000000
35350.000000 0.000000
35352.000000 0.000000
35354.000000 0.000000
35356.000000 0.000000
35358.000000 0.000000
35360.000000 0.000000
35362.000000 0.000000
35364.000000 0.000000
35366.000000 0.000000
35368.000000 0.000000
35370.000000 0.000000
35372.000000 0.000000
35374.000000 0.000000
35376.000000 0.000000
35378.000000 0.000000
35380.000000 0.000000
35382.000000 0.000000
35384.000000 0.000000
35386.000000 0.000000
35388.000000 0.000000
35390.000000 0.000000
35392.000000 0.000000
35394.000000 0.000000
35396.000000 0.000000
35398.000000 0.000000
35400.000000 0.000000
35402.000000 0.000000
35404.000000 0.000000
35406.000000 0.000000
35408.000000 0.000000
35410.000000 0.000000
35412.000000 0.000000
35414.000000 0.000000
35416.000000 0.000000
35418.000000 0.000000
35420.000000 0.000000
35422.000000 0.000000
35424.000000 0.000000
35426.000000 0.000000
35428.000000 0.000000
35430.000000 0.000000
35432.000000 0.000000
35434.000000 0.000000
35436.000000 0.000000
35438.000000 0.000000
35440.000000 0.000000
35442.000000 0.000000
35444.000000 0.000000
35446.000000 0.000000
35448.000000 0.000000
35450.000000 0.000000
35452.000000 0.000000
35454.000000 0.000000
35456.000000 0.000000
35458.000000 0.000000
35460.000000 0.000000
35462.000000 0.000000
35464.000000 0.000000
35466.000000 0.000000
35468.000000 0.000000
35470.000000 0.000000
35472.000000 0.000000
35474.000000 0.000000
35476.000000 0.000000
35478.000000 0.000000
35480.000000 0.000000
35482.000000 0.000000
35484.000000 0.000000
35486.000000 0.000000
35488.000000 0.000000
35490.000000 0.000000
35492.000000 0.000000
35494.000000 0.000000
35496.000000 0.000000
35498.000000 0.000000
35500.000000 0.000000
35502.000000 0.000000
35504.000000 0.000000
35506.000000 0.000000
35508.000000 0.000000
35510.000000 0.000000
35512.000000 0.000000
35514.000000 0.000000
35516.000000 0.000000
35518.000000 0.000000
35520.000000 0.000000
35522.000000 0.000000
35524.000000 0.000000
35526.000000 0.000000
35528.000000 0.000000
35530.000000 0.000000
35532.000000 0.000000
35534.000000 0.000000
35536.000000 0.000000
35538.000000 0.000000
35540.000000 0.000000
35542.000000 0.000000
35544.000000 0.000000
35546.000000 0.000000
35548.000000 0.000000
35550.000000 2.828559
35552.000000 8.483087
35554.000000 5.655823
35556.000000 2.828559
35558.000000 0.000000
35560.000000 0.000000
35562.000000 0.000000
35564.000000 0.000000
35566.000000 0.000000
35568.000000 0.000000
35570.000000 0.000000
35572.000000 0.000000
35574.000000 0.000000
35576.000000 0.000000
35578.000000 0.000000
35580.000000 0.000000
35582.000000 0.000000
35584.000000 0.000000
35586.000000 0.000000
35588.000000 0.000000
35590.000000 0.000000
35592.000000 0.000000
35594.000000 0.000000
35596.000000 0.000000
35598.000000 0.000000
35600.000000 0.000000
35602.000000 0.000000
35604.000000 0.000000
35606.000000 0.000000
35608.000000 0.000000
35610.000000 -2.333718
35612.000000 -9.331665
35614.000000 -11.673217
35616.000000 -14.005867
35618.000000 -11.673217
35620.000000 -9.331665
35622.000000 -10.106247
35624.000000 -10.889732
35626.000000 -11.673217
35628.000000 -12.447799
35630.000000 -13.222381
35632.000000 -14.005867
35634.000000 -10.497990
35636.000000 -6.999016
35638.000000 0.000000
35640.000000 0.000000
35642.000000 0.000000
35644.000000 0.000000
35646.000000 0.000000
35648.000000 -0.001068
35650.000000 -2.333718
35652.000000 -4.666367
35654.000000 -2.333718
35656.000000 -0.001068
35658.000000 0.000000
35660.000000 0.000000
35662.000000 0.000000
35664.000000 -0.001068
35666.000000 0.000000
35668.000000 0.000000
35670.000000 0.000000
35672.000000 0.000000
35674.000000 0.000000
35676.000000 0.000000
35678.000000 0.000000
35680.000000 0.000000
35682.000000 0.000000
35684.000000 -0.001068
35686.000000 -2.333718
35688.000000 -4.666367
35690.000000 -5.832691
35692.000000 -6.999016
35694.000000 -5.832691
35696.000000 -4.666367
35698.000000 -0.001068
35700.000000 0.000000
35702.000000 0.000000
35704.000000 -0.001068
35706.000000 -2.333718
35708.000000 -4.666367
35710.000000 -3.500042
35712.000000 -2.333718
35714.000000 -4.666367
35716.000000 -6.999016
35718.000000 -9.340568
35720.000000 -11.673217
35722.000000 -9.340568
35724.000000 -6.999016
35726.000000 -4.666367
35728.000000 -2.333718
35730.000000 -1.167393
35732.000000 -0.001068
35734.000000 0.000000
35736.000000 0.000000
35738.000000 0.000000
35740.000000 0.000000
35742.000000 0.000000
35744.000000 0.000000
35746.000000 0.000000
35748.000000 0.000000
35750.000000 0.000000
35752.000000 0.000000
35754.000000 0.000000
35756.000000 0.000000
35758.000000 0.000000
35760.000000 0.000000
35762.000000 0.000000
35764.000000 0.000000
35766.000000 0.000000
35768.000000 0.000000
35770.000000 0.000000
35772.000000 0.000000
35774.000000 0.000000
35776.000000 0.000000
35778.000000 0.000000
35780.000000 0.000000
35782.000000 0.000000
35784.000000 0.000000
35786.000000 0.000000
35788.000000 0.000000
35790.000000 0.000000
35792.000000 0.000000
35794.000000 0.000000
35796.000000 0.000000
35798.000000 0.000000
35800.000000 0.000000
35802.000000 0.000000
35804.000000 0.000000
35806.000000 0.000000
35808.000000 0.000000
35810.000000 0.000000
35812.000000 0.000000
35814.000000 0.000000
35816.000000 0.000000
35818.000000 0.000000
35820.000000 0.000000
35822.000000 0.000000
35824.000000 0.000000
35826.000000 0.000000
35828.000000 0.000000
35830.000000 0.000000
35832.000000 0.000000
35834.000000 0.000000
35836.000000 0.000000
35838.000000 0.000000
35840.000000 0.000000
35842.000000 0.000000
35844.000000 0.000000
35846.000000 0.000000
35848.000000 0.000000
35850.000000 0.000000
35852.000000 0.000000
35854.000000 0.000000
35856.000000 0.000000
35858.000000 0.000000
35860.000000 0.000000
35862.000000 0.000000
35864.000000 0.000000
35866.000000 0.000000
35868.000000 0.000000
35870.000000 0.000000
35872.000000 0.000000
35874.000000 0.000000
35876.000000 0.000000
35878.000000 0.000000
35880.000000 0.000000
35882.000000 0.000000
35884.000000 0.000000
35886.000000 0.000000
35888.000000 0.000000
35890.000000 0.000000
35892.000000 0.000000
35894.000000 0.000000
35896.000000 0.000000
35898.000000 0.000000
35900.000000 0.000000
35902.000000 0.000000
35904.000000 0.000000
35906.000000 0.000000
35908.000000 0.000000
35910.000000 0.000000
35912.000000 0.000000
35914.000000 0.000000
35916.000000 0.000000
35918.000000 0.000000
35920.000000 0.000000
35922.000000 0.000000
35924.000000 0.000000
35926.000000 0.000000
35928.000000 0.000000
35930.000000 0.000000
35932.000000 0.000000
35934.000000 0.000000
35936.000000 0.000000
35938.000000 0.000000
35940.000000 0.000000
35942.000000 0.000000
35944.000000 0.000000
35946.000000 0.000000
35948.000000 0.000000
35950.000000 0.000000
35952.000000 0.000000
35954.000000 0.000000
35956.000000 0.000000
35958.000000 0.000000
35960.000000 0.000000
35962.000000 0.000000
35964.000000 0.000000
35966.000000 0.000000
35968.000000 0.000000
35970.000000 0.000000
35972.000000 0.000000
35974.000000 0.000000
35976.000000 0.000000
35978.000000 0.000000
35980.000000 0.000000
35982.000000 0.000000
35984.000000 0.000000
35986.000000 0.000000
35988.000000 0.000000
35990.000000 0.000000
35992.000000 0.000000
35994.000000 0.000000
35996.000000 0.000000
35998.000000 0.000000
36000.000000 0.000000
36002.000000 0.000000
36004.000000 0.000000
36006.000000 0.000000
36008.000000 0.000000
36010.000000 0.000000
36012.000000 0.000000
36014.000000 0.000000
36016.000000 -0.001068
36018.000000 -0.392811
36020.000000 -0.775650
36022.000000 -1.167393
36024.000000 -1.559136
36026.000000 -1.941975
36028.000000 -2.333718
36030.000000 -4.666367
36032.000000 -6.999016
36034.000000 -8.165340
36036.000000 -9.331665
36038.000000 -11.085603
36040.000000 -12.830639
36042.000000 -14.584577
36044.000000 -16.338516
36046.000000 -12.830639
36048.000000 -9.331665
36050.000000 -6.999016
36052.000000 -4.666367
36054.000000 -0.001068
36056.000000 0.000000
36058.000000 0.000000
36060.000000 0.000000
36062.000000 0.000000
36064.000000 0.000000
36066.000000 0.000000
36068.000000 0.000000
36070.000000 0.000000
36072.000000 0.000000
36074.000000 0.000000
36076.000000 0.000000
36078.000000 0.000000
36080.000000 0.000000
36082.000000 0.000000
36084.000000 0.000000
36086.000000 0.000000
36088.000000 0.000000
36090.000000 0.000000
36092.000000 0.000000
36094.000000 0.000000
36096.000000 0.000000
36098.000000 0.000000
36100.000000 0.000000
36102.000000 0.000000
36104.000000 0.000000
36106.000000 0.000000
36108.000000 0.000000
36110.000000 0.000000
36112.000000 0.000000
36114.000000 0.000000
36116.000000 0.000000
36118.000000 0.000000
36120.000000 0.000000
36122.000000 0.000000
36124.000000 0.000000
36126.000000 0.000000
36128.000000 0.000000
36130.000000 0.000000
36132.000000 0.000000
36134.000000 0.000000
36136.000000 0.000000
36138.000000 0.000000
36140.000000 0.000000
36142.000000 0.000000
36144.000000 0.000000
36146.000000 0.000000
36148.000000 0.000000
36150.000000 0.000000
36152.000000 0.000000
36154.000000 0.000000
36156.000000 0.000000
36158.000000 0.000000
36160.000000 0.000000
36162.000000 0.000000
36164.000000 0.000000
36166.000000 0.000000
36168.000000 0.000000
36170.000000 0.000000
36172.000000 0.000000
36174.000000 0.000000
36176.000000 0.000000
36178.000000 0.000000
36180.000000 0.000000
36182.000000 0.000000
36184.000000 0.000000
36186.000000 0.000000
36188.000000 0.000000
36190.000000 0.000000
36192.000000 0.000000
36194.000000 0.000000
36196.000000 0.000000
36198.000000 0.000000
36200.000000 0.000000
36202.000000 0.000000
36204.000000 0.000000
36206.000000 0.000000
36208.000000 0.000000
36210.000000 0.000000
36212.000000 0.000000
36214.000000 0.000000
36216.000000 0.000000
36218.000000 0.000000
36220.000000 0.000000
36222.000000 0.000000
36224.000000 0.000000
36226.000000 0.000000
36228.000000 0.000000
36230.000000 0.000000
36232.000000 0.000000
36234.000000 0.000000
36236.000000 0.000000
36238.000000 0.000000
36240.000000 0.000000
36242.000000 0.000000
36244.000000 0.000000
36246.000000 0.000000
36248.000000 0.000000
36250.000000 0.000000
36252.000000 0.000000
36254.000000 0.000000
36256.000000 0.000000
36258.000000 0.000000
36260.000000 0.000000
36262.000000 0.000000
36264.000000 0.000000
36266.000000 0.000000
36268.000000 0.000000
36270.000000 0.000000
36272.000000 0.000000
36274.000000 0.000000
36276.000000 0.000000
36278.000000 0.000000
36280.000000 0.000000
36282.000000 0.000000
36284.000000 0.000000
36286.000000 0.000000
36288.000000 0.000000
36290.000000 0.000000
36292.000000 0.000000
36294.000000 0.000000
36296.000000 0.000000
36298.000000 0.000000
36300.000000 0.000000
36302.000000 0.000000
36304.000000 0.000000
36306.000000 0.000000
36308.000000 0.000000
36310.000000 0.000000
36312.000000 0.000000
36314.000000 0.000000
36316.000000 0.000000
36318.000000 0.000000
36320.000000 0.000000
36322.000000 0.000000
36324.000000 0.000000
36326.000000 0.000000
36328.000000 0.000000
36330.000000 0.000000
36332.000000 0.000000
36334.000000 0.000000
36336.000000 0.000000
36338.000000 0.000000
36340.000000 0.000000
36342.000000 0.000000
36344.000000 0.000000
36346.000000 0.000000
36348.000000 0.000000
36350.000000 0.000000
36352.000000 0.000000
36354.000000 0.000000
36356.000000 0.000000
36358.000000 0.000000
36360.000000 0.000000
36362.000000 0.000000
36364.000000 0.000000
36366.000000 0.000000
36368.000000 0.000000
36370.000000 0.000000
36372.000000 0.000000
36374.000000 0.000000
36376.000000 0.000000
36378.000000 0.000000
36380.000000 0.000000
36382.000000 0.000000
36384.000000 0.000000
36386.000000 0.000000
36388.000000 0.000000
36390.000000 0.000000
36392.000000 0.000000
36394.000000 0.000000
36396.000000 0.000000
36398.000000 0.000000
36400.000000 0.000000
36402.000000 0.000000
36404.000000 0.000000
36406.000000 0.000000
36408.000000 0.000000
36410.000000 0.000000
36412.000000 0.000000
36414.000000 0.000000
36416.000000 0.000000
36418.000000 0.000000
36420.000000 0.000000
36422.000000 0.000000
36424.000000 0.000000
36426.000000 0.000000
36428.000000 0.000000
36430.000000 0.000000
36432.000000 0.000000
36434.000000 0.000000
36436.000000 0.000000
36438.000000 0.000000
36440.000000 0.000000
36442.000000 0.000000
36444.000000 0.000000
36446.000000 0.000000
36448.000000 0.000000
36450.000000 0.000000
36452.000000 0.000000
36454.000000 0.000000
36456.000000 0.000000
36458.000000 0.000000
36460.000000 0.000000
36462.000000 0.000000
36464.000000 0.000000
36466.000000 0.000000
36468.000000 0.000000
36470.000000 0.000000
36472.000000 0.000000
36474.000000 0.000000
36476.000000 0.000000
36478.000000 0.000000
36480.000000 0.000000
36482.000000 0.000000
36484.000000 0.000000
36486.000000 0.000000
36488.000000 0.000000
36490.000000 0.000000
36492.000000 0.000000
36494.000000 0.000000
36496.000000 0.000000
36498.000000 0.000000
36500.000000 0.000000
36502.000000 0.000000
36504.000000 0.000000
36506.000000 0.000000
36508.000000 0.000000
36510.000000 0.000000
36512.000000 0.000000
36514.000000 0.000000
36516.000000 0.000000
36518.000000 0.000000
36520.000000 0.000000
36522.000000 0.000000
36524.000000 0.000000
36526.000000 0.000000
36528.000000 0.000000
36530.000000 0.000000
36532.000000 0.000000
36534.000000 0.000000
36536.000000 0.000000
36538.000000 0.000000
36540.000000 0.000000
36542.000000 0.000000
36544.000000 0.000000
36546.000000 0.000000
36548.000000 0.000000
36550.000000 0.000000
36552.000000 0.000000
36554.000000 0.000000
36556.000000 0.000000
36558.000000 0.000000
36560.000000 0.000000
36562.000000 0.000000
36564.000000 0.000000
36566.000000 0.000000
36568.000000 0.000000
36570.000000 0.000000
36572.000000 0.000000
36574.000000 0.000000
36576.000000 0.000000
36578.000000 0.000000
36580.000000 0.000000
36582.000000 0.000000
36584.000000 0.000000
36586.000000 0.000000
36588.000000 0.000000
36590.000000 0.000000
36592.000000 0.000000
36594.000000 -4.675270
36596.000000 -11.673217
36598.000000 -7.007919
36600.000000 -2.333718
36602.000000 0.000000
36604.000000 0.000000
36606.000000 0.000000
36608.000000 0.000000
36610.000000 0.000000
36612.000000 0.000000
36614.000000 0.000000
36616.000000 0.000000
36618.000000 0.000000
36620.000000 0.000000
36622.000000 0.000000
36624.000000 0.000000
36626.000000 0.000000
36628.000000 0.000000
36630.000000 0.000000
36632.000000 0.000000
36634.000000 0.000000
36636.000000 0.000000
36638.000000 0.000000
36640.000000 0.000000
36642.000000 0.000000
36644.000000 0.000000
36646.000000 0.000000
36648.000000 0.000000
36650.000000 0.000000
36652.000000 0.000000
36654.000000 0.000000
36656.000000 0.000000
36658.000000 0.000000
36660.000000 0.000000
36662.000000 0.000000
36664.000000 0.000000
36666.000000 0.000000
36668.000000 0.000000
36670.000000 0.000000
36672.000000 0.000000
36674.000000 0.000000
36676.000000 0.000000
36678.000000 0.000000
36680.000000 0.000000
36682.000000 0.000000
36684.000000 0.000000
36686.000000 0.000000
36688.000000 0.000000
36690.000000 0.000000
36692.000000 0.000000
36694.000000 0.000000
36696.000000 0.000000
36698.000000 0.000000
36700.000000 0.000000
36702.000000 0.000000
36704.000000 0.000000
36706.000000 0.000000
36708.000000 0.000000
36710.000000 0.000000
36712.000000 0.000000
36714.000000 0.000000
36716.000000 0.000000
36718.000000 0.000000
36720.000000 0.000000
36722.000000 0.000000
36724.000000 0.000000
36726.000000 0.000000
36728.000000 0.000000
36730.000000 0.000000
36732.000000 0.000000
36734.000000 0.000000
36736.000000 0.000000
36738.000000 0.000000
36740.000000 0.000000
36742.000000 0.000000
36744.000000 0.000000
36746.000000 0.000000
36748.000000 0.000000
36750.000000 0.000000
36752.000000 0.000000
36754.000000 0.000000
36756.000000 0.000000
36758.000000 0.000000
36760.000000 0.000000
36762.000000 0.000000
36764.000000 0.000000
36766.000000 0.000000
36768.000000 0.000000
36770.000000 0.000000
36772.000000 0.000000
36774.000000 0.000000
36776.000000 0.000000
36778.000000 0.000000
36780.000000 0.000000
36782.000000 0.000000
36784.000000 0.000000
36786.000000 0.000000
36788.000000 0.000000
36790.000000 0.000000
36792.000000 0.000000
36794.000000 0.000000
36796.000000 0.000000
36798.000000 0.000000
36800.000000 0.000000
36802.000000 0.000000
36804.000000 0.000000
36806.000000 0.000000
36808.000000 0.000000
36810.000000 0.000000
36812.000000 0.000000
36814.000000 0.000000
36816.000000 0.000000
36818.000000 0.000000
36820.000000 0.000000
36822.000000 0.000000
36824.000000 0.000000
36826.000000 0.000000
36828.000000 0.000000
36830.000000 0.000000
36832.000000 0.000000
36834.000000 0.000000
36836.000000 0.000000
36838.000000 0.000000
36840.000000 0.000000
36842.000000 0.000000
36844.000000 0.000000
36846.000000 0.000000
36848.000000 0.000000
36850.000000 0.000000
36852.000000 0.000000
36854.000000 0.000000
36856.000000 0.000000
36858.000000 0.000000
36860.000000 0.000000
36862.000000 0.000000
36864.000000 0.000000
36866.000000 0.000000
36868.000000 0.000000
36870.000000 0.000000
36872.000000 0.000000
36874.000000 0.000000
36876.000000 0.000000
36878.000000 0.000000
36880.000000 0.000000
36882.000000 0.000000
36884.000000 0.000000
36886.000000 0.000000
36888.000000 0.000000
36890.000000 0.000000
36892.000000 -0.001068
36894.000000 0.000000
36896.000000 0.000000
36898.000000 0.000000
36900.000000 0.000000
36902.000000 0.000000
36904.000000 0.000000
36906.000000 0.000000
36908.000000 0.000000
36910.000000 0.000000
36912.000000 0.000000
36914.000000 0.000000
36916.000000 0.000000
36918.000000 0.000000
36920.000000 0.000000
36922.000000 0.000000
36924.000000 0.000000
36926.000000 0.000000
36928.000000 0.000000
36930.000000 0.000000
36932.000000 0.000000
36934.000000 0.000000
36936.000000 0.000000
36938.000000 0.000000
36940.000000 0.000000
36942.000000 0.000000
36944.000000 0.000000
36946.000000 0.000000
36948.000000 0.000000
36950.000000 0.000000
36952.000000 0.000000
36954.000000 0.000000
36956.000000 0.000000
36958.000000 0.000000
36960.000000 0.000000
36962.000000 0.000000
36964.000000 0.000000
36966.000000 0.000000
36968.000000 0.000000
36970.000000 0.000000
36972.000000 0.000000
36974.000000 0.000000
36976.000000 0.000000
36978.000000 0.000000
36980.000000 0.000000
36982.000000 0.000000
36984.000000 0.000000
36986.000000 0.000000
36988.000000 0.000000
36990.000000 0.000000
36992.000000 0.000000
36994.000000 0.000000
36996.000000 0.000000
36998.000000 0.000000
37000.000000 0.000000
37002.000000 0.000000
37004.000000 0.000000
37006.000000 0.000000
37008.000000 0.000000
37010.000000 0.000000
37012.000000 0.000000
37014.000000 0.000000
37016.000000 0.000000
37018.000000 0.000000
37020.000000 0.000000
37022.000000 0.000000
37024.000000 0.000000
37026.000000 0.000000
37028.000000 0.000000
37030.000000 0.000000
37032.000000 0.000000
37034.000000 0.000000
37036.000000 0.000000
37038.000000 0.000000
37040.000000 0.000000
37042.000000 0.000000
37044.000000 0.000000
37046.000000 0.000000
37048.000000 0.000000
37050.000000 0.000000
37052.000000 0.000000
37054.000000 0.000000
37056.000000 0.000000
37058.000000 0.000000
37060.000000 0.000000
37062.000000 0.000000
37064.000000 0.000000
37066.000000 0.000000
37068.000000 0.000000
37070.000000 0.000000
37072.000000 0.000000
37074.000000 0.000000
37076.000000 0.000000
37078.000000 0.000000
37080.000000 0.000000
37082.000000 0.000000
37084.000000 0.000000
37086.000000 0.000000
37088.000000 0.000000
37090.000000 0.000000
37092.000000 0.000000
37094.000000 0.000000
37096.000000 0.000000
37098.000000 0.000000
37100.000000 0.000000
37102.000000 0.000000
37104.000000 0.000000
37106.000000 0.000000
37108.000000 0.000000
37110.000000 0.000000
37112.000000 0.000000
37114.000000 0.000000
37116.000000 -2.333718
37118.000000 -1.755007
37120.000000 -1.167393
37122.000000 -0.579779
37124.000000 -0.001068
37126.000000 0.000000
37128.000000 0.000000
37130.000000 0.000000
37132.000000 0.000000
37134.000000 0.000000
37136.000000 0.000000
37138.000000 0.000000
37140.000000 0.000000
37142.000000 0.000000
37144.000000 0.000000
37146.000000 0.000000
37148.000000 0.000000
37150.000000 0.000000
37152.000000 0.000000
37154.000000 0.000000
37156.000000 0.000000
37158.000000 0.000000
37160.000000 0.000000
37162.000000 0.000000
37164.000000 -2.333718
37166.000000 -1.755007
37168.000000 -1.167393
37170.000000 -0.579779
37172.000000 -0.001068
37174.000000 -1.167393
37176.000000 -2.333718
37178.000000 -7.007919
37180.000000 -11.673217
37182.000000 -9.340568
37184.000000 -6.999016
37186.000000 -9.340568
37188.000000 -11.673217
37190.000000 -10.497990
37192.000000 -9.331665
37194.000000 -11.673217
37196.000000 -14.005867
37198.000000 -12.839542
37200.000000 -11.673217
37202.000000 -12.839542
37204.000000 -14.005867
37206.000000 -18.671165
37208.000000 -23.336463
37210.000000 -23.924077
37212.000000 -24.502788
37214.000000 -25.081498
37216.000000 -25.669112
37218.000000 -23.924077
37220.000000 -22.170139
37222.000000 -20.416200
37224.000000 -18.671165
37226.000000 -15.172191
37228.000000 -11.673217
37230.000000 -5.832691
37232.000000 -0.001068
37234.000000 -2.333718
37236.000000 -4.666367
37238.000000 -11.673217
37240.000000 -18.671165
37242.000000 -15.172191
37244.000000 -11.673217
37246.000000 -13.418253
37248.000000 -15.172191
37250.000000 -16.926130
37252.000000 -18.671165
37254.000000 -23.336463
37256.000000 -28.010665
37258.000000 -25.669112
37260.000000 -23.336463
37262.000000 -22.170139
37264.000000 -21.003814
37266.000000 -22.170139
37268.000000 -23.336463
37270.000000 -21.003814
37272.000000 -18.671165
37274.000000 -22.170139
37276.000000 -25.669112
37278.000000 -24.502788
37280.000000 -23.336463
37282.000000 -18.671165
37284.000000 -14.005867
37286.000000 -15.172191
37288.000000 -16.338516
37290.000000 -10.497990
37292.000000 -4.666367
37294.000000 -3.500042
37296.000000 -2.333718
37298.000000 -1.167393
37300.000000 -0.001068
37302.000000 0.000000
37304.000000 0.000000
37306.000000 0.000000
37308.000000 0.000000
37310.000000 0.000000
37312.000000 0.000000
37314.000000 0.000000
37316.000000 0.000000
37318.000000 0.000000
37320.000000 0.000000
37322.000000 0.000000
37324.000000 0.000000
37326.000000 0.000000
37328.000000 0.000000
37330.000000 0.000000
37332.000000 0.000000
37334.000000 0.000000
37336.000000 0.000000
37338.000000 0.000000
37340.000000 0.000000
37342.000000 0.000000
37344.000000 0.000000
37346.000000 0.000000
37348.000000 0.000000
37350.000000 0.000000
37352.000000 0.000000
37354.000000 0.000000
37356.000000 0.000000
37358.000000 0.000000
37360.000000 0.000000
37362.000000 0.000000
37364.000000 0.000000
37366.000000 0.000000
37368.000000 0.000000
37370.000000 0.000000
37372.000000 0.000000
37374.000000 0.000000
37376.000000 0.000000
37378.000000 0.000000
37380.000000 2.828559
37382.000000 8.493878
37384.000000 14.148406
37386.000000 11.321142
37388.000000 8.483087
37390.000000 7.781667
37392.000000 7.069455
37394.000000 6.357244
37396.000000 5.655823
37398.000000 7.069455
37400.000000 8.483087
37402.000000 11.321142
37404.000000 14.148406
37406.000000 14.860618
37408.000000 15.562038
37410.000000 16.263459
37412.000000 16.975671
37414.000000 19.802935
37416.000000 22.630199
37418.000000 18.389303
37420.000000 14.148406
37422.000000 11.321142
37424.000000 8.483087
37426.000000 5.655823
37428.000000 2.828559
37430.000000 0.000000
37432.000000 0.000000
37434.000000 0.000000
37436.000000 0.000000
37438.000000 0.000000
37440.000000 0.000000
37442.000000 0.000000
37444.000000 0.000000
37446.000000 0.000000
37448.000000 0.000000
37450.000000 0.000000
37452.000000 0.000000
37454.000000 0.000000
37456.000000 0.000000
37458.000000 0.000000
37460.000000 0.000000
37462.000000 0.000000
37464.000000 0.000000
37466.000000 0.000000
37468.000000 0.000000
37470.000000 0.000000
37472.000000 0.000000
37474.000000 0.000000
37476.000000 -2.333718
37478.000000 -10.497990
37480.000000 -18.671165
37482.000000 -15.172191
37484.000000 -11.673217
37486.000000 -8.165340
37488.000000 -4.666367
37490.000000 -0.001068
37492.000000 0.000000
37494.000000 0.000000
37496.000000 0.000000
37498.000000 0.000000
37500.000000 0.000000
37502.000000 0.000000
37504.000000 0.000000
37506.000000 0.000000
37508.000000 0.000000
37510.000000 0.000000
37512.000000 0.000000
37514.000000 0.000000
37516.000000 0.000000
37518.000000 0.000000
37520.000000 0.000000
37522.000000 0.000000
37524.000000 0.000000
37526.000000 0.000000
37528.000000 0.000000
37530.000000 0.000000
37532.000000 0.000000
37534.000000 0.000000
37536.000000 0.000000
37538.000000 0.000000
37540.000000 0.000000
37542.000000 0.000000
37544.000000 0.000000
37546.000000 0.000000
37548.000000 0.000000
37550.000000 0.000000
37552.000000 0.000000
37554.000000 0.000000
37556.000000 0.000000
37558.000000 0.000000
37560.000000 0.000000
37562.000000 0.000000
37564.000000 0.000000
37566.000000 0.000000
37568.000000 0.000000
37570.000000 0.000000
37572.000000 0.000000
37574.000000 0.000000
37576.000000 0.000000
37578.000000 0.000000
37580.000000 0.000000
37582.000000 0.000000
37584.000000 0.000000
37586.000000 0.000000
37588.000000 0.000000
37590.000000 0.000000
37592.000000 0.000000
37594.000000 0.000000
37596.000000 0.000000
37598.000000 0.000000
37600.000000 0.000000
37602.000000 0.000000
37604.000000 0.000000
37606.000000 0.000000
37608.000000 0.000000
37610.000000 0.000000
37612.000000 0.000000
37614.000000 0.000000
37616.000000 0.000000
37618.000000 0.000000
37620.000000 0.000000
37622.000000 0.000000
37624.000000 0.000000
37626.000000 0.000000
37628.000000 0.000000
37630.000000 0.000000
37632.000000 0.000000
37634.000000 0.000000
37636.000000 0.000000
37638.000000 0.000000
37640.000000 0.000000
37642.000000 0.000000
37644.000000 0.000000
37646.000000 0.000000
37648.000000 0.000000
37650.000000 0.000000
37652.000000 0.000000
37654.000000 0.000000
37656.000000 0.000000
37658.000000 0.000000
37660.000000 0.000000
37662.000000 0.000000
37664.000000 0.000000
37666.000000 0.000000
37668.000000 0.000000
37670.000000 0.000000
37672.000000 0.000000
37674.000000 0.000000
37676.000000 0.000000
37678.000000 0.000000
37680.000000 0.000000
37682.000000 0.000000
37684.000000 0.000000
37686.000000 0.000000
37688.000000 0.000000
37690.000000 0.000000
37692.000000 0.000000
37694.000000 0.000000
37696.000000 0.000000
37698.000000 0.000000
37700.000000 0.000000
37702.000000 0.000000
37704.000000 0.000000
37706.000000 0.000000
37708.000000 0.000000
37710.000000 0.000000
37712.000000 0.000000
37714.000000 0.000000
37716.000000 0.000000
37718.000000 0.000000
37720.000000 0.000000
37722.000000 0.000000
37724.000000 0.000000
37726.000000 0.000000
37728.000000 0.000000
37730.000000 0.000000
37732.000000 0.000000
37734.000000 0.000000
37736.000000 0.000000
37738.000000 0.000000
37740.000000 0.000000
37742.000000 0.000000
37744.000000 0.000000
37746.000000 0.000000
37748.000000 0.000000
37750.000000 0.000000
37752.000000 0.000000
37754.000000 0.000000
37756.000000 0.000000
37758.000000 0.000000
37760.000000 0.000000
37762.000000 0.000000
37764.000000 0.000000
37766.000000 0.000000
37768.000000 0.000000
37770.000000 0.000000
37772.000000 0.000000
37774.000000 0.000000
37776.000000 0.000000
37778.000000 0.000000
37780.000000 0.000000
37782.000000 0.000000
37784.000000 0.000000
37786.000000 0.000000
37788.000000 0.000000
37790.000000 0.000000
37792.000000 0.000000
37794.000000 0.000000
37796.000000 0.000000
37798.000000 0.000000
37800.000000 0.000000
37802.000000 0.000000
37804.000000 0.000000
37806.000000 0.000000
37808.000000 0.000000
37810.000000 0.000000
37812.000000 0.000000
37814.000000 0.000000
37816.000000 0.000000
37818.000000 0.000000
37820.000000 0.001295
37822.000000 2.828559
37824.000000 5.655823
37826.000000 9.195299
37828.000000 12.723983
37830.000000 16.263459
37832.000000 19.802935
37834.000000 21.216567
37836.000000 22.630199
37838.000000 21.216567
37840.000000 19.802935
37842.000000 16.975671
37844.000000 14.148406
37846.000000 12.723983
37848.000000 11.310351
37850.000000 9.896719
37852.000000 8.483087
37854.000000 7.069455
37856.000000 5.655823
37858.000000 7.069455
37860.000000 8.483087
37862.000000 9.896719
37864.000000 11.310351
37866.000000 9.896719
37868.000000 8.483087
37870.000000 7.069455
37872.000000 5.655823
37874.000000 4.242191
37876.000000 2.828559
37878.000000 0.001295
37880.000000 0.000000
37882.000000 0.000000
37884.000000 0.000000
37886.000000 0.000000
37888.000000 0.000000
37890.000000 0.000000
37892.000000 0.000000
37894.000000 0.000000
37896.000000 0.000000
37898.000000 0.000000
37900.000000 0.000000
37902.000000 0.000000
37904.000000 0.000000
37906.000000 0.000000
37908.000000 0.000000
37910.000000 0.000000
37912.000000 0.000000
37914.000000 0.000000
37916.000000 0.000000
37918.000000 0.000000
37920.000000 0.000000
37922.000000 0.000000
37924.000000 0.001295
37926.000000 0.000000
37928.000000 0.000000
37930.000000 0.000000
37932.000000 0.000000
37934.000000 0.000000
37936.000000 0.000000
37938.000000 0.000000
37940.000000 0.000000
37942.000000 0.000000
37944.000000 0.000000
37946.000000 0.000000
37948.000000 0.000000
37950.000000 0.000000
37952.000000 0.000000
37954.000000 0.000000
37956.000000 0.000000
37958.000000 0.000000
37960.000000 0.000000
37962.000000 0.000000
37964.000000 0.000000
37966.000000 0.000000
37968.000000 0.000000
37970.000000 0.000000
37972.000000 0.000000
37974.000000 0.000000
37976.000000 0.000000
37978.000000 0.000000
37980.000000 0.000000
37982.000000 0.000000
37984.000000 0.000000
37986.000000 5.666614
37988.000000 16.975671
37990.000000 15.562038
37992.000000 14.148406
37994.000000 8.493878
37996.000000 2.828559
37998.000000 0.001295
38000.000000 0.000000
38002.000000 0.000000
38004.000000 0.000000
38006.000000 0.000000
38008.000000 0.000000
38010.000000 0.000000
38012.000000 0.000000
38014.000000 0.000000
38016.000000 0.000000
38018.000000 0.000000
38020.000000 0.000000
38022.000000 0.000000
38024.000000 0.000000
38026.000000 0.000000
38028.000000 2.828559
38030.000000 0.702715
38032.000000 0.000000
38034.000000 0.000000
38036.000000 0.000000
38038.000000 0.000000
38040.000000 0.000000
38042.000000 0.000000
38044.000000 0.000000
38046.000000 0.000000
38048.000000 0.000000
38050.000000 0.000000
38052.000000 0.000000
38054.000000 0.000000
38056.000000 0.000000
38058.000000 0.000000
38060.000000 0.000000
38062.000000 0.000000
38064.000000 2.828559
38066.000000 5.655823
38068.000000 8.483087
38070.000000 7.069455
38072.000000 5.655823
38074.000000 4.242191
38076.000000 2.828559
38078.000000 1.414927
38080.000000 0.001295
38082.000000 0.000000
38084.000000 0.000000
38086.000000 0.000000
38088.000000 0.000000
38090.000000 0.000000
38092.000000 0.000000
38094.000000 0.000000
38096.000000 0.000000
38098.000000 0.000000
38100.000000 0.000000
38102.000000 0.000000
38104.000000 0.001295
38106.000000 0.000000
38108.000000 0.000000
38110.000000 0.000000
38112.000000 0.000000
38114.000000 0.000000
38116.000000 0.000000
38118.000000 0.000000
38120.000000 0.000000
38122.000000 0.000000
38124.000000 0.000000
38126.000000 0.000000
38128.000000 0.000000
38130.000000 0.000000
38132.000000 0.000000
38134.000000 0.000000
38136.000000 0.000000
38138.000000 0.000000
38140.000000 2.828559
38142.000000 0.001295
38144.000000 0.000000
38146.000000 0.000000
38148.000000 0.000000
38150.000000 0.000000
38152.000000 0.000000
38154.000000 0.000000
38156.000000 0.000000
38158.000000 0.000000
38160.000000 0.000000
38162.000000 0.000000
38164.000000 0.000000
38166.000000 0.000000
38168.000000 0.000000
38170.000000 0.000000
38172.000000 0.000000
38174.000000 0.000000
38176.000000 0.000000
38178.000000 0.000000
38180.000000 0.000000
38182.000000 0.000000
38184.000000 0.000000
38186.000000 0.000000
38188.000000 0.000000
38190.000000 0.000000
38192.000000 0.000000
38194.000000 0.000000
38196.000000 0.000000
38198.000000 0.000000
38200.000000 0.000000
38202.000000 0.000000
38204.000000 0.000000
38206.000000 0.000000
38208.000000 0.000000
38210.000000 0.000000
38212.000000 0.000000
38214.000000 0.000000
38216.000000 0.000000
38218.000000 0.000000
38220.000000 0.000000
38222.000000 0.000000
38224.000000 0.000000
38226.000000 0.000000
38228.000000 0.000000
38230.000000 0.000000
38232.000000 0.000000
38234.000000 0.000000
38236.000000 0.000000
38238.000000 0.000000
38240.000000 0.000000
38242.000000 0.000000
38244.000000 0.000000
38246.000000 0.000000
38248.000000 0.000000
38250.000000 0.000000
38252.000000 0.000000
38254.000000 0.000000
38256.000000 0.000000
38258.000000 0.000000
38260.000000 0.000000
38262.000000 0.000000
38264.000000 0.000000
38266.000000 0.000000
38268.000000 0.000000
38270.000000 0.000000
38272.000000 0.000000
38274.000000 0.000000
38276.000000 0.000000
38278.000000 0.000000
38280.000000 0.000000
38282.000000 0.000000
38284.000000 0.000000
38286.000000 0.000000
38288.000000 0.000000
38290.000000 0.000000
38292.000000 0.000000
38294.000000 0.000000
38296.000000 0.000000
38298.000000 0.000000
38300.000000 0.000000
38302.000000 0.000000
38304.000000 0.000000
38306.000000 0.000000
38308.000000 0.000000
38310.000000 0.000000
38312.000000 0.000000
38314.000000 0.000000
38316.000000 0.000000
38318.000000 0.000000
38320.000000 0.000000
38322.000000 0.000000
38324.000000 0.000000
38326.000000 0.000000
38328.000000 0.000000
38330.000000 0.000000
38332.000000 0.000000
38334.000000 0.000000
38336.000000 0.000000
38338.000000 0.000000
38340.000000 0.000000
38342.000000 0.000000
38344.000000 0.000000
38346.000000 0.000000
38348.000000 0.000000
38350.000000 0.000000
38352.000000 0.000000
38354.000000 0.000000
38356.000000 0.000000
38358.000000 0.000000
38360.000000 0.000000
38362.000000 0.000000
38364.000000 0.000000
38366.000000 0.000000
38368.000000 0.001295
38370.000000 2.828559
38372.000000 5.655823
38374.000000 2.828559
38376.000000 0.001295
38378.000000 1.414927
38380.000000 2.828559
38382.000000 4.242191
38384.000000 5.655823
38386.000000 6.130631
38388.000000 6.594647
38390.000000 7.069455
38392.000000 7.544263
38394.000000 8.008279
38396.000000 8.483087
38398.000000 11.321142
38400.000000 14.148406
38402.000000 9.896719
38404.000000 5.655823
38406.000000 7.069455
38408.000000 8.483087
38410.000000 11.321142
38412.000000 14.148406
38414.000000 15.562038
38416.000000 16.975671
38418.000000 12.723983
38420.000000 8.483087
38422.000000 5.655823
38424.000000 2.828559
38426.000000 0.000000
38428.000000 0.000000
38430.000000 0.000000
38432.000000 0.000000
38434.000000 0.000000
38436.000000 0.000000
38438.000000 0.000000
38440.000000 0.000000
38442.000000 0.000000
38444.000000 0.000000
38446.000000 0.000000
38448.000000 0.000000
38450.000000 0.000000
38452.000000 0.000000
38454.000000 0.000000
38456.000000 0.000000
38458.000000 0.000000
38460.000000 0.000000
38462.000000 0.000000
38464.000000 0.000000
38466.000000 0.000000
38468.000000 0.000000
38470.000000 0.000000
38472.000000 0.000000
38474.000000 0.000000
38476.000000 0.000000
38478.000000 0.000000
38480.000000 0.000000
38482.000000 0.000000
38484.000000 0.000000
38486.000000 0.000000
38488.000000 0.000000
38490.000000 0.000000
38492.000000 0.000000
38494.000000 0.000000
38496.000000 0.000000
38498.000000 0.000000
38500.000000 0.000000
38502.000000 0.000000
38504.000000 0.000000
38506.000000 0.000000
38508.000000 0.000000
38510.000000 0.000000
38512.000000 0.000000
38514.000000 0.000000
38516.000000 0.000000
38518.000000 0.000000
38520.000000 0.000000
38522.000000 0.000000
38524.000000 0.000000
38526.000000 0.000000
38528.000000 2.828559
38530.000000 1.414927
38532.000000 0.001295
38534.000000 2.828559
38536.000000 5.655823
38538.000000 0.001295
38540.000000 0.000000
38542.000000 0.000000
38544.000000 0.000000
38546.000000 0.000000
38548.000000 0.001295
38550.000000 5.655823
38552.000000 11.310351
38554.000000 9.896719
38556.000000 8.483087
38558.000000 7.781667
38560.000000 7.069455
38562.000000 6.357244
38564.000000 5.655823
38566.000000 0.000000
38568.000000 0.000000
38570.000000 0.000000
38572.000000 0.000000
38574.000000 0.000000
38576.000000 0.000000
38578.000000 0.000000
38580.000000 0.000000
38582.000000 0.000000
38584.000000 0.000000
38586.000000 0.000000
38588.000000 0.000000
38590.000000 0.000000
38592.000000 0.000000
38594.000000 0.000000
38596.000000 0.000000
38598.000000 0.000000
38600.000000 0.000000
38602.000000 0.000000
38604.000000 0.000000
38606.000000 0.000000
38608.000000 0.000000
38610.000000 0.000000
38612.000000 0.000000
38614.000000 0.000000
38616.000000 0.000000
38618.000000 0.000000
38620.000000 0.000000
38622.000000 0.000000
38624.000000 0.000000
38626.000000 0.000000
38628.000000 0.000000
38630.000000 0.000000
38632.000000 0.000000
38634.000000 0.000000
38636.000000 0.000000
38638.000000 0.000000
38640.000000 0.000000
38642.000000 0.000000
38644.000000 0.000000
38646.000000 0.000000
38648.000000 0.000000
38650.000000 0.000000
38652.000000 0.000000
38654.000000 0.000000
38656.000000 0.000000
38658.000000 0.000000
38660.000000 0.000000
38662.000000 0.000000
38664.000000 0.000000
38666.000000 0.000000
38668.000000 0.000000
38670.000000 0.000000
38672.000000 0.000000
38674.000000 0.000000
38676.000000 0.000000
38678.000000 0.000000
38680.000000 0.000000
38682.000000 0.000000
38684.000000 0.000000
38686.000000 0.000000
38688.000000 0.000000
38690.000000 0.000000
38692.000000 0.000000
38694.000000 0.000000
38696.000000 0.000000
38698.000000 0.000000
38700.000000 0.000000
38702.000000 0.000000
38704.000000 0.000000
38706.000000 0.000000
38708.000000 0.000000
38710.000000 0.000000
38712.000000 0.000000
38714.000000 0.000000
38716.000000 0.000000
38718.000000 0.000000
38720.000000 0.000000
38722.000000 0.000000
38724.000000 0.000000
38726.000000 0.000000
38728.000000 0.000000
38730.000000 0.000000
38732.000000 0.000000
38734.000000 0.000000
38736.000000 0.000000
38738.000000 0.000000
38740.000000 0.000000
38742.000000 0.000000
38744.000000 0.000000
38746.000000 0.000000
38748.000000 0.000000
38750.000000 0.000000
38752.000000 0.000000
38754.000000 0.000000
38756.000000 0.000000
38758.000000 0.000000
38760.000000 0.000000
38762.000000 0.000000
38764.000000 0.000000
38766.000000 0.000000
38768.000000 0.000000
38770.000000 0.000000
38772.000000 0.000000
38774.000000 0.000000
38776.000000 0.000000
38778.000000 0.000000
38780.000000 0.000000
38782.000000 0.000000
38784.000000 0.000000
38786.000000 0.000000
38788.000000 0.000000
38790.000000 0.000000
38792.000000 0.000000
38794.000000 0.000000
38796.000000 0.000000
38798.000000 0.000000
38800.000000 0.000000
38802.000000 0.000000
38804.000000 0.000000
38806.000000 0.000000
38808.000000 0.000000
38810.000000 0.000000
38812.000000 0.000000
38814.000000 0.000000
38816.000000 0.000000
38818.000000 0.000000
38820.000000 0.000000
38822.000000 0.000000
38824.000000 0.000000
38826.000000 0.000000
38828.000000 0.000000
38830.000000 0.000000
38832.000000 0.000000
38834.000000 0.000000
38836.000000 0.000000
38838.000000 0.000000
38840.000000 0.000000
38842.000000 0.000000
38844.000000 0.000000
38846.000000 0.000000
38848.000000 0.000000
38850.000000 0.000000
38852.000000 0.000000
38854.000000 0.000000
38856.000000 0.000000
38858.000000 0.000000
38860.000000 -2.333718
38862.000000 0.000000
38864.000000 0.000000
38866.000000 0.000000
38868.000000 0.000000
38870.000000 0.000000
38872.000000 0.000000
38874.000000 0.000000
38876.000000 -0.001068
38878.000000 -2.333718
38880.000000 -4.666367
38882.000000 -1.167393
38884.000000 0.000000
38886.000000 0.000000
38888.000000 0.000000
38890.000000 -0.294875
38892.000000 -1.167393
38894.000000 -2.039911
38896.000000 -2.912428
38898.000000 -3.793849
38900.000000 -4.666367
38902.000000 -0.001068
38904.000000 0.000000
38906.000000 0.000000
38908.000000 0.000000
38910.000000 0.000000
38912.000000 0.000000
38914.000000 0.000000
38916.000000 0.000000
38918.000000 0.000000
38920.000000 0.000000
38922.000000 0.000000
38924.000000 0.000000
38926.000000 0.000000
38928.000000 0.000000
38930.000000 0.000000
38932.000000 0.000000
38934.000000 0.000000
38936.000000 0.000000
38938.000000 0.000000
38940.000000 0.000000
38942.000000 0.000000
38944.000000 0.000000
38946.000000 0.000000
38948.000000 0.000000
38950.000000 0.000000
38952.000000 0.000000
38954.000000 0.000000
38956.000000 0.000000
38958.000000 0.000000
38960.000000 0.000000
38962.000000 0.000000
38964.000000 0.000000
38966.000000 0.000000
38968.000000 0.000000
38970.000000 0.000000
38972.000000 0.000000
38974.000000 0.000000
38976.000000 0.000000
38978.000000 0.000000
38980.000000 0.000000
38982.000000 0.000000
38984.000000 0.000000
38986.000000 0.000000
38988.000000 0.000000
38990.000000 0.000000
38992.000000 0.000000
38994.000000 0.000000
38996.000000 0.000000
38998.000000 0.000000
39000.000000 0.000000
39002.000000 0.000000
39004.000000 0.000000
39006.000000 0.000000
39008.000000 0.000000
39010.000000 0.000000
39012.000000 0.000000
39014.000000 0.000000
39016.000000 0.000000
39018.000000 -1.167393
39020.000000 -6.999016
39022.000000 -4.666367
39024.000000 -2.333718
39026.000000 -2.912428
39028.000000 -3.500042
39030.000000 -4.087656
39032.000000 -4.666367
39034.000000 -3.500042
39036.000000 -2.333718
39038.000000 -1.167393
39040.000000 -0.001068
39042.000000 0.000000
39044.000000 0.000000
39046.000000 0.000000
39048.000000 -0.001068
39050.000000 -1.167393
39052.000000 -2.333718
39054.000000 -1.755007
39056.000000 -1.167393
39058.000000 -0.579779
39060.000000 -0.001068
39062.000000 -2.921331
39064.000000 -5.832691
39066.000000 -8.752954
39068.000000 -11.673217
39070.000000 -10.497990
39072.000000 -9.331665
39074.000000 -8.752954
39076.000000 -8.165340
39078.000000 -7.577727
39080.000000 -6.999016
39082.000000 -5.832691
39084.000000 -4.666367
39086.000000 -6.999016
39088.000000 -9.340568
39090.000000 -11.673217
39092.000000 -14.005867
39094.000000 -18.671165
39096.000000 -23.336463
39098.000000 -24.502788
39100.000000 -25.669112
39102.000000 -26.256726
39104.000000 -26.844340
39106.000000 -27.423051
39108.000000 -28.010665
39110.000000 -26.844340
39112.000000 -25.669112
39114.000000 -28.001762
39116.000000 -30.343314
39118.000000 -24.511691
39120.000000 -18.671165
39122.000000 -17.504840
39124.000000 -16.338516
39126.000000 -18.083551
39128.000000 -19.837489
39130.000000 -21.591428
39132.000000 -23.336463
39134.000000 -19.837489
39136.000000 -16.338516
39138.000000 -15.172191
39140.000000 -14.005867
39142.000000 -12.839542
39144.000000 -11.673217
39146.000000 -10.497990
39148.000000 -9.331665
39150.000000 -8.165340
39152.000000 -6.999016
39154.000000 -9.340568
39156.000000 -11.673217
39158.000000 -12.839542
39160.000000 -14.005867
39162.000000 -17.504840
39164.000000 -21.003814
39166.000000 -23.336463
39168.000000 -25.669112
39170.000000 -22.170139
39172.000000 -18.671165
39174.000000 -15.172191
39176.000000 -11.673217
39178.000000 -14.005867
39180.000000 -16.338516
39182.000000 -18.671165
39184.000000 -21.003814
39186.000000 -18.671165
39188.000000 -16.338516
39190.000000 -11.673217
39192.000000 -6.999016
39194.000000 -9.919279
39196.000000 -12.830639
39198.000000 -15.750902
39200.000000 -18.671165
39202.000000 -21.003814
39204.000000 -23.336463
39206.000000 -25.669112
39208.000000 -28.010665
39210.000000 -26.844340
39212.000000 -25.669112
39214.000000 -26.256726
39216.000000 -26.844340
39218.000000 -27.423051
39220.000000 -28.010665
39222.000000 -31.509638
39224.000000 -35.008612
39226.000000 -33.842288
39228.000000 -32.675963
39230.000000 -31.509638
39232.000000 -30.343314
39234.000000 -29.764603
39236.000000 -29.176989
39238.000000 -28.589375
39240.000000 -28.010665
39242.000000 -26.844340
39244.000000 -25.669112
39246.000000 -24.502788
39248.000000 -23.336463
39250.000000 -28.001762
39252.000000 -32.675963
39254.000000 -37.341261
39256.000000 -42.006560
39258.000000 -41.427849
39260.000000 -40.840235
39262.000000 -40.252621
39264.000000 -39.673911
39266.000000 -39.095200
39268.000000 -38.507586
39270.000000 -37.919972
39272.000000 -37.341261
39274.000000 -36.174937
39276.000000 -35.008612
39278.000000 -33.842288
39280.000000 -32.675963
39282.000000 -31.509638
39284.000000 -30.343314
39286.000000 -26.844340
39288.000000 -23.336463
39290.000000 -19.837489
39292.000000 -16.338516
39294.000000 -15.172191
39296.000000 -14.005867
39298.000000 -14.593480
39300.000000 -15.172191
39302.000000 -15.750902
39304.000000 -16.338516
39306.000000 -15.750902
39308.000000 -15.172191
39310.000000 -14.593480
39312.000000 -14.005867
39314.000000 -12.839542
39316.000000 -11.673217
39318.000000 -10.497990
39320.000000 -9.331665
39322.000000 -11.673217
39324.000000 -14.005867
39326.000000 -17.504840
39328.000000 -21.003814
39330.000000 -22.170139
39332.000000 -23.336463
39334.000000 -24.502788
39336.000000 -25.669112
39338.000000 -25.081498
39340.000000 -24.502788
39342.000000 -23.924077
39344.000000 -23.336463
39346.000000 -25.669112
39348.000000 -28.010665
39350.000000 -25.669112
39352.000000 -23.336463
39354.000000 -22.748849
39356.000000 -22.170139
39358.000000 -21.591428
39360.000000 -21.003814
39362.000000 -19.837489
39364.000000 -18.671165
39366.000000 -16.338516
39368.000000 -14.005867
39370.000000 -9.340568
39372.000000 -4.666367
39374.000000 -2.333718
39376.000000 -0.001068
39378.000000 -1.167393
39380.000000 -2.333718
39382.000000 -3.500042
39384.000000 -4.666367
39386.000000 -2.333718
39388.000000 -0.001068
39390.000000 -2.333718
39392.000000 -4.666367
39394.000000 -5.058109
39396.000000 -5.440949
39398.000000 -5.832691
39400.000000 -6.224434
39402.000000 -6.607273
39404.000000 -6.999016
39406.000000 -8.165340
39408.000000 -9.331665
39410.000000 -8.165340
39412.000000 -6.999016
39414.000000 -4.666367
39416.000000 -2.333718
39418.000000 -1.167393
39420.000000 -0.001068
39422.000000 -7.007919
39424.000000 -14.005867
39426.000000 -19.837489
39428.000000 -25.669112
39430.000000 -30.334411
39432.000000 -35.008612
39434.000000 -36.174937
39436.000000 -37.341261
39438.000000 -33.842288
39440.000000 -30.343314
39442.000000 -31.509638
39444.000000 -32.675963
39446.000000 -31.509638
39448.000000 -30.343314
39450.000000 -28.589375
39452.000000 -26.844340
39454.000000 -25.090402
39456.000000 -23.336463
39458.000000 -23.728206
39460.000000 -24.111045
39462.000000 -24.502788
39464.000000 -24.894530
39466.000000 -25.277370
39468.000000 -25.669112
39470.000000 -26.844340
39472.000000 -28.010665
39474.000000 -25.090402
39476.000000 -22.179042
39478.000000 -19.258779
39480.000000 -16.338516
39482.000000 -14.005867
39484.000000 -11.673217
39486.000000 -12.839542
39488.000000 -14.005867
39490.000000 -15.172191
39492.000000 -16.338516
39494.000000 -17.504840
39496.000000 -18.671165
39498.000000 -16.338516
39500.000000 -14.005867
39502.000000 -13.418253
39504.000000 -12.839542
39506.000000 -12.260831
39508.000000 -11.673217
39510.000000 -8.165340
39512.000000 -4.666367
39514.000000 -5.832691
39516.000000 -6.999016
39518.000000 -9.340568
39520.000000 -11.673217
39522.000000 -12.839542
39524.000000 -14.005867
39526.000000 -11.673217
39528.000000 -9.331665
39530.000000 -5.832691
39532.000000 -2.333718
39534.000000 -1.167393
39536.000000 -0.001068
39538.000000 0.000000
39540.000000 0.000000
39542.000000 0.000000
39544.000000 0.000000
39546.000000 0.000000
39548.000000 -2.333718
39550.000000 -5.832691
39552.000000 -9.331665
39554.000000 -3.500042
39556.000000 0.000000
39558.000000 0.000000
39560.000000 0.000000
39562.000000 -1.167393
39564.000000 -6.999016
39566.000000 -11.673217
39568.000000 -16.338516
39570.000000 -19.837489
39572.000000 -23.336463
39574.000000 -21.003814
39576.000000 -18.671165
39578.000000 -19.837489
39580.000000 -21.003814
39582.000000 -20.416200
39584.000000 -19.837489
39586.000000 -19.258779
39588.000000 -18.671165
39590.000000 -19.837489
39592.000000 -21.003814
39594.000000 -23.336463
39596.000000 -25.669112
39598.000000 -18.671165
39600.000000 -11.673217
39602.000000 -10.497990
39604.000000 -9.331665
39606.000000 -11.664314
39608.000000 -14.005867
39610.000000 -16.338516
39612.000000 -18.671165
39614.000000 -23.336463
39616.000000 -28.010665
39618.000000 -24.511691
39620.000000 -21.003814
39622.000000 -17.504840
39624.000000 -14.005867
39626.000000 -10.497990
39628.000000 -6.999016
39630.000000 -3.500042
39632.000000 -0.001068
39634.000000 0.000000
39636.000000 0.000000
39638.000000 0.000000
39640.000000 0.000000
39642.000000 0.000000
39644.000000 -0.001068
39646.000000 0.000000
39648.000000 0.000000
39650.000000 0.000000
39652.000000 0.000000
39654.000000 0.000000
39656.000000 0.000000
39658.000000 0.000000
39660.000000 0.000000
39662.000000 0.000000
39664.000000 0.000000
39666.000000 0.000000
39668.000000 0.000000
39670.000000 0.000000
39672.000000 0.000000
39674.000000 0.000000
39676.000000 0.000000
39678.000000 0.000000
39680.000000 0.000000
39682.000000 0.000000
39684.000000 0.000000
39686.000000 0.000000
39688.000000 0.000000
39690.000000 0.000000
39692.000000 0.000000
39694.000000 0.000000
39696.000000 0.000000
39698.000000 0.000000
39700.000000 0.000000
39702.000000 0.000000
39704.000000 0.000000
39706.000000 0.000000
39708.000000 0.000000
39710.000000 0.000000
39712.000000 0.000000
39714.000000 0.000000
39716.000000 0.000000
39718.000000 0.000000
39720.000000 0.000000
39722.000000 0.000000
39724.000000 0.000000
39726.000000 0.000000
39728.000000 0.000000
39730.000000 0.000000
39732.000000 0.000000
39734.000000 0.000000
39736.000000 0.000000
39738.000000 0.000000
39740.000000 0.000000
39742.000000 0.000000
39744.000000 0.000000
39746.000000 0.000000
39748.000000 0.000000
39750.000000 0.000000
39752.000000 0.000000
39754.000000 0.000000
39756.000000 0.000000
39758.000000 0.000000
39760.000000 0.000000
39762.000000 0.000000
39764.000000 0.000000
39766.000000 0.000000
39768.000000 0.000000
39770.000000 0.000000
39772.000000 0.000000
39774.000000 0.000000
39776.000000 0.000000
39778.000000 0.000000
39780.000000 0.000000
39782.000000 0.000000
39784.000000 0.000000
39786.000000 0.000000
39788.000000 0.000000
39790.000000 0.000000
39792.000000 0.000000
39794.000000 0.000000
39796.000000 0.000000
39798.000000 0.000000
39800.000000 0.000000
39802.000000 0.000000
39804.000000 0.000000
39806.000000 0.000000
39808.000000 0.000000
39810.000000 0.000000
39812.000000 0.000000
39814.000000 0.000000
39816.000000 0.000000
39818.000000 0.000000
39820.000000 0.000000
39822.000000 0.000000
39824.000000 0.000000
39826.000000 0.000000
39828.000000 0.000000
39830.000000 0.000000
39832.000000 0.000000
39834.000000 0.000000
39836.000000 0.000000
39838.000000 0.000000
39840.000000 0.000000
39842.000000 0.000000
39844.000000 0.000000
39846.000000 0.000000
39848.000000 0.000000
39850.000000 -0.001068
39852.000000 -2.333718
39854.000000 -3.500042
39856.000000 -4.666367
39858.000000 -4.087656
39860.000000 -3.500042
39862.000000 -2.912428
39864.000000 -2.333718
39866.000000 -4.666367
39868.000000 -6.999016
39870.000000 -4.666367
39872.000000 -2.333718
39874.000000 -1.167393
39876.000000 -0.001068
39878.000000 -1.167393
39880.000000 -2.333718
39882.000000 -0.001068
39884.000000 0.000000
39886.000000 0.000000
39888.000000 0.000000
39890.000000 0.000000
39892.000000 0.000000
39894.000000 0.000000
39896.000000 0.000000
39898.000000 0.000000
39900.000000 0.000000
39902.000000 0.000000
39904.000000 0.000000
39906.000000 0.000000
39908.000000 0.000000
39910.000000 -2.333718
39912.000000 -6.999016
39914.000000 -8.165340
39916.000000 -9.331665
39918.000000 -10.497990
39920.000000 -11.673217
39922.000000 -13.231285
39924.000000 -14.780449
39926.000000 -16.338516
39928.000000 -17.896583
39930.000000 -19.445747
39932.000000 -21.003814
39934.000000 -17.504840
39936.000000 -14.005867
39938.000000 -12.839542
39940.000000 -11.673217
39942.000000 -12.260831
39944.000000 -12.839542
39946.000000 -13.418253
39948.000000 -14.005867
39950.000000 -13.222381
39952.000000 -12.447799
39954.000000 -11.673217
39956.000000 -10.889732
39958.000000 -10.106247
39960.000000 -9.331665
39962.000000 -11.673217
39964.000000 -14.005867
39966.000000 -10.497990
39968.000000 -6.999016
39970.000000 -4.087656
39972.000000 -1.167393
39974.000000 0.000000
39976.000000 0.000000
39978.000000 0.000000
39980.000000 0.000000
39982.000000 0.000000
39984.000000 0.000000
39986.000000 0.000000
39988.000000 0.000000
39990.000000 0.000000
39992.000000 0.000000
39994.000000 0.000000
39996.000000 0.000000
39998.000000 0.000000
40000.000000 0.000000
40002.000000 0.000000
40004.000000 0.000000
40006.000000 0.000000
40008.000000 0.000000
40010.000000 0.000000
40012.000000 0.000000
40014.000000 0.000000
40016.000000 0.000000
40018.000000 0.000000
40020.000000 0.000000
40022.000000 0.000000
40024.000000 0.000000
40026.000000 0.000000
40028.000000 0.000000
40030.000000 0.000000
40032.000000 0.000000
40034.000000 0.000000
40036.000000 0.000000
40038.000000 0.000000
40040.000000 0.000000
40042.000000 0.000000
40044.000000 0.000000
40046.000000 0.000000
40048.000000 0.000000
40050.000000 0.000000
40052.000000 0.000000
40054.000000 0.000000
40056.000000 0.000000
40058.000000 0.000000
40060.000000 0.000000
40062.000000 0.000000
40064.000000 0.000000
40066.000000 0.000000
40068.000000 0.000000
40070.000000 0.000000
40072.000000 0.000000
40074.000000 0.000000
40076.000000 0.000000
40078.000000 0.000000
40080.000000 0.000000
40082.000000 0.000000
40084.000000 0.000000
40086.000000 0.000000
40088.000000 0.000000
40090.000000 0.000000
40092.000000 0.000000
40094.000000 0.000000
40096.000000 0.000000
40098.000000 0.000000
40100.000000 0.000000
40102.000000 0.000000
40104.000000 0.000000
40106.000000 0.000000
40108.000000 0.000000
40110.000000 0.000000
40112.000000 0.000000
40114.000000 0.000000
40116.000000 0.000000
40118.000000 0.000000
40120.000000 0.000000
40122.000000 0.000000
40124.000000 0.000000
40126.000000 0.000000
40128.000000 0.000000
40130.000000 0.000000
40132.000000 0.000000
40134.000000 0.000000
40136.000000 0.000000
40138.000000 0.000000
40140.000000 0.000000
40142.000000 0.000000
40144.000000 0.000000
40146.000000 0.000000
40148.000000 0.000000
40150.000000 0.000000
40152.000000 0.000000
40154.000000 0.000000
40156.000000 0.000000
40158.000000 0.000000
40160.000000 0.000000
40162.000000 0.000000
40164.000000 0.000000
40166.000000 0.000000
40168.000000 0.000000
40170.000000 0.000000
40172.000000 0.000000
40174.000000 -0.001068
40176.000000 -4.666367
40178.000000 -5.832691
40180.000000 -6.999016
40182.000000 -8.165340
40184.000000 -9.331665
40186.000000 -7.577727
40188.000000 -5.832691
40190.000000 -4.087656
40192.000000 -2.333718
40194.000000 -3.500042
40196.000000 -4.666367
40198.000000 -1.167393
40200.000000 0.000000
40202.000000 0.000000
40204.000000 0.000000
40206.000000 0.000000
40208.000000 0.000000
40210.000000 0.000000
40212.000000 0.000000
40214.000000 0.000000
40216.000000 0.000000
40218.000000 -0.001068
40220.000000 -2.333718
40222.000000 -3.500042
40224.000000 -4.666367
40226.000000 -6.999016
40228.000000 -9.331665
40230.000000 -6.999016
40232.000000 -4.666367
40234.000000 -4.274624
40236.000000 -3.891785
40238.000000 -3.500042
40240.000000 -3.108300
40242.000000 -2.725460
40244.000000 -2.333718
40246.000000 -3.500042
40248.000000 -4.666367
40250.000000 -10.497990
40252.000000 -16.338516
40254.000000 -17.504840
40256.000000 -18.671165
40258.000000 -17.504840
40260.000000 -16.338516
40262.000000 -12.830639
40264.000000 -9.331665
40266.000000 -8.165340
40268.000000 -6.999016
40270.000000 -7.577727
40272.000000 -8.165340
40274.000000 -8.752954
40276.000000 -9.331665
40278.000000 -6.999016
40280.000000 -4.666367
40282.000000 -5.832691
40284.000000 -6.999016
40286.000000 -8.165340
40288.000000 -9.340568
40290.000000 -10.506893
40292.000000 -11.673217
40294.000000 -9.919279
40296.000000 -8.165340
40298.000000 -6.420305
40300.000000 -4.666367
40302.000000 -5.832691
40304.000000 -6.999016
40306.000000 -12.830639
40308.000000 -18.671165
40310.000000 -17.504840
40312.000000 -16.338516
40314.000000 -15.172191
40316.000000 -14.005867
40318.000000 -12.830639
40320.000000 -11.664314
40322.000000 -10.497990
40324.000000 -9.331665
40326.000000 -5.832691
40328.000000 -2.333718
40330.000000 -1.167393
40332.000000 -0.001068
40334.000000 0.000000
40336.000000 0.000000
40338.000000 0.000000
40340.000000 0.000000
40342.000000 0.000000
40344.000000 0.000000
40346.000000 0.000000
40348.000000 0.000000
40350.000000 0.000000
40352.000000 0.000000
40354.000000 0.000000
40356.000000 0.000000
40358.000000 0.000000
40360.000000 0.000000
40362.000000 0.000000
40364.000000 0.000000
40366.000000 0.000000
40368.000000 0.000000
40370.000000 0.000000
40372.000000 0.000000
40374.000000 0.000000
40376.000000 0.000000
40378.000000 0.000000
40380.000000 0.000000
40382.000000 0.000000
40384.000000 0.000000
40386.000000 0.000000
40388.000000 0.000000
40390.000000 0.000000
40392.000000 0.000000
40394.000000 0.000000
40396.000000 0.000000
40398.000000 0.000000
40400.000000 0.000000
40402.000000 0.000000
40404.000000 0.000000
40406.000000 0.000000
40408.000000 0.000000
40410.000000 0.000000
40412.000000 0.000000
40414.000000 0.000000
40416.000000 0.000000
40418.000000 0.000000
40420.000000 0.000000
40422.000000 0.000000
40424.000000 0.000000
40426.000000 0.000000
40428.000000 0.000000
40430.000000 0.000000
40432.000000 0.000000
40434.000000 0.000000
40436.000000 0.000000
40438.000000 0.000000
40440.000000 0.000000
40442.000000 0.000000
40444.000000 0.000000
40446.000000 0.000000
40448.000000 0.000000
40450.000000 0.000000
40452.000000 0.000000
40454.000000 0.000000
40456.000000 0.000000
40458.000000 0.000000
40460.000000 0.000000
40462.000000 0.000000
40464.000000 0.000000
40466.000000 0.000000
40468.000000 0.000000
40470.000000 0.000000
40472.000000 0.000000
40474.000000 0.000000
40476.000000 0.000000
40478.000000 0.000000
40480.000000 0.000000
40482.000000 0.000000
40484.000000 0.000000
40486.000000 0.000000
40488.000000 0.000000
40490.000000 0.000000
40492.000000 0.000000
40494.000000 0.000000
40496.000000 -0.001068
40498.000000 0.000000
40500.000000 0.000000
40502.000000 0.000000
40504.000000 0.000000
40506.000000 0.000000
40508.000000 0.000000
40510.000000 0.000000
40512.000000 0.000000
40514.000000 0.000000
40516.000000 0.000000
40518.000000 0.000000
40520.000000 0.000000
40522.000000 0.000000
40524.000000 0.000000
40526.000000 0.000000
40528.000000 0.000000
40530.000000 0.000000
40532.000000 0.000000
40534.000000 0.000000
40536.000000 0.000000
40538.000000 0.000000
40540.000000 0.000000
40542.000000 0.000000
40544.000000 0.000000
40546.000000 0.000000
40548.000000 0.000000
40550.000000 0.000000
40552.000000 0.000000
40554.000000 0.000000
40556.000000 0.000000
40558.000000 0.000000
40560.000000 0.000000
40562.000000 0.000000
40564.000000 0.000000
40566.000000 0.000000
40568.000000 0.000000
40570.000000 0.000000
40572.000000 0.000000
40574.000000 0.000000
40576.000000 0.000000
40578.000000 0.000000
40580.000000 0.000000
40582.000000 0.000000
40584.000000 0.000000
40586.000000 0.000000
40588.000000 0.000000
40590.000000 0.000000
40592.000000 0.000000
40594.000000 0.000000
40596.000000 0.000000
40598.000000 0.000000
40600.000000 0.000000
40602.000000 0.000000
40604.000000 0.000000
40606.000000 0.000000
40608.000000 0.000000
40610.000000 0.000000
40612.000000 2.828559
40614.000000 1.414927
40616.000000 0.001295
40618.000000 0.000000
40620.000000 0.000000
40622.000000 0.000000
40624.000000 0.000000
40626.000000 0.000000
40628.000000 0.000000
40630.000000 0.000000
40632.000000 0.000000
40634.000000 0.000000
40636.000000 0.000000
40638.000000 0.000000
40640.000000 0.000000
40642.000000 0.000000
40644.000000 0.000000
40646.000000 0.000000
40648.000000 0.000000
40650.000000 0.000000
40652.000000 0.000000
40654.000000 0.000000
40656.000000 0.000000
40658.000000 0.000000
40660.000000 0.000000
40662.000000 0.000000
40664.000000 0.000000
40666.000000 0.000000
40668.000000 0.000000
40670.000000 0.000000
40672.000000 0.000000
40674.000000 0.000000
40676.000000 0.000000
40678.000000 0.000000
40680.000000 0.000000
40682.000000 0.000000
40684.000000 0.000000
40686.000000 0.000000
40688.000000 0.000000
40690.000000 0.000000
40692.000000 0.000000
40694.000000 0.000000
40696.000000 0.000000
40698.000000 0.000000
40700.000000 0.000000
40702.000000 0.000000
40704.000000 0.000000
40706.000000 1.414927
40708.000000 5.655823
40710.000000 8.483087
40712.000000 11.310351
40714.000000 12.723983
40716.000000 14.148406
40718.000000 12.723983
40720.000000 11.310351
40722.000000 12.723983
40724.000000 14.148406
40726.000000 12.723983
40728.000000 11.310351
40730.000000 8.483087
40732.000000 5.655823
40734.000000 6.130631
40736.000000 6.594647
40738.000000 7.069455
40740.000000 7.544263
40742.000000 8.008279
40744.000000 8.483087
40746.000000 12.723983
40748.000000 16.975671
40750.000000 21.216567
40752.000000 25.457463
40754.000000 22.630199
40756.000000 19.802935
40758.000000 15.551247
40760.000000 11.310351
40762.000000 9.896719
40764.000000 8.483087
40766.000000 7.069455
40768.000000 5.655823
40770.000000 9.896719
40772.000000 14.148406
40774.000000 18.389303
40776.000000 22.630199
40778.000000 24.043831
40780.000000 25.457463
40782.000000 26.871095
40784.000000 28.284727
40786.000000 29.698359
40788.000000 31.111991
40790.000000 36.766519
40792.000000 42.431838
40794.000000 39.604574
40796.000000 36.777310
40798.000000 35.363678
40800.000000 33.950046
40802.000000 29.709150
40804.000000 25.457463
40806.000000 24.043831
40808.000000 22.630199
40810.000000 20.515146
40812.000000 18.389303
40814.000000 16.263459
40816.000000 14.148406
40818.000000 9.896719
40820.000000 5.655823
40822.000000 1.414927
40824.000000 0.000000
40826.000000 0.000000
40828.000000 0.001295
40830.000000 0.000000
40832.000000 0.000000
40834.000000 0.000000
40836.000000 0.000000
40838.000000 0.000000
40840.000000 0.000000
40842.000000 0.000000
40844.000000 0.000000
40846.000000 0.000000
40848.000000 0.000000
40850.000000 0.000000
40852.000000 0.000000
40854.000000 0.000000
40856.000000 0.000000
40858.000000 0.000000
40860.000000 0.000000
40862.000000 0.000000
40864.000000 0.000000
40866.000000 0.000000
40868.000000 0.000000
40870.000000 0.000000
40872.000000 0.000000
40874.000000 0.000000
40876.000000 0.000000
40878.000000 0.000000
40880.000000 0.000000
40882.000000 0.000000
40884.000000 0.000000
40886.000000 0.000000
40888.000000 0.000000
40890.000000 0.000000
40892.000000 0.000000
40894.000000 0.000000
40896.000000 0.000000
40898.000000 -4.675270
40900.000000 -11.673217
40902.000000 -15.172191
40904.000000 -18.671165
40906.000000 -16.338516
40908.000000 -14.005867
40910.000000 -11.664314
40912.000000 -9.331665
40914.000000 -4.666367
40916.000000 -0.001068
40918.000000 0.000000
40920.000000 0.000000
40922.000000 0.000000
40924.000000 0.000000
40926.000000 0.000000
40928.000000 0.000000
40930.000000 0.000000
40932.000000 0.000000
40934.000000 0.000000
40936.000000 0.000000
40938.000000 0.000000
40940.000000 0.000000
40942.000000 0.000000
40944.000000 0.000000
40946.000000 0.000000
40948.000000 0.000000
40950.000000 0.000000
40952.000000 0.000000
40954.000000 0.000000
40956.000000 0.000000
40958.000000 0.000000
40960.000000 0.000000
40962.000000 0.000000
40964.000000 0.000000
40966.000000 0.000000
40968.000000 0.000000
40970.000000 0.000000
40972.000000 0.000000
40974.000000 0.000000
40976.000000 0.000000
40978.000000 0.000000
40980.000000 0.000000
40982.000000 0.000000
40984.000000 0.000000
40986.000000 0.000000
40988.000000 0.000000
40990.000000 0.000000
40992.000000 0.000000
40994.000000 0.000000
40996.000000 0.000000
40998.000000 0.000000
41000.000000 0.000000
41002.000000 0.000000
41004.000000 0.000000
41006.000000 0.000000
41008.000000 0.000000
41010.000000 0.000000
41012.000000 0.000000
41014.000000 0.000000
41016.000000 0.000000
41018.000000 0.000000
41020.000000 0.000000
41022.000000 0.000000
41024.000000 0.000000
41026.000000 0.000000
41028.000000 0.000000
41030.000000 0.000000
41032.000000 0.000000
41034.000000 0.000000
41036.000000 0.000000
41038.000000 0.000000
41040.000000 0.000000
41042.000000 0.000000
41044.000000 0.000000
41046.000000 0.000000
41048.000000 0.000000
41050.000000 0.000000
41052.000000 0.000000
41054.000000 0.000000
41056.000000 0.000000
41058.000000 0.000000
41060.000000 0.000000
41062.000000 0.000000
41064.000000 0.000000
41066.000000 0.000000
41068.000000 0.000000
41070.000000 0.000000
41072.000000 0.000000
41074.000000 0.000000
41076.000000 0.000000
41078.000000 0.000000
41080.000000 0.000000
41082.000000 0.000000
41084.000000 0.000000
41086.000000 0.000000
41088.000000 0.000000
41090.000000 0.000000
41092.000000 0.000000
41094.000000 0.000000
41096.000000 0.000000
41098.000000 0.000000
41100.000000 0.000000
41102.000000 0.000000
41104.000000 0.000000
41106.000000 0.000000
41108.000000 0.000000
41110.000000 0.000000
41112.000000 0.000000
41114.000000 0.000000
41116.000000 0.000000
41118.000000 0.000000
41120.000000 0.000000
41122.000000 0.000000
41124.000000 0.000000
41126.000000 0.000000
41128.000000 0.000000
41130.000000 0.000000
41132.000000 0.000000
41134.000000 0.000000
41136.000000 0.000000
41138.000000 0.000000
41140.000000 0.000000
41142.000000 0.000000
41144.000000 0.000000
41146.000000 0.000000
41148.000000 0.000000
41150.000000 0.000000
41152.000000 0.000000
41154.000000 0.000000
41156.000000 0.000000
41158.000000 0.000000
41160.000000 0.000000
41162.000000 0.000000
41164.000000 0.000000
41166.000000 0.000000
41168.000000 0.000000
41170.000000 0.000000
41172.000000 0.000000
41174.000000 0.000000
41176.000000 0.000000
41178.000000 0.000000
41180.000000 0.000000
41182.000000 0.000000
41184.000000 -0.001068
41186.000000 -1.167393
41188.000000 -2.333718
41190.000000 0.000000
41192.000000 0.000000
41194.000000 0.000000
41196.000000 0.000000
41198.000000 0.000000
41200.000000 0.000000
41202.000000 0.000000
41204.000000 0.000000
41206.000000 0.000000
41208.000000 0.000000
41210.000000 0.000000
41212.000000 0.000000
41214.000000 0.000000
41216.000000 0.000000
41218.000000 0.000000
41220.000000 0.000000
41222.000000 0.000000
41224.000000 0.000000
41226.000000 0.000000
41228.000000 0.000000
41230.000000 0.000000
41232.000000 0.000000
41234.000000 0.000000
41236.000000 0.000000
41238.000000 0.000000
41240.000000 0.000000
41242.000000 0.000000
41244.000000 0.000000
41246.000000 0.000000
41248.000000 0.000000
41250.000000 0.000000
41252.000000 0.000000
41254.000000 0.000000
41256.000000 0.000000
41258.000000 0.000000
41260.000000 0.000000
41262.000000 0.000000
41264.000000 0.000000
41266.000000 0.000000
41268.000000 0.000000
41270.000000 0.000000
41272.000000 0.000000
41274.000000 0.000000
41276.000000 0.000000
41278.000000 0.000000
41280.000000 0.000000
41282.000000 0.000000
41284.000000 0.000000
41286.000000 0.000000
41288.000000 0.000000
41290.000000 0.000000
41292.000000 0.000000
41294.000000 0.000000
41296.000000 0.000000
41298.000000 0.000000
41300.000000 0.000000
41302.000000 0.000000
41304.000000 0.000000
41306.000000 0.000000
41308.000000 0.000000
41310.000000 0.000000
41312.000000 0.000000
41314.000000 0.000000
41316.000000 0.000000
41318.000000 0.000000
41320.000000 0.000000
41322.000000 0.000000
41324.000000 0.000000
41326.000000 0.000000
41328.000000 0.000000
41330.000000 0.000000
41332.000000 0.000000
41334.000000 0.000000
41336.000000 0.000000
41338.000000 0.000000
41340.000000 0.000000
41342.000000 0.000000
41344.000000 0.000000
41346.000000 0.000000
41348.000000 0.000000
41350.000000 0.000000
41352.000000 0.000000
41354.000000 0.000000
41356.000000 0.000000
41358.000000 0.000000
41360.000000 0.000000
41362.000000 0.000000
41364.000000 0.000000
41366.000000 0.000000
41368.000000 0.000000
41370.000000 0.000000
41372.000000 0.000000
41374.000000 0.000000
41376.000000 0.000000
41378.000000 0.000000
41380.000000 0.000000
41382.000000 0.000000
41384.000000 0.000000
41386.000000 0.000000
41388.000000 0.000000
41390.000000 0.000000
41392.000000 0.000000
41394.000000 0.000000
41396.000000 0.000000
41398.000000 0.000000
41400.000000 0.000000
41402.000000 0.000000
41404.000000 0.000000
41406.000000 0.000000
41408.000000 0.000000
41410.000000 0.000000
41412.000000 0.000000
41414.000000 0.000000
41416.000000 0.000000
41418.000000 0.000000
41420.000000 0.000000
41422.000000 0.000000
41424.000000 0.000000
41426.000000 0.000000
41428.000000 0.000000
41430.000000 0.000000
41432.000000 0.000000
41434.000000 0.000000
41436.000000 0.000000
41438.000000 0.000000
41440.000000 0.000000
41442.000000 0.000000
41444.000000 0.000000
41446.000000 0.000000
41448.000000 0.000000
41450.000000 0.000000
41452.000000 0.000000
41454.000000 0.000000
41456.000000 0.000000
41458.000000 0.000000
41460.000000 0.000000
41462.000000 0.000000
41464.000000 0.000000
41466.000000 0.000000
41468.000000 0.000000
41470.000000 0.000000
41472.000000 -0.001068
41474.000000 0.000000
41476.000000 0.000000
41478.000000 0.000000
41480.000000 0.000000
41482.000000 0.000000
41484.000000 0.000000
41486.000000 0.000000
41488.000000 0.000000
41490.000000 0.000000
41492.000000 0.000000
41494.000000 0.000000
41496.000000 0.000000
41498.000000 0.000000
41500.000000 0.000000
41502.000000 0.000000
41504.000000 0.000000
41506.000000 0.000000
41508.000000 0.000000
41510.000000 0.000000
41512.000000 0.000000
41514.000000 0.000000
41516.000000 0.000000
41518.000000 0.000000
41520.000000 0.000000
41522.000000 0.000000
41524.000000 0.000000
41526.000000 0.000000
41528.000000 0.000000
41530.000000 0.000000
41532.000000 0.000000
41534.000000 -0.001068
41536.000000 -2.333718
41538.000000 -5.832691
41540.000000 -9.331665
41542.000000 -8.165340
41544.000000 -6.999016
41546.000000 -4.666367
41548.000000 -2.333718
41550.000000 0.000000
41552.000000 0.000000
41554.000000 0.000000
41556.000000 0.000000
41558.000000 0.000000
41560.000000 0.000000
41562.000000 0.000000
41564.000000 0.000000
41566.000000 0.000000
41568.000000 0.000000
41570.000000 0.000000
41572.000000 0.000000
41574.000000 0.000000
41576.000000 0.000000
41578.000000 0.000000
41580.000000 0.000000
41582.000000 0.000000
41584.000000 0.000000
41586.000000 0.000000
41588.000000 0.000000
41590.000000 0.000000
41592.000000 0.000000
41594.000000 0.000000
41596.000000 0.000000
41598.000000 0.000000
41600.000000 0.000000
41602.000000 0.000000
41604.000000 0.000000
41606.000000 0.000000
41608.000000 0.000000
41610.000000 0.000000
41612.000000 0.000000
41614.000000 0.000000
41616.000000 0.000000
41618.000000 0.000000
41620.000000 0.000000
41622.000000 0.000000
41624.000000 0.000000
41626.000000 0.000000
41628.000000 0.000000
41630.000000 0.000000
41632.000000 0.000000
41634.000000 0.000000
41636.000000 0.000000
41638.000000 0.000000
41640.000000 0.000000
41642.000000 0.000000
41644.000000 0.000000
41646.000000 0.000000
41648.000000 0.000000
41650.000000 0.000000
41652.000000 0.000000
41654.000000 0.000000
41656.000000 0.000000
41658.000000 0.000000
41660.000000 0.000000
41662.000000 0.000000
41664.000000 0.000000
41666.000000 0.000000
41668.000000 0.000000
41670.000000 0.000000
41672.000000 0.000000
41674.000000 0.000000
41676.000000 0.000000
41678.000000 0.000000
41680.000000 0.000000
41682.000000 0.000000
41684.000000 0.000000
41686.000000 0.000000
41688.000000 0.000000
41690.000000 0.000000
41692.000000 0.000000
41694.000000 0.000000
41696.000000 0.000000
41698.000000 0.000000
41700.000000 0.000000
41702.000000 0.000000
41704.000000 0.000000
41706.000000 0.000000
41708.000000 0.000000
41710.000000 0.000000
41712.000000 0.000000
41714.000000 0.000000
41716.000000 0.000000
41718.000000 0.000000
41720.000000 0.000000
41722.000000 0.000000
41724.000000 0.000000
41726.000000 0.000000
41728.000000 0.000000
41730.000000 0.000000
41732.000000 0.000000
41734.000000 0.000000
41736.000000 0.000000
41738.000000 0.000000
41740.000000 0.000000
41742.000000 0.000000
41744.000000 0.000000
41746.000000 0.000000
41748.000000 0.000000
41750.000000 0.000000
41752.000000 0.000000
41754.000000 0.000000
41756.000000 0.000000
41758.000000 0.000000
41760.000000 0.000000
41762.000000 0.000000
41764.000000 0.000000
41766.000000 0.000000
41768.000000 0.000000
41770.000000 0.000000
41772.000000 0.000000
41774.000000 0.000000
41776.000000 0.000000
41778.000000 0.000000
41780.000000 0.000000
41782.000000 0.000000
41784.000000 0.000000
41786.000000 0.000000
41788.000000 0.000000
41790.000000 0.000000
41792.000000 0.000000
41794.000000 0.000000
41796.000000 0.000000
41798.000000 0.000000
41800.000000 0.000000
41802.000000 0.000000
41804.000000 0.000000
41806.000000 0.000000
41808.000000 0.000000
41810.000000 0.000000
41812.000000 0.000000
41814.000000 0.000000
41816.000000 0.000000
41818.000000 0.000000
41820.000000 0.000000
41822.000000 0.000000
41824.000000 0.000000
41826.000000 0.000000
41828.000000 0.000000
41830.000000 0.000000
41832.000000 0.000000
41834.000000 0.000000
41836.000000 0.000000
41838.000000 0.000000
41840.000000 0.000000
41842.000000 0.000000
41844.000000 0.000000
41846.000000 0.000000
41848.000000 0.000000
41850.000000 0.000000
41852.000000 0.000000
41854.000000 0.000000
41856.000000 0.000000
41858.000000 0.000000
41860.000000 0.000000
41862.000000 0.000000
41864.000000 0.000000
41866.000000 0.000000
41868.000000 0.000000
41870.000000 0.000000
41872.000000 0.000000
41874.000000 0.000000
41876.000000 0.000000
41878.000000 0.000000
41880.000000 0.000000
41882.000000 0.000000
41884.000000 0.000000
41886.000000 0.000000
41888.000000 0.000000
41890.000000 0.000000
41892.000000 0.000000
41894.000000 0.000000
41896.000000 0.000000
41898.000000 0.000000
41900.000000 0.000000
41902.000000 0.000000
41904.000000 0.000000
41906.000000 0.000000
41908.000000 0.000000
41910.000000 0.000000
41912.000000 0.000000
41914.000000 0.000000
41916.000000 0.000000
41918.000000 0.000000
41920.000000 0.000000
41922.000000 0.000000
41924.000000 2.828559
41926.000000 7.069455
41928.000000 11.310351
41930.000000 12.723983
41932.000000 14.148406
41934.000000 12.723983
41936.000000 11.310351
41938.000000 12.723983
41940.000000 14.148406
41942.000000 11.321142
41944.000000 8.483087
41946.000000 5.655823
41948.000000 2.828559
41950.000000 0.000000
41952.000000 0.000000
41954.000000 0.000000
41956.000000 0.000000
41958.000000 0.000000
41960.000000 0.000000
41962.000000 0.000000
41964.000000 0.000000
41966.000000 0.000000
41968.000000 0.000000
41970.000000 0.000000
41972.000000 0.000000
41974.000000 0.000000
41976.000000 0.000000
41978.000000 0.000000
41980.000000 0.000000
41982.000000 0.000000
41984.000000 0.000000
41986.000000 0.000000
41988.000000 0.000000
41990.000000 0.000000
41992.000000 0.000000
41994.000000 0.000000
41996.000000 0.000000
41998.000000 0.000000
42000.000000 0.000000
42002.000000 0.000000
42004.000000 0.000000
42006.000000 0.000000
42008.000000 0.000000
42010.000000 0.000000
42012.000000 0.000000
42014.000000 0.000000
42016.000000 0.000000
42018.000000 0.000000
42020.000000 0.000000
42022.000000 0.000000
42024.000000 0.000000
42026.000000 0.000000
42028.000000 0.000000
42030.000000 0.000000
42032.000000 0.000000
42034.000000 0.000000
42036.000000 0.000000
42038.000000 0.000000
42040.000000 0.000000
42042.000000 0.000000
42044.000000 0.000000
42046.000000 0.000000
42048.000000 0.000000
42050.000000 0.000000
42052.000000 0.000000
42054.000000 0.000000
42056.000000 0.000000
42058.000000 0.000000
42060.000000 0.000000
42062.000000 0.000000
42064.000000 0.000000
42066.000000 0.000000
42068.000000 0.000000
42070.000000 0.000000
42072.000000 0.000000
42074.000000 0.000000
42076.000000 0.000000
42078.000000 0.000000
42080.000000 0.000000
42082.000000 0.000000
42084.000000 0.000000
42086.000000 0.000000
42088.000000 0.000000
42090.000000 0.000000
42092.000000 0.000000
42094.000000 0.000000
42096.000000 0.000000
42098.000000 0.000000
42100.000000 0.000000
42102.000000 0.000000
42104.000000 0.000000
42106.000000 0.000000
42108.000000 0.000000
42110.000000 0.000000
42112.000000 0.000000
42114.000000 0.000000
42116.000000 0.000000
42118.000000 0.000000
42120.000000 0.000000
42122.000000 0.000000
42124.000000 0.000000
42126.000000 0.000000
42128.000000 0.000000
42130.000000 0.000000
42132.000000 0.000000
42134.000000 0.000000
42136.000000 0.000000
42138.000000 0.000000
42140.000000 0.000000
42142.000000 0.000000
42144.000000 0.000000
42146.000000 0.000000
42148.000000 0.000000
42150.000000 0.000000
42152.000000 0.000000
42154.000000 0.000000
42156.000000 0.000000
42158.000000 0.000000
42160.000000 0.000000
42162.000000 0.000000
42164.000000 0.000000
42166.000000 0.000000
42168.000000 0.000000
42170.000000 0.000000
42172.000000 0.000000
42174.000000 0.000000
42176.000000 0.000000
42178.000000 0.000000
42180.000000 0.000000
42182.000000 0.000000
42184.000000 0.000000
42186.000000 0.000000
42188.000000 0.000000
42190.000000 0.000000
42192.000000 0.000000
42194.000000 0.000000
42196.000000 0.000000
42198.000000 0.000000
42200.000000 0.000000
42202.000000 0.000000
42204.000000 0.000000
42206.000000 0.000000
42208.000000 0.000000
42210.000000 0.000000
42212.000000 0.000000
42214.000000 0.000000
42216.000000 -0.001068
42218.000000 -1.167393
42220.000000 -2.333718
42222.000000 -4.666367
42224.000000 -6.999016
42226.000000 -4.666367
42228.000000 -2.333718
42230.000000 -0.001068
42232.000000 0.000000
42234.000000 0.000000
42236.000000 0.000000
42238.000000 0.000000
42240.000000 0.000000
42242.000000 0.000000
42244.000000 0.000000
42246.000000 0.000000
42248.000000 0.000000
42250.000000 0.000000
42252.000000 0.000000
42254.000000 0.000000
42256.000000 0.000000
42258.000000 0.000000
42260.000000 0.000000
42262.000000 0.000000
42264.000000 0.000000
42266.000000 0.000000
42268.000000 0.000000
42270.000000 0.000000
42272.000000 0.000000
42274.000000 0.000000
42276.000000 0.000000
42278.000000 0.000000
42280.000000 0.000000
42282.000000 0.000000
42284.000000 0.000000
42286.000000 0.000000
42288.000000 0.000000
42290.000000 0.000000
42292.000000 0.000000
42294.000000 0.000000
42296.000000 0.000000
42298.000000 0.000000
42300.000000 0.000000
42302.000000 0.000000
42304.000000 -2.333718
42306.000000 -7.007919
42308.000000 -11.673217
42310.000000 -14.005867
42312.000000 -16.338516
42314.000000 -15.946773
42316.000000 -15.563934
42318.000000 -15.172191
42320.000000 -14.780449
42322.000000 -14.397609
42324.000000 -14.005867
42326.000000 -15.172191
42328.000000 -16.338516
42330.000000 -21.003814
42332.000000 -25.669112
42334.000000 -24.502788
42336.000000 -23.336463
42338.000000 -19.837489
42340.000000 -16.338516
42342.000000 -17.504840
42344.000000 -18.671165
42346.000000 -19.837489
42348.000000 -21.003814
42350.000000 -23.336463
42352.000000 -25.669112
42354.000000 -24.502788
42356.000000 -23.336463
42358.000000 -18.671165
42360.000000 -14.005867
42362.000000 -14.397609
42364.000000 -14.780449
42366.000000 -15.172191
42368.000000 -15.563934
42370.000000 -15.946773
42372.000000 -16.338516
42374.000000 -12.830639
42376.000000 -9.331665
42378.000000 -8.557083
42380.000000 -7.773598
42382.000000 -6.999016
42384.000000 -6.224434
42386.000000 -5.440949
42388.000000 -4.666367
42390.000000 -2.333718
42392.000000 -0.001068
42394.000000 0.000000
42396.000000 0.000000
42398.000000 0.000000
42400.000000 0.000000
42402.000000 0.000000
42404.000000 0.000000
42406.000000 0.000000
42408.000000 0.000000
42410.000000 0.000000
42412.000000 0.000000
42414.000000 0.000000
42416.000000 0.000000
42418.000000 0.000000
42420.000000 0.000000
42422.000000 0.000000
42424.000000 0.000000
42426.000000 0.000000
42428.000000 0.000000
42430.000000 0.000000
42432.000000 0.000000
42434.000000 0.000000
42436.000000 0.000000
42438.000000 0.000000
42440.000000 0.000000
42442.000000 0.000000
42444.000000 0.000000
42446.000000 0.000000
42448.000000 0.000000
42450.000000 0.000000
42452.000000 0.000000
42454.000000 0.000000
42456.000000 0.000000
42458.000000 0.000000
42460.000000 0.000000
42462.000000 0.000000
42464.000000 0.000000
42466.000000 0.000000
42468.000000 0.000000
42470.000000 0.000000
42472.000000 0.000000
42474.000000 0.000000
42476.000000 0.000000
42478.000000 0.000000
42480.000000 0.000000
42482.000000 0.000000
42484.000000 0.000000
42486.000000 0.000000
42488.000000 0.000000
42490.000000 0.000000
42492.000000 0.000000
42494.000000 0.000000
42496.000000 0.000000
42498.000000 0.000000
42500.000000 0.000000
42502.000000 0.000000
42504.000000 0.000000
42506.000000 0.000000
42508.000000 0.000000
42510.000000 0.000000
42512.000000 0.000000
42514.000000 0.000000
42516.000000 0.000000
42518.000000 0.000000
42520.000000 0.000000
42522.000000 0.000000
42524.000000 0.000000
42526.000000 0.000000
42528.000000 0.000000
42530.000000 0.000000
42532.000000 0.000000
42534.000000 0.000000
42536.000000 0.000000
42538.000000 0.000000
42540.000000 0.000000
42542.000000 0.000000
42544.000000 0.000000
42546.000000 0.000000
42548.000000 0.000000
42550.000000 0.000000
42552.000000 0.000000
42554.000000 0.000000
42556.000000 0.000000
42558.000000 0.000000
42560.000000 0.000000
42562.000000 0.000000
42564.000000 0.000000
42566.000000 0.000000
42568.000000 0.000000
42570.000000 0.000000
42572.000000 0.000000
42574.000000 0.000000
42576.000000 0.000000
42578.000000 0.000000
42580.000000 0.000000
42582.000000 0.000000
42584.000000 0.000000
42586.000000 0.000000
42588.000000 0.000000
42590.000000 0.000000
42592.000000 0.000000
42594.000000 0.000000
42596.000000 0.000000
42598.000000 0.000000
42600.000000 0.000000
42602.000000 0.000000
42604.000000 0.000000
42606.000000 0.000000
42608.000000 0.000000
42610.000000 0.000000
42612.000000 0.000000
42614.000000 0.000000
42616.000000 0.000000
42618.000000 0.000000
42620.000000 0.000000
42622.000000 0.000000
42624.000000 0.000000
42626.000000 0.000000
42628.000000 0.000000
42630.000000 0.000000
42632.000000 0.000000
42634.000000 0.000000
42636.000000 0.000000
42638.000000 0.000000
42640.000000 0.000000
42642.000000 0.000000
42644.000000 0.001295
42646.000000 0.702715
42648.000000 1.414927
42650.000000 2.127139
42652.000000 2.828559
42654.000000 0.001295
42656.000000 0.000000
42658.000000 0.000000
42660.000000 0.000000
42662.000000 0.000000
42664.000000 0.001295
42666.000000 1.414927
42668.000000 2.828559
42670.000000 0.001295
42672.000000 0.000000
42674.000000 0.000000
42676.000000 0.000000
42678.000000 0.000000
42680.000000 0.000000
42682.000000 0.000000
42684.000000 0.000000
42686.000000 0.000000
42688.000000 0.000000
42690.000000 0.000000
42692.000000 0.000000
42694.000000 0.000000
42696.000000 0.000000
42698.000000 0.000000
42700.000000 0.000000
42702.000000 0.000000
42704.000000 0.000000
42706.000000 0.000000
42708.000000 0.000000
42710.000000 0.000000
42712.000000 0.000000
42714.000000 0.000000
42716.000000 0.000000
42718.000000 0.000000
42720.000000 0.000000
42722.000000 0.000000
42724.000000 0.000000
42726.000000 0.000000
42728.000000 0.000000
42730.000000 0.000000
42732.000000 0.000000
42734.000000 0.000000
42736.000000 0.000000
42738.000000 0.000000
42740.000000 0.000000
42742.000000 0.000000
42744.000000 0.000000
42746.000000 0.000000
42748.000000 0.000000
42750.000000 0.000000
42752.000000 0.000000
42754.000000 0.000000
42756.000000 0.000000
42758.000000 0.000000
42760.000000 0.000000
42762.000000 0.000000
42764.000000 0.000000
42766.000000 0.000000
42768.000000 0.000000
42770.000000 0.000000
42772.000000 0.000000
42774.000000 0.000000
42776.000000 0.000000
42778.000000 0.000000
42780.000000 0.000000
42782.000000 0.000000
42784.000000 0.000000
42786.000000 0.000000
42788.000000 0.000000
42790.000000 0.000000
42792.000000 0.000000
42794.000000 0.000000
42796.000000 0.000000
42798.000000 0.000000
42800.000000 0.000000
42802.000000 0.000000
42804.000000 0.000000
42806.000000 0.000000
42808.000000 0.000000
42810.000000 0.000000
42812.000000 0.000000
42814.000000 0.000000
42816.000000 0.000000
42818.000000 0.000000
42820.000000 0.000000
42822.000000 0.000000
42824.000000 0.000000
42826.000000 0.000000
42828.000000 0.000000
42830.000000 0.000000
42832.000000 0.000000
42834.000000 0.000000
42836.000000 0.000000
42838.000000 0.000000
42840.000000 0.000000
42842.000000 0.000000
42844.000000 0.000000
42846.000000 0.000000
42848.000000 0.000000
42850.000000 0.000000
42852.000000 0.000000
42854.000000 0.000000
42856.000000 0.000000
42858.000000 0.000000
42860.000000 0.000000
42862.000000 0.000000
42864.000000 0.000000
42866.000000 0.000000
42868.000000 0.000000
42870.000000 0.000000
42872.000000 0.000000
42874.000000 0.000000
42876.000000 0.000000
42878.000000 0.000000
42880.000000 0.000000
42882.000000 0.000000
42884.000000 0.000000
42886.000000 0.000000
42888.000000 0.000000
42890.000000 0.000000
42892.000000 0.000000
42894.000000 0.000000
42896.000000 0.000000
42898.000000 0.000000
42900.000000 0.000000
42902.000000 0.000000
42904.000000 0.000000
42906.000000 0.000000
42908.000000 0.000000
42910.000000 0.000000
42912.000000 0.000000
42914.000000 0.000000
42916.000000 0.000000
42918.000000 0.000000
42920.000000 0.000000
42922.000000 0.000000
42924.000000 0.000000
42926.000000 0.000000
42928.000000 0.000000
42930.000000 0.000000
42932.000000 0.000000
42934.000000 0.000000
42936.000000 0.000000
42938.000000 0.000000
42940.000000 0.000000
42942.000000 0.000000
42944.000000 0.000000
42946.000000 0.000000
42948.000000 -0.001068
42950.000000 -2.333718
42952.000000 -4.666367
42954.000000 -8.165340
42956.000000 -11.673217
42958.000000 -12.839542
42960.000000 -14.005867
42962.000000 -17.504840
42964.000000 -21.003814
42966.000000 -19.837489
42968.000000 -18.671165
42970.000000 -16.338516
42972.000000 -14.005867
42974.000000 -9.340568
42976.000000 -4.666367
42978.000000 -1.167393
42980.000000 0.000000
42982.000000 0.000000
42984.000000 0.000000
42986.000000 0.000000
42988.000000 0.000000
42990.000000 0.000000
42992.000000 0.000000
42994.000000 0.000000
42996.000000 0.000000
42998.000000 0.000000
43000.000000 0.000000
43002.000000 0.000000
43004.000000 0.000000
43006.000000 0.000000
43008.000000 0.000000
43010.000000 0.000000
43012.000000 0.000000
43014.000000 0.000000
43016.000000 0.000000
43018.000000 0.000000
43020.000000 0.000000
43022.000000 0.000000
43024.000000 0.000000
43026.000000 0.000000
43028.000000 0.000000
43030.000000 0.000000
43032.000000 0.000000
43034.000000 0.000000
43036.000000 0.000000
43038.000000 0.000000
43040.000000 0.000000
43042.000000 0.000000
43044.000000 0.000000
43046.000000 0.000000
43048.000000 0.000000
43050.000000 0.000000
43052.000000 0.000000
43054.000000 0.000000
43056.000000 0.000000
43058.000000 0.000000
43060.000000 0.000000
43062.000000 0.000000
43064.000000 0.000000
43066.000000 0.000000
43068.000000 0.000000
43070.000000 0.000000
43072.000000 0.000000
43074.000000 0.000000
43076.000000 0.000000
43078.000000 0.000000
43080.000000 0.000000
43082.000000 0.000000
43084.000000 0.000000
43086.000000 0.000000
43088.000000 0.000000
43090.000000 0.000000
43092.000000 0.000000
43094.000000 0.000000
43096.000000 0.000000
43098.000000 0.000000
43100.000000 0.000000
43102.000000 0.000000
43104.000000 -0.001068
43106.000000 -2.333718
43108.000000 -4.666367
43110.000000 -6.999016
43112.000000 -9.331665
43114.000000 -6.420305
43116.000000 -3.500042
43118.000000 -0.579779
43120.000000 0.000000
43122.000000 0.000000
43124.000000 0.000000
43126.000000 0.000000
43128.000000 0.000000
43130.000000 0.000000
43132.000000 0.000000
43134.000000 0.000000
43136.000000 0.000000
43138.000000 0.000000
43140.000000 0.000000
43142.000000 0.000000
43144.000000 -2.333718
43146.000000 -4.666367
43148.000000 -6.999016
43150.000000 -4.666367
43152.000000 -2.333718
43154.000000 -4.087656
43156.000000 -5.832691
43158.000000 -7.577727
43160.000000 -9.331665
43162.000000 -11.673217
43164.000000 -14.005867
43166.000000 -15.750902
43168.000000 -17.504840
43170.000000 -19.258779
43172.000000 -21.003814
43174.000000 -22.170139
43176.000000 -23.336463
43178.000000 -28.001762
43180.000000 -32.675963
43182.000000 -36.174937
43184.000000 -39.673911
43186.000000 -43.172884
43188.000000 -46.680761
43190.000000 -44.926823
43192.000000 -43.172884
43194.000000 -41.427849
43196.000000 -39.673911
43198.000000 -36.174937
43200.000000 -32.675963
43202.000000 -37.341261
43204.000000 -42.006560
43206.000000 -38.507586
43208.000000 -35.008612
43210.000000 -36.174937
43212.000000 -37.341261
43214.000000 -38.507586
43216.000000 -39.673911
43218.000000 -35.008612
43220.000000 -30.343314
43222.000000 -33.842288
43224.000000 -37.341261
43226.000000 -35.008612
43228.000000 -32.675963
43230.000000 -29.176989
43232.000000 -25.669112
43234.000000 -22.170139
43236.000000 -18.671165
43238.000000 -15.750902
43240.000000 -12.830639
43242.000000 -9.919279
43244.000000 -6.999016
43246.000000 -3.500042
43248.000000 -0.001068
43250.000000 -3.500042
43252.000000 -6.999016
43254.000000 -11.673217
43256.000000 -16.338516
43258.000000 -15.172191
43260.000000 -14.005867
43262.000000 -12.839542
43264.000000 -11.673217
43266.000000 -10.497990
43268.000000 -9.331665
43270.000000 -10.497990
43272.000000 -11.673217
43274.000000 -12.839542
43276.000000 -14.005867
43278.000000 -10.497990
43280.000000 -6.999016
43282.000000 -3.500042
43284.000000 -0.001068
43286.000000 0.385748
43288.000000 0.771496
43290.000000 1.157244
43292.000000 1.542992
43294.000000 1.928740
43296.000000 2.314487
43298.000000 2.700235
43300.000000 3.085983
43302.000000 3.471731
43304.000000 3.857479
43306.000000 4.243227
43308.000000 4.628975
43310.000000 5.014723
43312.000000 5.400471
43314.000000 5.786219
43316.000000 6.171967
43318.000000 6.557714
43320.000000 6.943462
43322.000000 7.329210
43324.000000 7.714958
43326.000000 8.100706
43328.000000 8.486454
43330.000000 8.872202
43332.000000 9.257950
43334.000000 9.643698
43336.000000 10.029446
43338.000000 10.415194
43340.000000 10.608068
43342.000000 10.608068
43344.000000 10.608068
43346.000000 10.608068
43348.000000 10.608068
43350.000000 10.608068
43352.000000 10.608068
43354.000000 10.608068
43356.000000 10.608068
43358.000000 10.608068
43360.000000 10.608068
43362.000000 10.608068
43364.000000 10.608068
43366.000000 10.608068
43368.000000 10.608068
43370.000000 10.608068
43372.000000 10.608068
43374.000000 10.608068
43376.000000 10.608068
43378.000000 10.608068
43380.000000 10.608068
43382.000000 10.608068
43384.000000 10.608068
43386.000000 10.608068
43388.000000 10.608068
43390.000000 10.608068
43392.000000 10.608068
43394.000000 10.608068
43396.000000 10.608068
43398.000000 10.608068
43400.000000 10.608068
43402.000000 10.608068
43404.000000 10.608068
43406.000000 10.608068
43408.000000 10.608068
43410.000000 10.608068
43412.000000 10.608068
43414.000000 10.608068
43416.000000 10.608068
43418.000000 10.608068
43420.000000 10.608068
43422.000000 10.608068
43424.000000 10.608068
43426.000000 10.608068
43428.000000 10.608068
43430.000000 10.608068
43432.000000 10.608068
43434.000000 2.828559
43436.000000 8.483087
43438.000000 12.723983
43440.000000 16.975671
43442.000000 12.723983
43444.000000 8.483087
43446.000000 2.828559
43448.000000 8.293580
43450.000000 8.679328
43452.000000 9.065076
43454.000000 9.450824
43456.000000 9.836572
43458.000000 10.222320
43460.000000 10.608068
43462.000000 10.608068
43464.000000 10.608068
43466.000000 10.222320
43468.000000 9.836572
43470.000000 9.450824
43472.000000 9.065076
43474.000000 8.679328
43476.000000 8.293580
43478.000000 7.907832
43480.000000 7.522084
43482.000000 7.136336
43484.000000 6.750588
43486.000000 6.364840
43488.000000 5.979093
43490.000000 5.593345
43492.000000 5.207597
43494.000000 4.821849
43496.000000 4.436101
43498.000000 0.001295
43500.000000 2.828559
43502.000000 5.655823
43504.000000 8.483087
43506.000000 9.896719
43508.000000 11.310351
43510.000000 12.723983
43512.000000 14.148406
43514.000000 12.723983
43516.000000 11.310351
43518.000000 8.483087
43520.000000 5.655823
43522.000000 4.242191
43524.000000 2.828559
43526.000000 0.001295
43528.000000 0.000000
43530.000000 2.828559
43532.000000 8.483087
43534.000000 11.321142
43536.000000 14.148406
43538.000000 13.436195
43540.000000 12.723983
43542.000000 12.022563
43544.000000 11.310351
43546.000000 12.723983
43548.000000 14.148406
43550.000000 16.975671
43552.000000 19.802935
43554.000000 18.389303
43556.000000 16.975671
43558.000000 15.562038
43560.000000 14.148406
43562.000000 12.734774
43564.000000 11.321142
43566.000000 9.896719
43568.000000 8.483087
43570.000000 7.069455
43572.000000 5.655823
43574.000000 3.529979
43576.000000 1.414927
43578.000000 0.000000
43580.000000 0.000000
43582.000000 0.000000
43584.000000 0.000000
43586.000000 0.000000
43588.000000 0.000000
43590.000000 0.000000
43592.000000 0.000000
43594.000000 0.000000
43596.000000 0.000000
43598.000000 0.000000
43600.000000 0.000000
43602.000000 0.000000
43604.000000 0.000000
43606.000000 0.000000
43608.000000 0.000000
43610.000000 0.000000
43612.000000 0.000000
43614.000000 0.000000
43616.000000 0.000000
43618.000000 0.000000
43620.000000 0.000000
43622.000000 0.000000
43624.000000 0.000000
43626.000000 0.000000
43628.000000 0.000000
43630.000000 0.000000
43632.000000 0.000000
43634.000000 0.000000
43636.000000 0.000000
43638.000000 0.000000
43640.000000 0.000000
43642.000000 0.000000
43644.000000 0.000000
43646.000000 0.000000
43648.000000 0.000000
43650.000000 0.000000
43652.000000 0.000000
43654.000000 0.000000
43656.000000 0.000000
43658.000000 0.000000
43660.000000 0.000000
43662.000000 0.000000
43664.000000 0.000000
43666.000000 0.000000
43668.000000 0.000000
43670.000000 0.000000
43672.000000 0.000000
43674.000000 0.000000
43676.000000 0.000000
43678.000000 0.000000
43680.000000 0.000000
43682.000000 0.000000
43684.000000 0.000000
43686.000000 0.000000
43688.000000 0.000000
43690.000000 0.000000
43692.000000 0.000000
43694.000000 0.000000
43696.000000 0.000000
43698.000000 0.000000
43700.000000 0.000000
43702.000000 0.000000
43704.000000 0.000000
43706.000000 0.000000
43708.000000 0.000000
43710.000000 0.000000
43712.000000 0.000000
43714.000000 0.000000
43716.000000 0.000000
43718.000000 0.000000
43720.000000 0.000000
43722.000000 0.000000
43724.000000 0.000000
43726.000000 0.000000
43728.000000 0.000000
43730.000000 0.000000
43732.000000 0.000000
43734.000000 0.000000
43736.000000 0.000000
43738.000000 0.000000
43740.000000 0.000000
43742.000000 0.000000
43744.000000 0.000000
43746.000000 0.000000
43748.000000 0.000000
43750.000000 0.000000
43752.000000 0.000000
43754.000000 0.000000
43756.000000 0.000000
43758.000000 0.000000
43760.000000 0.000000
43762.000000 0.000000
43764.000000 0.000000
43766.000000 0.000000
43768.000000 0.000000
43770.000000 0.000000
43772.000000 0.000000
43774.000000 0.000000
43776.000000 0.000000
43778.000000 0.000000
43780.000000 0.000000
43782.000000 0.000000
43784.000000 0.000000
43786.000000 0.000000
43788.000000 0.000000
43790.000000 0.000000
43792.000000 0.000000
43794.000000 0.000000
43796.000000 0.000000
43798.000000 0.000000
43800.000000 0.000000
43802.000000 0.000000
43804.000000 0.000000
43806.000000 0.000000
43808.000000 0.000000
43810.000000 0.000000
43812.000000 0.000000
43814.000000 0.000000
43816.000000 0.000000
43818.000000 0.000000
43820.000000 0.000000
43822.000000 0.000000
43824.000000 0.000000
43826.000000 0.000000
43828.000000 0.000000
43830.000000 0.000000
43832.000000 0.000000
43834.000000 0.000000
43836.000000 0.000000
43838.000000 0.000000
43840.000000 0.000000
43842.000000 0.000000
43844.000000 0.001295
43846.000000 1.414927
43848.000000 2.828559
43850.000000 2.127139
43852.000000 1.414927
43854.000000 0.702715
43856.000000 0.001295
43858.000000 0.000000
43860.000000 0.000000
43862.000000 0.000000
43864.000000 0.000000
43866.000000 0.000000
43868.000000 0.000000
43870.000000 0.000000
43872.000000 0.000000
43874.000000 0.000000
43876.000000 0.000000
43878.000000 0.000000
43880.000000 0.000000
43882.000000 0.000000
43884.000000 0.000000
43886.000000 0.000000
43888.000000 0.000000
43890.000000 0.000000
43892.000000 0.000000
43894.000000 0.000000
43896.000000 0.000000
43898.000000 0.000000
43900.000000 0.000000
43902.000000 0.000000
43904.000000 0.000000
43906.000000 0.000000
43908.000000 0.000000
43910.000000 0.000000
43912.000000 0.000000
43914.000000 0.000000
43916.000000 0.000000
43918.000000 0.000000
43920.000000 0.000000
43922.000000 0.000000
43924.000000 0.000000
43926.000000 0.000000
43928.000000 0.000000
43930.000000 0.000000
43932.000000 0.000000
43934.000000 0.000000
43936.000000 0.000000
43938.000000 0.000000
43940.000000 0.000000
43942.000000 0.000000
43944.000000 0.000000
43946.000000 0.000000
43948.000000 0.000000
43950.000000 0.000000
43952.000000 0.000000
43954.000000 0.000000
43956.000000 0.001295
43958.000000 4.242191
43960.000000 8.483087
43962.000000 9.896719
43964.000000 11.310351
43966.000000 19.802935
43968.000000 28.284727
43970.000000 35.363678
43972.000000 42.431838
43974.000000 43.133259
43976.000000 43.845470
43978.000000 44.557682
43980.000000 45.259102
43982.000000 45.960523
43984.000000 46.672734
43986.000000 47.384946
43988.000000 48.086367
43990.000000 50.924422
43992.000000 53.751686
43994.000000 48.097158
43996.000000 42.431838
43998.000000 38.190942
44000.000000 33.950046
44002.000000 31.111991
44004.000000 28.284727
44006.000000 24.043831
44008.000000 19.802935
44010.000000 9.896719
44012.000000 0.001295
44014.000000 0.000000
44016.000000 0.000000
44018.000000 0.000000
44020.000000 0.000000
44022.000000 0.000000
44024.000000 0.000000
44026.000000 0.000000
44028.000000 0.000000
44030.000000 0.000000
44032.000000 0.000000
44034.000000 0.000000
44036.000000 0.000000
44038.000000 0.000000
44040.000000 0.000000
44042.000000 0.000000
44044.000000 0.000000
44046.000000 0.000000
44048.000000 0.000000
44050.000000 0.000000
44052.000000 0.000000
44054.000000 0.000000
44056.000000 0.000000
44058.000000 0.000000
44060.000000 0.000000
44062.000000 0.000000
44064.000000 0.000000
44066.000000 0.000000
44068.000000 0.000000
44070.000000 0.000000
44072.000000 0.000000
44074.000000 0.000000
44076.000000 0.000000
44078.000000 0.000000
44080.000000 0.000000
44082.000000 0.000000
44084.000000 0.000000
44086.000000 0.000000
44088.000000 0.000000
44090.000000 0.000000
44092.000000 0.001295
44094.000000 0.000000
44096.000000 0.000000
44098.000000 0.000000
44100.000000 0.000000
44102.000000 0.000000
44104.000000 2.828559
44106.000000 4.242191
44108.000000 5.655823
44110.000000 7.069455
44112.000000 8.483087
44114.000000 6.357244
44116.000000 4.242191
44118.000000 2.127139
44120.000000 0.001295
44122.000000 0.000000
44124.000000 0.000000
44126.000000 0.000000
44128.000000 0.000000
44130.000000 0.001295
44132.000000 2.828559
44134.000000 1.414927
44136.000000 0.001295
44138.000000 0.000000
44140.000000 0.000000
44142.000000 0.000000
44144.000000 0.000000
44146.000000 0.000000
44148.000000 0.001295
44150.000000 2.127139
44152.000000 4.242191
44154.000000 6.357244
44156.000000 8.483087
44158.000000 12.723983
44160.000000 16.975671
44162.000000 21.216567
44164.000000 25.457463
44166.000000 24.043831
44168.000000 22.630199
44170.000000 21.216567
44172.000000 19.802935
44174.000000 25.457463
44176.000000 31.111991
44178.000000 32.536414
44180.000000 33.950046
44182.000000 26.881886
44184.000000 19.802935
44186.000000 18.389303
44188.000000 16.975671
44190.000000 18.389303
44192.000000 19.802935
44194.000000 18.389303
44196.000000 16.975671
44198.000000 8.493878
44200.000000 0.001295
44202.000000 0.000000
44204.000000 0.000000
44206.000000 0.000000
44208.000000 0.000000
44210.000000 0.000000
44212.000000 0.001295
44214.000000 0.000000
44216.000000 0.000000
44218.000000 1.414927
44220.000000 5.655823
44222.000000 7.069455
44224.000000 8.483087
44226.000000 9.896719
44228.000000 11.310351
44230.000000 15.551247
44232.000000 19.802935
44234.000000 20.515146
44236.000000 21.216567
44238.000000 21.917987
44240.000000 22.630199
44242.000000 25.457463
44244.000000 28.284727
44246.000000 25.457463
44248.000000 22.630199
44250.000000 21.216567
44252.000000 19.802935
44254.000000 18.389303
44256.000000 16.975671
44258.000000 18.033197
44260.000000 19.090723
44262.000000 20.159040
44264.000000 21.216567
44266.000000 22.274093
44268.000000 23.342410
44270.000000 24.399937
44272.000000 25.457463
44274.000000 22.630199
44276.000000 19.802935
44278.000000 16.975671
44280.000000 14.148406
44282.000000 16.975671
44284.000000 19.802935
44286.000000 18.389303
44288.000000 16.975671
44290.000000 15.562038
44292.000000 14.148406
44294.000000 8.493878
44296.000000 2.828559
44298.000000 1.414927
44300.000000 0.001295
44302.000000 0.000000
44304.000000 0.000000
44306.000000 1.414927
44308.000000 5.655823
44310.000000 7.069455
44312.000000 8.483087
44314.000000 9.896719
44316.000000 11.310351
44318.000000 8.483087
44320.000000 5.655823
44322.000000 7.069455
44324.000000 8.483087
44326.000000 11.321142
44328.000000 14.148406
44330.000000 21.216567
44332.000000 28.284727
44334.000000 26.871095
44336.000000 25.457463
44338.000000 23.342410
44340.000000 21.216567
44342.000000 19.090723
44344.000000 16.975671
44346.000000 18.389303
44348.000000 19.802935
44350.000000 22.630199
44352.000000 25.457463
44354.000000 28.284727
44356.000000 31.111991
44358.000000 35.363678
44360.000000 39.604574
44362.000000 41.018206
44364.000000 42.431838
44366.000000 43.845470
44368.000000 45.259102
44370.000000 41.018206
44372.000000 36.777310
44374.000000 38.190942
44376.000000 39.604574
44378.000000 35.363678
44380.000000 31.111991
44382.000000 26.871095
44384.000000 22.630199
44386.000000 19.802935
44388.000000 16.975671
44390.000000 8.493878
44392.000000 0.001295
44394.000000 0.000000
44396.000000 0.000000
44398.000000 0.000000
44400.000000 0.000000
44402.000000 0.000000
44404.000000 0.000000
44406.000000 0.000000
44408.000000 0.000000
44410.000000 0.000000
44412.000000 0.000000
44414.000000 0.000000
44416.000000 0.000000
44418.000000 0.000000
44420.000000 0.000000
44422.000000 0.000000
44424.000000 0.000000
44426.000000 0.000000
44428.000000 0.000000
44430.000000 0.000000
44432.000000 0.000000
44434.000000 0.000000
44436.000000 0.000000
44438.000000 0.000000
44440.000000 0.000000
44442.000000 0.000000
44444.000000 0.000000
44446.000000 0.000000
44448.000000 0.000000
44450.000000 0.000000
44452.000000 0.000000
44454.000000 0.000000
44456.000000 0.000000
44458.000000 0.000000
44460.000000 0.000000
44462.000000 0.000000
44464.000000 0.000000
44466.000000 0.000000
44468.000000 0.000000
44470.000000 0.000000
44472.000000 0.000000
44474.000000 0.000000
44476.000000 0.000000
44478.000000 0.000000
44480.000000 0.000000
44482.000000 0.000000
44484.000000 0.000000
44486.000000 0.000000
44488.000000 0.000000
44490.000000 0.000000
44492.000000 0.000000
44494.000000 0.000000
44496.000000 0.000000
44498.000000 0.000000
44500.000000 0.000000
44502.000000 0.000000
44504.000000 0.000000
44506.000000 0.000000
44508.000000 0.000000
44510.000000 0.000000
44512.000000 0.000000
44514.000000 0.000000
44516.000000 0.000000
44518.000000 0.000000
44520.000000 0.000000
44522.000000 0.000000
44524.000000 0.000000
44526.000000 0.000000
44528.000000 -4.666367
44530.000000 -8.165340
44532.000000 -11.673217
44534.000000 -12.839542
44536.000000 -14.005867
44538.000000 -12.839542
44540.000000 -11.673217
44542.000000 -15.172191
44544.000000 -18.671165
44546.000000 -15.750902
44548.000000 -12.830639
44550.000000 -9.919279
44552.000000 -6.999016
44554.000000 -2.333718
44556.000000 0.000000
44558.000000 0.000000
44560.000000 0.000000
44562.000000 -0.001068
44564.000000 -4.666367
44566.000000 -6.999016
44568.000000 -9.331665
44570.000000 -10.497990
44572.000000 -11.673217
44574.000000 -12.839542
44576.000000 -14.005867
44578.000000 -3.500042
44580.000000 0.000000
44582.000000 0.000000
44584.000000 0.000000
44586.000000 0.000000
44588.000000 0.000000
44590.000000 0.000000
44592.000000 0.000000
44594.000000 0.000000
44596.000000 0.000000
44598.000000 0.000000
44600.000000 0.000000
44602.000000 0.000000
44604.000000 0.000000
44606.000000 0.000000
44608.000000 0.000000
44610.000000 0.000000
44612.000000 0.000000
44614.000000 0.000000
44616.000000 0.000000
44618.000000 0.000000
44620.000000 0.000000
44622.000000 0.000000
44624.000000 0.000000
44626.000000 0.000000
44628.000000 2.828559
44630.000000 8.493878
44632.000000 14.148406
44634.000000 11.321142
44636.000000 8.483087
44638.000000 12.723983
44640.000000 16.975671
44642.000000 17.687882
44644.000000 18.389303
44646.000000 19.090723
44648.000000 19.802935
44650.000000 21.216567
44652.000000 22.630199
44654.000000 24.043831
44656.000000 25.457463
44658.000000 26.871095
44660.000000 28.284727
44662.000000 19.802935
44664.000000 11.310351
44666.000000 4.242191
44668.000000 0.000000
44670.000000 0.000000
44672.000000 0.000000
44674.000000 0.000000
44676.000000 0.000000
44678.000000 0.000000
44680.000000 0.000000
44682.000000 0.000000
44684.000000 0.000000
44686.000000 0.000000
44688.000000 0.000000
44690.000000 0.000000
44692.000000 0.000000
44694.000000 0.000000
44696.000000 0.000000
44698.000000 0.000000
44700.000000 0.000000
44702.000000 0.000000
44704.000000 0.000000
44706.000000 0.000000
44708.000000 0.000000
44710.000000 0.000000
44712.000000 0.000000
44714.000000 0.000000
44716.000000 0.000000
44718.000000 0.000000
44720.000000 0.000000
44722.000000 0.000000
44724.000000 0.000000
44726.000000 0.000000
44728.000000 0.000000
44730.000000 0.000000
44732.000000 1.414927
44734.000000 3.529979
44736.000000 5.655823
44738.000000 3.529979
44740.000000 1.414927
44742.000000 0.000000
44744.000000 0.000000
44746.000000 0.000000
44748.000000 0.001295
44750.000000 1.414927
44752.000000 2.828559
44754.000000 4.242191
44756.000000 5.655823
44758.000000 7.069455
44760.000000 8.483087
44762.000000 5.655823
44764.000000 2.828559
44766.000000 5.655823
44768.000000 8.483087
44770.000000 7.781667
44772.000000 7.069455
44774.000000 6.357244
44776.000000 5.655823
44778.000000 11.321142
44780.000000 16.975671
44782.000000 18.389303
44784.000000 19.802935
44786.000000 21.216567
44788.000000 22.630199
44790.000000 26.871095
44792.000000 31.111991
44794.000000 25.457463
44796.000000 19.802935
44798.000000 16.975671
44800.000000 14.148406
44802.000000 16.263459
44804.000000 18.389303
44806.000000 20.515146
44808.000000 22.630199
44810.000000 26.871095
44812.000000 31.111991
44814.000000 32.525623
44816.000000 33.939255
44818.000000 35.363678
44820.000000 36.777310
44822.000000 37.910374
44824.000000 39.043438
44826.000000 40.165711
44828.000000 41.298775
44830.000000 42.431838
44832.000000 43.564902
44834.000000 44.697966
44836.000000 45.820239
44838.000000 46.953303
44840.000000 48.086367
44842.000000 46.672734
44844.000000 45.259102
44846.000000 43.845470
44848.000000 42.431838
44850.000000 45.259102
44852.000000 48.086367
44854.000000 43.845470
44856.000000 39.604574
44858.000000 38.190942
44860.000000 36.777310
44862.000000 35.363678
44864.000000 33.950046
44866.000000 31.111991
44868.000000 28.284727
44870.000000 26.169674
44872.000000 24.043831
44874.000000 21.917987
44876.000000 19.802935
44878.000000 22.630199
44880.000000 25.457463
44882.000000 21.216567
44884.000000 16.975671
44886.000000 15.562038
44888.000000 14.148406
44890.000000 9.896719
44892.000000 5.655823
44894.000000 7.069455
44896.000000 8.483087
44898.000000 9.896719
44900.000000 11.310351
44902.000000 2.828559
44904.000000 0.000000
44906.000000 0.000000
44908.000000 0.001295
44910.000000 0.000000
44912.000000 0.000000
44914.000000 0.000000
44916.000000 0.000000
44918.000000 0.000000
44920.000000 0.000000
44922.000000 0.000000
44924.000000 0.000000
44926.000000 0.000000
44928.000000 0.000000
44930.000000 0.000000
44932.000000 0.000000
44934.000000 0.000000
44936.000000 0.000000
44938.000000 0.000000
44940.000000 0.000000
44942.000000 0.000000
44944.000000 0.000000
44946.000000 0.000000
44948.000000 0.000000
44950.000000 0.000000
44952.000000 0.000000
44954.000000 0.000000
44956.000000 0.000000
44958.000000 0.000000
44960.000000 0.000000
44962.000000 0.000000
44964.000000 0.000000
44966.000000 0.000000
44968.000000 0.000000
44970.000000 0.000000
44972.000000 0.000000
44974.000000 0.000000
44976.000000 0.001295
44978.000000 2.828559
44980.000000 5.655823
44982.000000 4.954403
44984.000000 4.242191
44986.000000 3.529979
44988.000000 2.828559
44990.000000 5.655823
44992.000000 8.483087
44994.000000 9.896719
44996.000000 11.310351
44998.000000 16.975671
45000.000000 22.630199
45002.000000 23.342410
45004.000000 24.043831
45006.000000 24.745251
45008.000000 25.457463
45010.000000 24.043831
45012.000000 22.630199
45014.000000 16.975671
45016.000000 11.310351
45018.000000 9.896719
45020.000000 8.483087
45022.000000 7.069455
45024.000000 5.655823
45026.000000 4.242191
45028.000000 2.828559
45030.000000 1.414927
45032.000000 0.001295
45034.000000 0.000000
45036.000000 0.000000
45038.000000 0.000000
45040.000000 0.000000
45042.000000 0.000000
45044.000000 0.000000
45046.000000 0.000000
45048.000000 0.000000
45050.000000 0.000000
45052.000000 0.000000
45054.000000 0.000000
45056.000000 0.000000
45058.000000 0.000000
45060.000000 0.000000
45062.000000 0.000000
45064.000000 0.000000
45066.000000 0.000000
45068.000000 0.000000
45070.000000 0.000000
45072.000000 0.000000
45074.000000 0.000000
45076.000000 0.000000
45078.000000 0.000000
45080.000000 0.000000
45082.000000 0.000000
45084.000000 0.000000
45086.000000 0.000000
45088.000000 0.000000
45090.000000 0.000000
45092.000000 0.000000
45094.000000 0.000000
45096.000000 0.000000
45098.000000 0.000000
45100.000000 0.000000
45102.000000 0.000000
45104.000000 0.000000
45106.000000 0.000000
45108.000000 0.000000
45110.000000 0.000000
45112.000000 0.000000
45114.000000 0.000000
45116.000000 0.000000
45118.000000 0.000000
45120.000000 0.000000
45122.000000 2.828559
45124.000000 14.148406
45126.000000 13.436195
45128.000000 12.723983
45130.000000 12.022563
45132.000000 11.310351
45134.000000 8.483087
45136.000000 5.655823
45138.000000 4.242191
45140.000000 2.828559
45142.000000 1.414927
45144.000000 0.001295
45146.000000 1.414927
45148.000000 2.828559
45150.000000 0.000000
45152.000000 0.000000
45154.000000 0.000000
45156.000000 0.000000
45158.000000 0.000000
45160.000000 0.000000
45162.000000 0.000000
45164.000000 0.000000
45166.000000 0.000000
45168.000000 0.000000
45170.000000 0.000000
45172.000000 0.000000
45174.000000 0.000000
45176.000000 0.000000
45178.000000 0.000000
45180.000000 0.000000
45182.000000 0.000000
45184.000000 2.828559
45186.000000 4.242191
45188.000000 5.655823
45190.000000 7.069455
45192.000000 8.483087
45194.000000 9.896719
45196.000000 11.310351
45198.000000 14.148406
45200.000000 16.975671
45202.000000 18.389303
45204.000000 19.802935
45206.000000 11.321142
45208.000000 2.828559
45210.000000 0.001295
45212.000000 0.000000
45214.000000 0.000000
45216.000000 0.000000
45218.000000 1.414927
45220.000000 8.483087
45222.000000 12.723983
45224.000000 16.975671
45226.000000 21.216567
45228.000000 25.457463
45230.000000 24.043831
45232.000000 22.630199
45234.000000 25.457463
45236.000000 28.284727
45238.000000 32.536414
45240.000000 36.777310
45242.000000 33.939255
45244.000000 31.111991
45246.000000 29.698359
45248.000000 28.284727
45250.000000 32.536414
45252.000000 36.777310
45254.000000 32.536414
45256.000000 28.284727
45258.000000 36.766519
45260.000000 45.259102
45262.000000 39.604574
45264.000000 33.950046
45266.000000 35.363678
45268.000000 36.777310
45270.000000 35.363678
45272.000000 33.950046
45274.000000 32.536414
45276.000000 31.111991
45278.000000 28.996938
45280.000000 26.871095
45282.000000 24.745251
45284.000000 22.630199
45286.000000 24.043831
45288.000000 25.457463
45290.000000 32.536414
45292.000000 39.604574
45294.000000 43.845470
45296.000000 48.086367
45298.000000 49.499999
45300.000000 50.913631
45302.000000 49.499999
45304.000000 48.086367
45306.000000 49.499999
45308.000000 50.913631
45310.000000 52.327263
45312.000000 53.751686
45314.000000 55.165318
45316.000000 56.578950
45318.000000 53.751686
45320.000000 50.913631
45322.000000 48.086367
45324.000000 45.259102
45326.000000 46.672734
45328.000000 48.086367
45330.000000 46.672734
45332.000000 45.259102
45334.000000 36.766519
45336.000000 28.284727
45338.000000 26.871095
45340.000000 25.457463
45342.000000 26.871095
45344.000000 28.284727
45346.000000 31.111991
45348.000000 33.950046
45350.000000 32.536414
45352.000000 31.111991
45354.000000 29.698359
45356.000000 28.284727
45358.000000 25.457463
45360.000000 22.630199
45362.000000 19.802935
45364.000000 16.975671
45366.000000 12.723983
45368.000000 8.483087
45370.000000 7.069455
45372.000000 5.655823
45374.000000 0.000000
45376.000000 0.000000
45378.000000 0.000000
45380.000000 0.000000
45382.000000 0.000000
45384.000000 0.000000
45386.000000 0.000000
45388.000000 0.000000
45390.000000 0.000000
45392.000000 0.000000
45394.000000 0.000000
45396.000000 0.000000
45398.000000 0.000000
45400.000000 0.000000
45402.000000 0.000000
45404.000000 0.000000
45406.000000 0.000000
45408.000000 0.000000
45410.000000 0.000000
45412.000000 0.000000
45414.000000 0.000000
45416.000000 0.000000
45418.000000 0.000000
45420.000000 0.000000
45422.000000 0.000000
45424.000000 0.000000
45426.000000 0.000000
45428.000000 0.000000
45430.000000 0.000000
45432.000000 0.000000
45434.000000 0.000000
45436.000000 0.000000
45438.000000 0.000000
45440.000000 0.000000
45442.000000 0.000000
45444.000000 0.000000
45446.000000 0.000000
45448.000000 5.655823
45450.000000 9.896719
45452.000000 14.148406
45454.000000 16.975671
45456.000000 19.802935
45458.000000 26.881886
45460.000000 33.950046
45462.000000 35.363678
45464.000000 36.777310
45466.000000 38.190942
45468.000000 39.604574
45470.000000 41.018206
45472.000000 42.431838
45474.000000 45.259102
45476.000000 48.086367
45478.000000 50.924422
45480.000000 53.751686
45482.000000 56.578950
45484.000000 59.406214
45486.000000 62.233478
45488.000000 65.060742
45490.000000 60.819846
45492.000000 56.578950
45494.000000 55.165318
45496.000000 53.751686
45498.000000 65.060742
45500.000000 76.380590
45502.000000 84.864540
45504.000000 84.864540
45506.000000 84.864540
45508.000000 84.864540
45510.000000 84.864540
45512.000000 84.864540
45514.000000 84.864540
45516.000000 84.864540
45518.000000 84.864540
45520.000000 84.864540
45522.000000 84.864540
45524.000000 84.864540
45526.000000 84.864540
45528.000000 84.864540
45530.000000 84.864540
45532.000000 84.864540
45534.000000 84.864540
45536.000000 84.864540
45538.000000 84.864540
45540.000000 84.864540
45542.000000 84.864540
45544.000000 84.864540
45546.000000 84.864540
45548.000000 84.864540
45550.000000 84.864540
45552.000000 84.864540
45554.000000 84.864540
45556.000000 84.864540
45558.000000 84.864540
45560.000000 84.864540
45562.000000 84.864540
45564.000000 84.864540
45566.000000 84.864540
45568.000000 84.864540
45570.000000 84.864540
45572.000000 84.864540
45574.000000 84.864540
45576.000000 84.864540
45578.000000 84.864540
45580.000000 84.864540
45582.000000 84.864540
45584.000000 84.862382
45586.000000 80.621486
45588.000000 76.380590
45590.000000 75.679169
45592.000000 74.966957
45594.000000 74.254746
45596.000000 73.553325
45598.000000 72.139693
45600.000000 70.715270
45602.000000 67.888006
45604.000000 65.060742
45606.000000 62.233478
45608.000000 59.406214
45610.000000 57.992582
45612.000000 56.578950
45614.000000 55.165318
45616.000000 53.751686
45618.000000 50.924422
45620.000000 48.086367
45622.000000 49.499999
45624.000000 50.924422
45626.000000 52.338054
45628.000000 53.751686
45630.000000 56.578950
45632.000000 59.406214
45634.000000 55.154527
45636.000000 50.913631
45638.000000 49.499999
45640.000000 48.086367
45642.000000 50.924422
45644.000000 53.751686
45646.000000 54.463897
45648.000000 55.165318
45650.000000 55.866738
45652.000000 56.578950
45654.000000 53.751686
45656.000000 50.913631
45658.000000 48.787787
45660.000000 46.672734
45662.000000 44.557682
45664.000000 42.431838
45666.000000 43.845470
45668.000000 45.259102
45670.000000 46.672734
45672.000000 48.086367
45674.000000 45.259102
45676.000000 42.431838
45678.000000 43.845470
45680.000000 45.259102
45682.000000 46.672734
45684.000000 48.086367
45686.000000 45.259102
45688.000000 42.431838
45690.000000 43.133259
45692.000000 43.845470
45694.000000 44.557682
45696.000000 45.259102
45698.000000 45.960523
45700.000000 46.672734
45702.000000 47.384946
45704.000000 48.086367
45706.000000 46.672734
45708.000000 45.259102
45710.000000 46.672734
45712.000000 48.086367
45714.000000 49.499999
45716.000000 50.913631
45718.000000 48.787787
45720.000000 46.672734
45722.000000 44.557682
45724.000000 42.431838
45726.000000 41.018206
45728.000000 39.604574
45730.000000 38.190942
45732.000000 36.777310
45734.000000 34.651467
45736.000000 32.536414
45738.000000 30.410570
45740.000000 28.284727
45742.000000 32.536414
45744.000000 36.777310
45746.000000 39.604574
45748.000000 42.431838
45750.000000 41.018206
45752.000000 39.604574
45754.000000 38.190942
45756.000000 36.777310
45758.000000 33.939255
45760.000000 31.111991
45762.000000 32.536414
45764.000000 33.950046
45766.000000 32.536414
45768.000000 31.111991
45770.000000 36.766519
45772.000000 42.431838
45774.000000 48.097158
45776.000000 53.751686
45778.000000 60.819846
45780.000000 67.888006
45782.000000 60.819846
45784.000000 53.751686
45786.000000 52.327263
45788.000000 50.913631
45790.000000 52.327263
45792.000000 53.751686
45794.000000 49.499999
45796.000000 45.259102
45798.000000 47.384946
45800.000000 49.499999
45802.000000 51.625842
45804.000000 53.751686
45806.000000 57.992582
45808.000000 62.233478
45810.000000 60.819846
45812.000000 59.406214
45814.000000 65.060742
45816.000000 70.715270
45818.000000 72.139693
45820.000000 73.553325
45822.000000 70.715270
45824.000000 67.888006
45826.000000 65.060742
45828.000000 62.233478
45830.000000 65.060742
45832.000000 67.888006
45834.000000 69.301638
45836.000000 70.715270
45838.000000 69.301638
45840.000000 67.888006
45842.000000 66.474374
45844.000000 65.060742
45846.000000 62.233478
45848.000000 59.406214
45850.000000 55.154527
45852.000000 50.913631
45854.000000 49.499999
45856.000000 48.086367
45858.000000 55.154527
45860.000000 62.233478
45862.000000 60.819846
45864.000000 59.406214
45866.000000 50.924422
45868.000000 42.431838
45870.000000 43.845470
45872.000000 45.259102
45874.000000 42.431838
45876.000000 39.604574
45878.000000 43.845470
45880.000000 48.086367
45882.000000 46.672734
45884.000000 45.259102
45886.000000 48.086367
45888.000000 50.913631
45890.000000 49.499999
45892.000000 48.086367
45894.000000 49.499999
45896.000000 50.924422
45898.000000 52.338054
45900.000000 53.751686
45902.000000 52.327263
45904.000000 50.913631
45906.000000 48.086367
45908.000000 45.259102
45910.000000 42.431838
45912.000000 39.604574
45914.000000 38.903154
45916.000000 38.190942
45918.000000 37.478731
45920.000000 36.777310
45922.000000 28.284727
45924.000000 19.802935
45926.000000 21.216567
45928.000000 22.630199
45930.000000 21.216567
45932.000000 19.802935
45934.000000 18.389303
45936.000000 16.975671
45938.000000 19.802935
45940.000000 22.630199
45942.000000 25.457463
45944.000000 28.284727
45946.000000 29.698359
45948.000000 31.111991
45950.000000 25.457463
45952.000000 19.802935
45954.000000 22.630199
45956.000000 25.457463
45958.000000 32.536414
45960.000000 39.604574
45962.000000 38.190942
45964.000000 36.777310
45966.000000 36.075890
45968.000000 35.363678
45970.000000 34.651467
45972.000000 33.950046
45974.000000 31.111991
45976.000000 28.284727
45978.000000 26.871095
45980.000000 25.457463
45982.000000 19.802935
45984.000000 14.148406
45986.000000 14.860618
45988.000000 15.562038
45990.000000 16.263459
45992.000000 16.975671
45994.000000 21.216567
45996.000000 25.457463
45998.000000 28.284727
46000.000000 31.111991
46002.000000 36.766519
46004.000000 42.431838
46006.000000 41.018206
46008.000000 39.604574
46010.000000 38.903154
46012.000000 38.190942
46014.000000 37.478731
46016.000000 36.777310
46018.000000 35.363678
46020.000000 33.950046
46022.000000 29.709150
46024.000000 25.457463
46026.000000 19.802935
46028.000000 14.148406
46030.000000 8.493878
46032.000000 2.828559
46034.000000 0.001295
46036.000000 0.000000
46038.000000 0.000000
46040.000000 0.000000
46042.000000 0.000000
46044.000000 0.000000
46046.000000 0.000000
46048.000000 0.000000
46050.000000 0.000000
46052.000000 0.000000
46054.000000 0.000000
46056.000000 0.000000
46058.000000 0.702715
46060.000000 2.828559
46062.000000 9.896719
46064.000000 16.975671
46066.000000 18.389303
46068.000000 19.802935
46070.000000 20.515146
46072.000000 21.216567
46074.000000 21.917987
46076.000000 22.630199
46078.000000 21.216567
46080.000000 19.802935
46082.000000 18.389303
46084.000000 16.975671
46086.000000 18.389303
46088.000000 19.802935
46090.000000 22.630199
46092.000000 25.457463
46094.000000 22.630199
46096.000000 19.802935
46098.000000 16.975671
46100.000000 14.148406
46102.000000 15.562038
46104.000000 16.975671
46106.000000 15.562038
46108.000000 14.148406
46110.000000 15.562038
46112.000000 16.975671
46114.000000 12.723983
46116.000000 8.483087
46118.000000 9.896719
46120.000000 11.310351
46122.000000 9.896719
46124.000000 8.483087
46126.000000 5.655823
46128.000000 2.828559
46130.000000 0.000000
46132.000000 0.000000
46134.000000 0.000000
46136.000000 0.000000
46138.000000 0.000000
46140.000000 0.000000
46142.000000 0.000000
46144.000000 0.001295
46146.000000 12.723983
46148.000000 25.457463
46150.000000 28.284727
46152.000000 31.111991
46154.000000 38.190942
46156.000000 45.259102
46158.000000 48.086367
46160.000000 50.913631
46162.000000 53.751686
46164.000000 56.578950
46166.000000 55.165318
46168.000000 53.751686
46170.000000 55.165318
46172.000000 56.578950
46174.000000 59.406214
46176.000000 62.233478
46178.000000 65.060742
46180.000000 67.888006
46182.000000 63.647110
46184.000000 59.406214
46186.000000 55.154527
46188.000000 50.913631
46190.000000 52.327263
46192.000000 53.751686
46194.000000 52.327263
46196.000000 50.913631
46198.000000 49.499999
46200.000000 48.086367
46202.000000 46.672734
46204.000000 45.259102
46206.000000 46.672734
46208.000000 48.086367
46210.000000 45.960523
46212.000000 43.845470
46214.000000 41.730418
46216.000000 39.604574
46218.000000 35.363678
46220.000000 31.111991
46222.000000 29.698359
46224.000000 28.284727
46226.000000 27.572515
46228.000000 26.871095
46230.000000 26.169674
46232.000000 25.457463
46234.000000 21.216567
46236.000000 16.975671
46238.000000 18.389303
46240.000000 19.802935
46242.000000 21.216567
46244.000000 22.630199
46246.000000 15.551247
46248.000000 8.483087
46250.000000 7.069455
46252.000000 5.655823
46254.000000 4.242191
46256.000000 2.828559
46258.000000 4.242191
46260.000000 5.655823
46262.000000 6.357244
46264.000000 7.069455
46266.000000 7.781667
46268.000000 8.483087
46270.000000 11.321142
46272.000000 14.148406
46274.000000 16.975671
46276.000000 19.802935
46278.000000 21.216567
46280.000000 22.630199
46282.000000 26.871095
46284.000000 31.111991
46286.000000 33.939255
46288.000000 36.777310
46290.000000 31.111991
46292.000000 25.457463
46294.000000 24.043831
46296.000000 22.630199
46298.000000 25.457463
46300.000000 28.284727
46302.000000 29.698359
46304.000000 31.111991
46306.000000 32.536414
46308.000000 33.950046
46310.000000 26.881886
46312.000000 19.802935
46314.000000 18.389303
46316.000000 16.975671
46318.000000 19.802935
46320.000000 22.630199
46322.000000 24.043831
46324.000000 25.457463
46326.000000 26.871095
46328.000000 28.284727
46330.000000 35.363678
46332.000000 42.431838
46334.000000 41.018206
46336.000000 39.604574
46338.000000 41.018206
46340.000000 42.431838
46342.000000 43.845470
46344.000000 45.259102
46346.000000 43.845470
46348.000000 42.431838
46350.000000 45.259102
46352.000000 48.086367
46354.000000 46.672734
46356.000000 45.259102
46358.000000 43.845470
46360.000000 42.431838
46362.000000 40.305995
46364.000000 38.190942
46366.000000 36.075890
46368.000000 33.950046
46370.000000 31.111991
46372.000000 28.284727
46374.000000 26.871095
46376.000000 25.457463
46378.000000 24.043831
46380.000000 22.630199
46382.000000 21.216567
46384.000000 19.802935
46386.000000 18.389303
46388.000000 16.975671
46390.000000 18.389303
46392.000000 19.802935
46394.000000 16.975671
46396.000000 14.148406
46398.000000 11.321142
46400.000000 8.483087
46402.000000 2.828559
46404.000000 0.000000
46406.000000 0.000000
46408.000000 0.000000
46410.000000 0.000000
46412.000000 0.000000
46414.000000 0.000000
46416.000000 0.000000
46418.000000 0.000000
46420.000000 0.000000
46422.000000 0.000000
46424.000000 0.000000
46426.000000 0.000000
46428.000000 0.000000
46430.000000 0.000000
46432.000000 0.000000
46434.000000 0.001295
46436.000000 2.828559
46438.000000 5.655823
46440.000000 8.483087
46442.000000 11.321142
46444.000000 14.148406
46446.000000 11.321142
46448.000000 8.483087
46450.000000 12.723983
46452.000000 16.975671
46454.000000 14.148406
46456.000000 11.310351
46458.000000 7.069455
46460.000000 2.828559
46462.000000 0.000000
46464.000000 0.000000
46466.000000 0.000000
46468.000000 0.000000
46470.000000 0.000000
46472.000000 0.000000
46474.000000 0.000000
46476.000000 0.000000
46478.000000 0.000000
46480.000000 0.000000
46482.000000 0.000000
46484.000000 0.000000
46486.000000 0.000000
46488.000000 0.000000
46490.000000 0.000000
46492.000000 0.000000
46494.000000 0.000000
46496.000000 0.000000
46498.000000 0.000000
46500.000000 0.000000
46502.000000 0.000000
46504.000000 0.000000
46506.000000 0.000000
46508.000000 0.000000
46510.000000 0.000000
46512.000000 0.000000
46514.000000 0.000000
46516.000000 0.000000
46518.000000 0.000000
46520.000000 0.000000
46522.000000 0.000000
46524.000000 0.000000
46526.000000 0.000000
46528.000000 0.000000
46530.000000 0.000000
46532.000000 0.000000
46534.000000 0.000000
46536.000000 0.000000
46538.000000 0.000000
46540.000000 0.000000
46542.000000 0.000000
46544.000000 0.000000
46546.000000 0.000000
46548.000000 0.000000
46550.000000 0.000000
46552.000000 0.000000
46554.000000 0.000000
46556.000000 0.000000
46558.000000 0.000000
46560.000000 0.000000
46562.000000 0.000000
46564.000000 0.000000
46566.000000 0.000000
46568.000000 0.000000
46570.000000 0.000000
46572.000000 0.000000
46574.000000 0.000000
46576.000000 0.000000
46578.000000 0.000000
46580.000000 0.000000
46582.000000 0.000000
46584.000000 0.000000
46586.000000 0.000000
46588.000000 0.000000
46590.000000 0.000000
46592.000000 0.000000
46594.000000 0.000000
46596.000000 0.000000
46598.000000 0.000000
46600.000000 0.000000
46602.000000 0.000000
46604.000000 0.000000
46606.000000 0.000000
46608.000000 0.000000
46610.000000 0.000000
46612.000000 0.000000
46614.000000 0.000000
46616.000000 0.000000
46618.000000 0.000000
46620.000000 0.000000
46622.000000 0.000000
46624.000000 0.000000
46626.000000 0.000000
46628.000000 0.000000
46630.000000 0.000000
46632.000000 0.000000
46634.000000 0.000000
46636.000000 0.000000
46638.000000 0.000000
46640.000000 0.000000
46642.000000 0.000000
46644.000000 0.000000
46646.000000 0.000000
46648.000000 0.000000
46650.000000 0.000000
46652.000000 0.000000
46654.000000 0.000000
46656.000000 0.000000
46658.000000 0.000000
46660.000000 0.000000
46662.000000 0.000000
46664.000000 0.000000
46666.000000 0.000000
46668.000000 0.000000
46670.000000 0.000000
46672.000000 0.000000
46674.000000 0.000000
46676.000000 0.000000
46678.000000 0.000000
46680.000000 0.000000
46682.000000 0.000000
46684.000000 0.000000
46686.000000 0.000000
46688.000000 0.000000
46690.000000 0.000000
46692.000000 0.000000
46694.000000 0.000000
46696.000000 0.000000
46698.000000 0.000000
46700.000000 0.000000
46702.000000 0.000000
46704.000000 0.000000
46706.000000 0.000000
46708.000000 0.000000
46710.000000 0.000000
46712.000000 0.000000
46714.000000 0.000000
46716.000000 0.000000
46718.000000 0.000000
46720.000000 0.000000
46722.000000 0.000000
46724.000000 0.000000
46726.000000 1.414927
46728.000000 5.666614
46730.000000 9.907510
46732.000000 14.148406
46734.000000 18.389303
46736.000000 22.630199
46738.000000 24.043831
46740.000000 25.457463
46742.000000 26.871095
46744.000000 28.284727
46746.000000 31.111991
46748.000000 33.950046
46750.000000 31.111991
46752.000000 28.284727
46754.000000 29.698359
46756.000000 31.111991
46758.000000 33.939255
46760.000000 36.777310
46762.000000 42.431838
46764.000000 48.086367
46766.000000 49.499999
46768.000000 50.913631
46770.000000 48.086367
46772.000000 45.259102
46774.000000 42.431838
46776.000000 39.604574
46778.000000 38.190942
46780.000000 36.777310
46782.000000 33.939255
46784.000000 31.111991
46786.000000 26.871095
46788.000000 22.630199
46790.000000 21.216567
46792.000000 19.802935
46794.000000 18.389303
46796.000000 16.975671
46798.000000 29.709150
46800.000000 42.431838
46802.000000 46.672734
46804.000000 50.913631
46806.000000 46.672734
46808.000000 42.431838
46810.000000 40.305995
46812.000000 38.190942
46814.000000 36.075890
46816.000000 33.950046
46818.000000 35.363678
46820.000000 36.777310
46822.000000 38.190942
46824.000000 39.604574
46826.000000 38.190942
46828.000000 36.777310
46830.000000 33.939255
46832.000000 31.111991
46834.000000 27.572515
46836.000000 24.043831
46838.000000 20.515146
46840.000000 16.975671
46842.000000 11.321142
46844.000000 5.655823
46846.000000 4.242191
46848.000000 2.828559
46850.000000 0.000000
46852.000000 0.000000
46854.000000 0.000000
46856.000000 0.000000
46858.000000 0.000000
46860.000000 0.000000
46862.000000 0.000000
46864.000000 0.000000
46866.000000 0.000000
46868.000000 0.000000
46870.000000 0.000000
46872.000000 0.000000
46874.000000 0.000000
46876.000000 0.000000
46878.000000 0.000000
46880.000000 0.000000
46882.000000 0.000000
46884.000000 0.000000
46886.000000 0.000000
46888.000000 0.000000
46890.000000 0.000000
46892.000000 0.000000
46894.000000 0.000000
46896.000000 0.000000
46898.000000 0.000000
46900.000000 0.000000
46902.000000 0.000000
46904.000000 0.000000
46906.000000 0.000000
46908.000000 0.000000
46910.000000 0.000000
46912.000000 0.000000
46914.000000 0.000000
46916.000000 0.000000
46918.000000 0.000000
46920.000000 0.000000
46922.000000 0.000000
46924.000000 0.000000
46926.000000 0.000000
46928.000000 0.000000
46930.000000 0.000000
46932.000000 0.000000
46934.000000 0.000000
46936.000000 0.000000
46938.000000 0.000000
46940.000000 0.000000
46942.000000 0.000000
46944.000000 0.000000
46946.000000 0.000000
46948.000000 0.000000
46950.000000 0.000000
46952.000000 0.000000
46954.000000 0.000000
46956.000000 0.000000
46958.000000 0.000000
46960.000000 0.000000
46962.000000 0.000000
46964.000000 0.000000
46966.000000 0.000000
46968.000000 0.000000
46970.000000 0.000000
46972.000000 0.000000
46974.000000 0.000000
46976.000000 0.000000
46978.000000 0.000000
46980.000000 0.000000
46982.000000 0.000000
46984.000000 0.000000
46986.000000 0.000000
46988.000000 0.000000
46990.000000 0.000000
46992.000000 0.000000
46994.000000 0.000000
46996.000000 0.000000
46998.000000 0.000000
47000.000000 0.000000
47002.000000 0.000000
47004.000000 0.000000
47006.000000 0.000000
47008.000000 0.000000
47010.000000 0.000000
47012.000000 0.000000
47014.000000 0.000000
47016.000000 0.001295
47018.000000 0.000000
47020.000000 0.000000
47022.000000 0.000000
47024.000000 0.000000
47026.000000 0.000000
47028.000000 0.000000
47030.000000 0.000000
47032.000000 0.000000
47034.000000 0.000000
47036.000000 0.000000
47038.000000 0.000000
47040.000000 5.655823
47042.000000 8.483087
47044.000000 11.310351
47046.000000 7.069455
47048.000000 2.828559
47050.000000 0.940119
47052.000000 0.000000
47054.000000 0.000000
47056.000000 0.000000
47058.000000 0.000000
47060.000000 0.000000
47062.000000 0.000000
47064.000000 0.000000
47066.000000 0.000000
47068.000000 0.000000
47070.000000 0.000000
47072.000000 0.000000
47074.000000 0.000000
47076.000000 0.000000
47078.000000 0.000000
47080.000000 0.000000
47082.000000 0.000000
47084.000000 0.000000
47086.000000 0.702715
47088.000000 4.242191
47090.000000 7.781667
47092.000000 11.310351
47094.000000 9.896719
47096.000000 8.483087
47098.000000 11.321142
47100.000000 14.148406
47102.000000 9.896719
47104.000000 5.655823
47106.000000 4.242191
47108.000000 2.828559
47110.000000 1.414927
47112.000000 0.001295
47114.000000 0.000000
47116.000000 0.000000
47118.000000 0.702715
47120.000000 4.242191
47122.000000 7.781667
47124.000000 11.310351
47126.000000 14.148406
47128.000000 16.975671
47130.000000 18.389303
47132.000000 19.802935
47134.000000 22.630199
47136.000000 25.457463
47138.000000 22.630199
47140.000000 19.802935
47142.000000 18.389303
47144.000000 16.975671
47146.000000 18.389303
47148.000000 19.802935
47150.000000 24.043831
47152.000000 28.284727
47154.000000 32.536414
47156.000000 36.777310
47158.000000 38.190942
47160.000000 39.604574
47162.000000 36.777310
47164.000000 33.950046
47166.000000 31.111991
47168.000000 28.284727
47170.000000 25.457463
47172.000000 22.630199
47174.000000 25.457463
47176.000000 28.284727
47178.000000 26.871095
47180.000000 25.457463
47182.000000 26.871095
47184.000000 28.284727
47186.000000 26.871095
47188.000000 25.457463
47190.000000 24.043831
47192.000000 22.630199
47194.000000 24.043831
47196.000000 25.457463
47198.000000 28.284727
47200.000000 31.111991
47202.000000 33.950046
47204.000000 36.777310
47206.000000 33.939255
47208.000000 31.111991
47210.000000 28.284727
47212.000000 25.457463
47214.000000 31.111991
47216.000000 36.777310
47218.000000 42.431838
47220.000000 48.086367
47222.000000 47.611559
47224.000000 47.147542
47226.000000 46.672734
47228.000000 46.197927
47230.000000 45.733910
47232.000000 45.259102
47234.000000 43.845470
47236.000000 42.431838
47238.000000 39.604574
47240.000000 36.777310
47242.000000 33.939255
47244.000000 31.111991
47246.000000 28.284727
47248.000000 25.457463
47250.000000 22.630199
47252.000000 19.802935
47254.000000 22.630199
47256.000000 25.457463
47258.000000 24.043831
47260.000000 22.630199
47262.000000 23.342410
47264.000000 24.043831
47266.000000 24.745251
47268.000000 25.457463
47270.000000 19.802935
47272.000000 14.148406
47274.000000 7.069455
47276.000000 0.001295
47278.000000 0.000000
47280.000000 0.000000
47282.000000 0.000000
47284.000000 0.000000
47286.000000 0.000000
47288.000000 0.000000
47290.000000 0.000000
47292.000000 0.001295
47294.000000 1.414927
47296.000000 2.828559
47298.000000 5.655823
47300.000000 8.483087
47302.000000 0.000000
47304.000000 0.000000
47306.000000 0.000000
47308.000000 0.000000
47310.000000 0.000000
47312.000000 0.000000
47314.000000 0.000000
47316.000000 0.000000
47318.000000 0.000000
47320.000000 0.000000
47322.000000 0.000000
47324.000000 0.000000
47326.000000 0.000000
47328.000000 0.000000
47330.000000 0.000000
47332.000000 0.001295
47334.000000 1.414927
47336.000000 2.828559
47338.000000 4.242191
47340.000000 5.655823
47342.000000 1.414927
47344.000000 0.000000
47346.000000 0.000000
47348.000000 0.000000
47350.000000 0.000000
47352.000000 0.000000
47354.000000 0.000000
47356.000000 0.000000
47358.000000 0.000000
47360.000000 0.000000
47362.000000 0.000000
47364.000000 0.000000
47366.000000 0.000000
47368.000000 0.000000
47370.000000 0.000000
47372.000000 0.000000
47374.000000 0.000000
47376.000000 0.000000
47378.000000 0.000000
47380.000000 0.000000
47382.000000 0.000000
47384.000000 0.000000
47386.000000 0.000000
47388.000000 0.000000
47390.000000 0.000000
47392.000000 0.000000
47394.000000 0.000000
47396.000000 0.000000
47398.000000 0.000000
47400.000000 0.000000
47402.000000 0.000000
47404.000000 0.000000
47406.000000 0.000000
47408.000000 0.000000
47410.000000 0.000000
47412.000000 0.000000
47414.000000 0.000000
47416.000000 0.000000
47418.000000 0.000000
47420.000000 0.000000
47422.000000 0.000000
47424.000000 0.001295
47426.000000 1.414927
47428.000000 2.828559
47430.000000 0.000000
47432.000000 0.000000
47434.000000 0.000000
47436.000000 0.000000
47438.000000 0.000000
47440.000000 0.000000
47442.000000 0.000000
47444.000000 0.000000
47446.000000 0.000000
47448.000000 0.000000
47450.000000 0.000000
47452.000000 0.000000
47454.000000 0.000000
47456.000000 0.000000
47458.000000 0.000000
47460.000000 0.000000
47462.000000 0.000000
47464.000000 0.000000
47466.000000 0.000000
47468.000000 0.000000
47470.000000 0.000000
47472.000000 0.000000
47474.000000 0.000000
47476.000000 0.000000
47478.000000 0.000000
47480.000000 0.000000
47482.000000 0.000000
47484.000000 0.000000
47486.000000 0.000000
47488.000000 0.000000
47490.000000 0.000000
47492.000000 0.000000
47494.000000 0.000000
47496.000000 -0.001068
47498.000000 -5.832691
47500.000000 -11.673217
47502.000000 -10.497990
47504.000000 -9.331665
47506.000000 -3.500042
47508.000000 0.000000
47510.000000 0.000000
47512.000000 0.000000
47514.000000 0.000000
47516.000000 0.000000
47518.000000 0.000000
47520.000000 0.000000
47522.000000 0.000000
47524.000000 0.000000
47526.000000 0.000000
47528.000000 0.000000
47530.000000 0.000000
47532.000000 0.000000
47534.000000 0.000000
47536.000000 0.000000
47538.000000 0.000000
47540.000000 0.000000
47542.000000 0.000000
47544.000000 0.000000
47546.000000 0.000000
47548.000000 0.000000
47550.000000 0.000000
47552.000000 0.000000
47554.000000 0.000000
47556.000000 0.000000
47558.000000 0.000000
47560.000000 0.000000
47562.000000 0.000000
47564.000000 0.000000
47566.000000 0.000000
47568.000000 0.000000
47570.000000 0.000000
47572.000000 0.000000
47574.000000 0.000000
47576.000000 0.000000
47578.000000 0.000000
47580.000000 0.000000
47582.000000 0.000000
47584.000000 0.000000
47586.000000 0.000000
47588.000000 0.000000
47590.000000 0.000000
47592.000000 0.000000
47594.000000 0.000000
47596.000000 0.000000
47598.000000 0.000000
47600.000000 0.000000
47602.000000 0.000000
47604.000000 0.000000
47606.000000 0.000000
47608.000000 0.000000
47610.000000 0.000000
47612.000000 0.000000
47614.000000 0.000000
47616.000000 0.000000
47618.000000 0.000000
47620.000000 0.000000
47622.000000 0.000000
47624.000000 0.000000
47626.000000 0.000000
47628.000000 0.000000
47630.000000 0.000000
47632.000000 0.000000
47634.000000 0.000000
47636.000000 0.000000
47638.000000 0.000000
47640.000000 0.000000
47642.000000 0.000000
47644.000000 0.000000
47646.000000 0.000000
47648.000000 0.000000
47650.000000 0.000000
47652.000000 0.000000
47654.000000 0.000000
47656.000000 0.000000
47658.000000 0.000000
47660.000000 0.000000
47662.000000 0.000000
47664.000000 0.000000
47666.000000 0.000000
47668.000000 0.000000
47670.000000 0.000000
47672.000000 0.000000
47674.000000 0.000000
47676.000000 0.000000
47678.000000 0.000000
47680.000000 0.000000
47682.000000 0.000000
47684.000000 0.000000
47686.000000 0.000000
47688.000000 0.000000
47690.000000 0.000000
47692.000000 0.000000
47694.000000 0.000000
47696.000000 0.000000
47698.000000 0.000000
47700.000000 2.828559
47702.000000 4.242191
47704.000000 5.655823
47706.000000 7.069455
47708.000000 8.483087
47710.000000 11.321142
47712.000000 14.148406
47714.000000 15.562038
47716.000000 16.975671
47718.000000 18.389303
47720.000000 19.802935
47722.000000 15.562038
47724.000000 11.321142
47726.000000 7.069455
47728.000000 2.828559
47730.000000 7.069455
47732.000000 11.310351
47734.000000 14.148406
47736.000000 16.975671
47738.000000 18.389303
47740.000000 19.802935
47742.000000 18.389303
47744.000000 16.975671
47746.000000 19.802935
47748.000000 22.630199
47750.000000 21.216567
47752.000000 19.802935
47754.000000 21.216567
47756.000000 22.630199
47758.000000 26.871095
47760.000000 31.111991
47762.000000 32.536414
47764.000000 33.950046
47766.000000 32.536414
47768.000000 31.111991
47770.000000 22.630199
47772.000000 14.148406
47774.000000 11.321142
47776.000000 8.483087
47778.000000 11.321142
47780.000000 14.148406
47782.000000 21.216567
47784.000000 28.284727
47786.000000 28.996938
47788.000000 29.698359
47790.000000 30.399779
47792.000000 31.111991
47794.000000 32.525623
47796.000000 33.939255
47798.000000 35.363678
47800.000000 36.777310
47802.000000 39.604574
47804.000000 42.431838
47806.000000 45.259102
47808.000000 48.086367
47810.000000 52.327263
47812.000000 56.578950
47814.000000 59.406214
47816.000000 62.233478
47818.000000 60.819846
47820.000000 59.406214
47822.000000 59.881022
47824.000000 60.345038
47826.000000 60.819846
47828.000000 61.294654
47830.000000 61.758670
47832.000000 62.233478
47834.000000 60.819846
47836.000000 59.406214
47838.000000 60.819846
47840.000000 62.233478
47842.000000 63.647110
47844.000000 65.060742
47846.000000 60.819846
47848.000000 56.578950
47850.000000 55.165318
47852.000000 53.751686
47854.000000 52.338054
47856.000000 50.924422
47858.000000 49.499999
47860.000000 48.086367
47862.000000 49.499999
47864.000000 50.913631
47866.000000 49.499999
47868.000000 48.086367
47870.000000 46.672734
47872.000000 45.259102
47874.000000 48.086367
47876.000000 50.913631
47878.000000 46.672734
47880.000000 42.431838
47882.000000 39.604574
47884.000000 36.777310
47886.000000 35.363678
47888.000000 33.950046
47890.000000 36.777310
47892.000000 39.604574
47894.000000 42.431838
47896.000000 45.259102
47898.000000 46.672734
47900.000000 48.086367
47902.000000 46.672734
47904.000000 45.259102
47906.000000 43.845470
47908.000000 42.431838
47910.000000 41.018206
47912.000000 39.604574
47914.000000 38.190942
47916.000000 36.777310
47918.000000 39.604574
47920.000000 42.431838
47922.000000 43.845470
47924.000000 45.259102
47926.000000 46.672734
47928.000000 48.086367
47930.000000 49.499999
47932.000000 50.913631
47934.000000 49.499999
47936.000000 48.086367
47938.000000 46.672734
47940.000000 45.259102
47942.000000 43.845470
47944.000000 42.431838
47946.000000 41.018206
47948.000000 39.604574
47950.000000 40.305995
47952.000000 41.018206
47954.000000 41.730418
47956.000000 42.431838
47958.000000 39.604574
47960.000000 36.777310
47962.000000 39.604574
47964.000000 42.431838
47966.000000 43.845470
47968.000000 45.259102
47970.000000 42.431838
47972.000000 39.604574
47974.000000 42.431838
47976.000000 45.259102
47978.000000 48.086367
47980.000000 50.913631
47982.000000 49.499999
47984.000000 48.086367
47986.000000 49.499999
47988.000000 50.924422
47990.000000 52.338054
47992.000000 53.751686
47994.000000 52.327263
47996.000000 50.913631
47998.000000 56.578950
48000.000000 62.233478
48002.000000 60.819846
48004.000000 59.406214
48006.000000 57.992582
48008.000000 56.578950
48010.000000 55.165318
48012.000000 53.751686
48014.000000 43.845470
48016.000000 33.950046
48018.000000 32.536414
48020.000000 31.111991
48022.000000 32.536414
48024.000000 33.950046
48026.000000 36.777310
48028.000000 39.604574
48030.000000 42.431838
48032.000000 45.259102
48034.000000 43.845470
48036.000000 42.431838
48038.000000 41.018206
48040.000000 39.604574
48042.000000 38.190942
48044.000000 36.777310
48046.000000 38.190942
48048.000000 39.604574
48050.000000 38.903154
48052.000000 38.190942
48054.000000 37.478731
48056.000000 36.777310
48058.000000 36.075890
48060.000000 35.363678
48062.000000 34.651467
48064.000000 33.950046
48066.000000 32.536414
48068.000000 31.111991
48070.000000 35.363678
48072.000000 39.604574
48074.000000 42.431838
48076.000000 45.259102
48078.000000 43.845470
48080.000000 42.431838
48082.000000 41.018206
48084.000000 39.604574
48086.000000 41.018206
48088.000000 42.431838
48090.000000 45.259102
48092.000000 48.086367
48094.000000 53.751686
48096.000000 59.406214
48098.000000 56.578950
48100.000000 53.751686
48102.000000 56.578950
48104.000000 59.406214
48106.000000 60.819846
48108.000000 62.233478
48110.000000 63.647110
48112.000000 65.060742
48114.000000 64.348531
48116.000000 63.647110
48118.000000 62.945690
48120.000000 62.233478
48122.000000 60.819846
48124.000000 59.406214
48126.000000 52.327263
48128.000000 45.259102
48130.000000 43.845470
48132.000000 42.431838
48134.000000 48.097158
48136.000000 53.751686
48138.000000 50.924422
48140.000000 48.086367
48142.000000 48.787787
48144.000000 49.499999
48146.000000 50.212210
48148.000000 50.913631
48150.000000 48.086367
48152.000000 45.259102
48154.000000 46.672734
48156.000000 48.086367
48158.000000 49.499999
48160.000000 50.913631
48162.000000 52.327263
48164.000000 53.751686
48166.000000 52.327263
48168.000000 50.913631
48170.000000 49.499999
48172.000000 48.086367
48174.000000 55.154527
48176.000000 62.233478
48178.000000 65.060742
48180.000000 67.888006
48182.000000 60.819846
48184.000000 53.751686
48186.000000 49.499999
48188.000000 45.259102
48190.000000 49.499999
48192.000000 53.751686
48194.000000 50.924422
48196.000000 48.086367
48198.000000 47.611559
48200.000000 47.147542
48202.000000 46.672734
48204.000000 46.197927
48206.000000 45.733910
48208.000000 45.259102
48210.000000 46.672734
48212.000000 48.086367
48214.000000 49.499999
48216.000000 50.913631
48218.000000 50.212210
48220.000000 49.499999
48222.000000 48.787787
48224.000000 48.086367
48226.000000 49.499999
48228.000000 50.913631
48230.000000 49.499999
48232.000000 48.086367
48234.000000 49.499999
48236.000000 50.913631
48238.000000 50.212210
48240.000000 49.499999
48242.000000 48.787787
48244.000000 48.086367
48246.000000 45.259102
48248.000000 42.431838
48250.000000 45.259102
48252.000000 48.086367
48254.000000 45.259102
48256.000000 42.431838
48258.000000 39.604574
48260.000000 36.777310
48262.000000 38.190942
48264.000000 39.604574
48266.000000 37.478731
48268.000000 35.363678
48270.000000 33.237835
48272.000000 31.111991
48274.000000 26.871095
48276.000000 22.630199
48278.000000 21.216567
48280.000000 19.802935
48282.000000 15.551247
48284.000000 11.310351
48286.000000 12.022563
48288.000000 12.723983
48290.000000 13.436195
48292.000000 14.148406
48294.000000 16.975671
48296.000000 19.802935
48298.000000 19.090723
48300.000000 18.389303
48302.000000 17.687882
48304.000000 16.975671
48306.000000 19.802935
48308.000000 22.630199
48310.000000 25.457463
48312.000000 28.284727
48314.000000 25.457463
48316.000000 22.630199
48318.000000 12.723983
48320.000000 2.828559
48322.000000 3.529979
48324.000000 4.242191
48326.000000 4.954403
48328.000000 5.655823
48330.000000 2.828559
48332.000000 0.001295
48334.000000 0.000000
48336.000000 0.000000
48338.000000 0.000000
48340.000000 0.000000
48342.000000 0.000000
48344.000000 0.000000
48346.000000 0.000000
48348.000000 0.000000
48350.000000 0.000000
48352.000000 0.000000
48354.000000 0.000000
48356.000000 0.000000
48358.000000 0.000000
48360.000000 0.000000
48362.000000 0.000000
48364.000000 0.000000
48366.000000 0.000000
48368.000000 0.000000
48370.000000 0.000000
48372.000000 0.000000
48374.000000 0.000000
48376.000000 0.000000
48378.000000 0.000000
48380.000000 0.000000
48382.000000 0.000000
48384.000000 0.000000
48386.000000 0.000000
48388.000000 0.000000
48390.000000 0.000000
48392.000000 0.000000
48394.000000 0.000000
48396.000000 0.000000
48398.000000 0.000000
48400.000000 0.000000
48402.000000 0.000000
48404.000000 0.001295
48406.000000 1.414927
48408.000000 2.828559
48410.000000 1.414927
48412.000000 0.001295
48414.000000 4.242191
48416.000000 8.483087
48418.000000 11.321142
48420.000000 14.148406
48422.000000 18.389303
48424.000000 22.630199
48426.000000 25.457463
48428.000000 28.284727
48430.000000 24.043831
48432.000000 19.802935
48434.000000 19.090723
48436.000000 18.389303
48438.000000 17.687882
48440.000000 16.975671
48442.000000 15.562038
48444.000000 14.148406
48446.000000 18.389303
48448.000000 22.630199
48450.000000 23.342410
48452.000000 24.043831
48454.000000 24.745251
48456.000000 25.457463
48458.000000 22.630199
48460.000000 19.802935
48462.000000 18.389303
48464.000000 16.975671
48466.000000 14.148406
48468.000000 11.310351
48470.000000 9.896719
48472.000000 8.483087
48474.000000 4.242191
48476.000000 0.001295
48478.000000 1.414927
48480.000000 2.828559
48482.000000 0.000000
48484.000000 0.000000
48486.000000 0.000000
48488.000000 0.000000
48490.000000 0.000000
48492.000000 0.000000
48494.000000 0.000000
48496.000000 0.000000
48498.000000 0.000000
48500.000000 0.000000
48502.000000 0.000000
48504.000000 0.000000
48506.000000 0.000000
48508.000000 0.000000
48510.000000 0.000000
48512.000000 0.000000
48514.000000 0.000000
48516.000000 0.000000
48518.000000 0.000000
48520.000000 0.000000
48522.000000 0.000000
48524.000000 0.000000
48526.000000 0.000000
48528.000000 0.000000
48530.000000 0.000000
48532.000000 0.000000
48534.000000 0.000000
48536.000000 0.000000
48538.000000 0.000000
48540.000000 0.001295
48542.000000 2.828559
48544.000000 5.655823
48546.000000 11.321142
48548.000000 16.975671
48550.000000 15.562038
48552.000000 14.148406
48554.000000 15.562038
48556.000000 16.975671
48558.000000 18.389303
48560.000000 19.802935
48562.000000 22.630199
48564.000000 25.457463
48566.000000 19.802935
48568.000000 14.148406
48570.000000 16.975671
48572.000000 19.802935
48574.000000 18.389303
48576.000000 16.975671
48578.000000 14.148406
48580.000000 11.310351
48582.000000 8.483087
48584.000000 5.655823
48586.000000 2.828559
48588.000000 0.001295
48590.000000 0.000000
48592.000000 0.000000
48594.000000 0.000000
48596.000000 2.828559
48598.000000 7.069455
48600.000000 11.310351
48602.000000 8.483087
48604.000000 5.655823
48606.000000 9.896719
48608.000000 14.148406
48610.000000 15.562038
48612.000000 16.975671
48614.000000 14.148406
48616.000000 11.310351
48618.000000 9.896719
48620.000000 8.483087
48622.000000 11.321142
48624.000000 14.148406
48626.000000 4.242191
48628.000000 0.000000
48630.000000 0.000000
48632.000000 0.000000
48634.000000 0.000000
48636.000000 0.000000
48638.000000 0.000000
48640.000000 0.000000
48642.000000 0.000000
48644.000000 0.000000
48646.000000 0.000000
48648.000000 0.000000
48650.000000 0.000000
48652.000000 0.000000
48654.000000 0.000000
48656.000000 0.000000
48658.000000 0.000000
48660.000000 0.000000
48662.000000 0.000000
48664.000000 0.000000
48666.000000 0.000000
48668.000000 0.000000
48670.000000 0.000000
48672.000000 0.000000
48674.000000 0.000000
48676.000000 0.000000
48678.000000 0.000000
48680.000000 0.000000
48682.000000 0.000000
48684.000000 0.000000
48686.000000 0.000000
48688.000000 0.000000
48690.000000 0.000000
48692.000000 0.000000
48694.000000 0.000000
48696.000000 0.000000
48698.000000 0.000000
48700.000000 0.000000
48702.000000 0.000000
48704.000000 0.000000
48706.000000 0.000000
48708.000000 0.000000
48710.000000 0.000000
48712.000000 0.000000
48714.000000 0.000000
48716.000000 0.000000
48718.000000 0.000000
48720.000000 0.000000
48722.000000 0.000000
48724.000000 0.000000
48726.000000 0.000000
48728.000000 0.000000
48730.000000 0.000000
48732.000000 0.000000
48734.000000 0.000000
48736.000000 0.000000
48738.000000 0.000000
48740.000000 0.000000
48742.000000 0.000000
48744.000000 0.000000
48746.000000 0.000000
48748.000000 0.000000
48750.000000 0.000000
48752.000000 0.000000
48754.000000 0.000000
48756.000000 8.483087
48758.000000 12.723983
48760.000000 16.975671
48762.000000 22.630199
48764.000000 28.284727
48766.000000 32.536414
48768.000000 36.777310
48770.000000 39.604574
48772.000000 42.431838
48774.000000 46.672734
48776.000000 50.913631
48778.000000 53.751686
48780.000000 56.578950
48782.000000 53.751686
48784.000000 50.913631
48786.000000 52.327263
48788.000000 53.751686
48790.000000 52.327263
48792.000000 50.913631
48794.000000 52.327263
48796.000000 53.751686
48798.000000 59.406214
48800.000000 65.060742
48802.000000 63.647110
48804.000000 62.233478
48806.000000 60.819846
48808.000000 59.406214
48810.000000 52.327263
48812.000000 45.259102
48814.000000 41.018206
48816.000000 36.777310
48818.000000 41.018206
48820.000000 45.259102
48822.000000 52.327263
48824.000000 59.406214
48826.000000 57.992582
48828.000000 56.578950
48830.000000 59.406214
48832.000000 62.233478
48834.000000 65.060742
48836.000000 67.888006
48838.000000 70.726061
48840.000000 73.553325
48842.000000 76.380590
48844.000000 79.207854
48846.000000 70.715270
48848.000000 62.233478
48850.000000 61.521266
48852.000000 60.819846
48854.000000 60.118426
48856.000000 59.406214
48858.000000 57.992582
48860.000000 56.578950
48862.000000 57.992582
48864.000000 59.406214
48866.000000 63.647110
48868.000000 67.888006
48870.000000 72.139693
48872.000000 76.380590
48874.000000 74.966957
48876.000000 73.553325
48878.000000 67.888006
48880.000000 62.233478
48882.000000 60.819846
48884.000000 59.406214
48886.000000 60.819846
48888.000000 62.233478
48890.000000 63.647110
48892.000000 65.060742
48894.000000 62.233478
48896.000000 59.406214
48898.000000 57.517774
48900.000000 55.629334
48902.000000 53.751686
48904.000000 51.863246
48906.000000 49.974806
48908.000000 48.086367
48910.000000 43.845470
48912.000000 51.560429
48914.000000 59.275387
48916.000000 66.990345
48918.000000 74.705303
48920.000000 82.420261
48922.000000 84.864540
48924.000000 84.864540
48926.000000 84.864540
48928.000000 84.864540
48930.000000 84.864540
48932.000000 84.864540
48934.000000 84.864540
48936.000000 84.864540
48938.000000 84.864540
48940.000000 84.864540
48942.000000 84.864540
48944.000000 84.864540
48946.000000 84.864540
48948.000000 84.864540
48950.000000 84.864540
48952.000000 84.864540
48954.000000 84.864540
48956.000000 84.864540
48958.000000 84.864540
48960.000000 84.864540
48962.000000 84.864540
48964.000000 84.864540
48966.000000 84.864540
48968.000000 84.864540
48970.000000 84.864540
48972.000000 84.864540
48974.000000 84.864540
48976.000000 84.864540
48978.000000 84.864540
48980.000000 84.864540
48982.000000 84.864540
48984.000000 84.864540
48986.000000 84.864540
48988.000000 84.864540
48990.000000 84.864540
48992.000000 84.864540
48994.000000 84.864540
48996.000000 84.864540
48998.000000 84.864540
49000.000000 84.864540
49002.000000 84.864540
49004.000000 84.864540
49006.000000 84.864540
49008.000000 84.864540
49010.000000 84.864540
49012.000000 84.864540
49014.000000 84.864540
49016.000000 84.864540
49018.000000 84.864540
49020.000000 84.864540
49022.000000 84.864540
49024.000000 84.864540
49026.000000 84.864540
49028.000000 84.864540
49030.000000 84.864540
49032.000000 84.864540
49034.000000 84.864540
49036.000000 84.864540
49038.000000 84.864540
49040.000000 84.864540
49042.000000 84.864540
49044.000000 84.864540
49046.000000 84.864540
49048.000000 84.864540
49050.000000 84.864540
49052.000000 84.864540
49054.000000 84.864540
49056.000000 84.864540
49058.000000 84.864540
49060.000000 84.864540
49062.000000 84.864540
49064.000000 84.864540
49066.000000 84.864540
49068.000000 84.864540
49070.000000 84.864540
49072.000000 84.864540
49074.000000 84.864540
49076.000000 84.864540
49078.000000 84.864540
49080.000000 84.864540
49082.000000 84.864540
49084.000000 84.864540
49086.000000 84.864540
49088.000000 84.864540
49090.000000 84.864540
49092.000000 84.864540
49094.000000 84.864540
49096.000000 84.864540
49098.000000 84.864540
49100.000000 84.864540
49102.000000 84.864540
49104.000000 84.864540
49106.000000 84.864540
49108.000000 84.864540
49110.000000 84.864540
49112.000000 84.864540
49114.000000 84.864540
49116.000000 84.864540
49118.000000 84.864540
49120.000000 84.864540
49122.000000 84.864540
49124.000000 84.864540
49126.000000 84.864540
49128.000000 84.864540
49130.000000 84.864540
49132.000000 84.864540
49134.000000 84.864540
49136.000000 84.864540
49138.000000 84.864540
49140.000000 84.864540
49142.000000 84.864540
49144.000000 84.864540
49146.000000 84.864540
49148.000000 84.864540
49150.000000 84.864540
49152.000000 84.864540
49154.000000 84.864540
49156.000000 84.864540
49158.000000 84.864540
49160.000000 84.864540
49162.000000 84.864540
49164.000000 84.864540
49166.000000 84.864540
49168.000000 84.864540
49170.000000 84.864540
49172.000000 84.864540
49174.000000 84.864540
49176.000000 84.864540
49178.000000 84.864540
49180.000000 84.864540
49182.000000 84.864540
49184.000000 84.864540
49186.000000 84.864540
49188.000000 84.864540
49190.000000 84.864540
49192.000000 84.864540
49194.000000 84.864540
49196.000000 84.864540
49198.000000 84.864540
49200.000000 84.864540
49202.000000 84.864540
49204.000000 84.864540
49206.000000 84.864540
49208.000000 84.864540
49210.000000 84.864540
49212.000000 84.864540
49214.000000 84.864540
49216.000000 84.864540
49218.000000 84.864540
49220.000000 84.864540
49222.000000 84.864540
49224.000000 84.864540
49226.000000 84.864540
49228.000000 84.864540
49230.000000 84.864540
49232.000000 84.864540
49234.000000 84.864540
49236.000000 84.864540
49238.000000 84.864540
49240.000000 84.864540
49242.000000 84.864540
49244.000000 84.864540
49246.000000 84.864540
49248.000000 84.864540
49250.000000 84.864540
49252.000000 84.864540
49254.000000 84.864540
49256.000000 84.864540
49258.000000 84.864540
49260.000000 84.864540
49262.000000 84.864540
49264.000000 84.864540
49266.000000 84.864540
49268.000000 84.864540
49270.000000 84.864540
49272.000000 84.864540
49274.000000 84.864540
49276.000000 84.864540
49278.000000 84.864540
49280.000000 84.864540
49282.000000 84.864540
49284.000000 84.864540
49286.000000 84.864540
49288.000000 84.864540
49290.000000 84.864540
49292.000000 84.864540
49294.000000 84.864540
49296.000000 84.864540
49298.000000 84.864540
49300.000000 84.864540
49302.000000 84.864540
49304.000000 84.864540
49306.000000 84.864540
49308.000000 84.864540
49310.000000 84.864540
49312.000000 84.864540
49314.000000 84.864540
49316.000000 84.864540
49318.000000 84.864540
49320.000000 84.864540
49322.000000 84.864540
49324.000000 84.864540
49326.000000 84.864540
49328.000000 84.864540
49330.000000 84.864540
49332.000000 84.864540
49334.000000 84.864540
49336.000000 84.864540
49338.000000 84.864540
49340.000000 84.864540
49342.000000 84.864540
49344.000000 84.864540
49346.000000 84.864540
49348.000000 84.864540
49350.000000 84.864540
49352.000000 84.864540
49354.000000 84.864540
49356.000000 84.864540
49358.000000 84.864540
49360.000000 84.864540
49362.000000 84.864540
49364.000000 84.864540
49366.000000 84.864540
49368.000000 84.864540
49370.000000 84.864540
49372.000000 84.864540
49374.000000 84.864540
49376.000000 84.864540
49378.000000 84.864540
49380.000000 84.864540
49382.000000 84.864540
49384.000000 84.864540
49386.000000 84.864540
49388.000000 84.864540
49390.000000 84.864540
49392.000000 84.864540
49394.000000 84.864540
49396.000000 84.864540
49398.000000 84.864540
49400.000000 84.864540
49402.000000 84.864540
49404.000000 84.864540
49406.000000 84.864540
49408.000000 84.864540
49410.000000 84.864540
49412.000000 84.864540
49414.000000 84.864540
49416.000000 84.864540
49418.000000 84.864540
49420.000000 84.864540
49422.000000 84.864540
49424.000000 84.864540
49426.000000 84.864540
49428.000000 84.864540
49430.000000 84.864540
49432.000000 84.864540
49434.000000 84.864540
49436.000000 84.864540
49438.000000 84.864540
49440.000000 84.864540
49442.000000 84.864540
49444.000000 84.864540
49446.000000 84.864540
49448.000000 84.864540
49450.000000 84.864540
49452.000000 84.864540
49454.000000 84.864540
49456.000000 84.864540
49458.000000 84.864540
49460.000000 84.864540
49462.000000 84.864540
49464.000000 84.864540
49466.000000 84.864540
49468.000000 84.864540
49470.000000 84.864540
49472.000000 84.864540
49474.000000 84.864540
49476.000000 84.864540
49478.000000 84.864540
49480.000000 84.864540
49482.000000 84.864540
49484.000000 84.864540
49486.000000 84.864540
49488.000000 84.864540
49490.000000 84.864540
49492.000000 84.864540
49494.000000 84.864540
49496.000000 84.864540
49498.000000 84.864540
49500.000000 84.864540
49502.000000 84.864540
49504.000000 84.864540
49506.000000 84.864540
49508.000000 84.864540
49510.000000 84.864540
49512.000000 84.864540
49514.000000 84.864540
49516.000000 84.864540
49518.000000 84.864540
49520.000000 84.864540
49522.000000 84.864540
49524.000000 84.864540
49526.000000 84.864540
49528.000000 84.864540
49530.000000 84.864540
49532.000000 84.864540
49534.000000 84.864540
49536.000000 84.864540
49538.000000 84.864540
49540.000000 84.864540
49542.000000 84.864540
49544.000000 84.864540
49546.000000 84.864540
49548.000000 84.864540
49550.000000 84.864540
49552.000000 84.864540
49554.000000 84.864540
49556.000000 84.864540
49558.000000 84.864540
49560.000000 84.864540
49562.000000 84.864540
49564.000000 84.864540
49566.000000 84.864540
49568.000000 84.864540
49570.000000 84.864540
49572.000000 84.864540
49574.000000 84.864540
49576.000000 84.864540
49578.000000 84.864540
49580.000000 84.864540
49582.000000 84.864540
49584.000000 84.864540
49586.000000 84.864540
49588.000000 84.864540
49590.000000 84.864540
49592.000000 84.864540
49594.000000 84.864540
49596.000000 84.864540
49598.000000 84.864540
49600.000000 84.864540
49602.000000 84.864540
49604.000000 84.864540
49606.000000 84.864540
49608.000000 84.864540
49610.000000 84.864540
49612.000000 84.864540
49614.000000 84.864540
49616.000000 84.864540
49618.000000 84.864540
49620.000000 84.864540
49622.000000 84.864540
49624.000000 84.864540
49626.000000 84.864540
49628.000000 84.864540
49630.000000 84.864540
49632.000000 84.864540
49634.000000 84.864540
49636.000000 84.864540
49638.000000 84.864540
49640.000000 84.864540
49642.000000 84.864540
49644.000000 84.864540
49646.000000 84.864540
49648.000000 84.864540
49650.000000 84.864540
49652.000000 84.864540
49654.000000 84.864540
49656.000000 84.864540
49658.000000 84.864540
49660.000000 84.864540
49662.000000 84.864540
49664.000000 84.864540
49666.000000 84.864540
49668.000000 84.864540
49670.000000 84.864540
49672.000000 84.864540
49674.000000 84.864540
49676.000000 84.864540
49678.000000 84.864540
49680.000000 84.864540
49682.000000 84.864540
49684.000000 84.864540
49686.000000 84.864540
49688.000000 84.864540
49690.000000 84.864540
49692.000000 84.864540
49694.000000 84.864540
49696.000000 84.864540
49698.000000 84.864540
49700.000000 84.864540
49702.000000 84.864540
49704.000000 84.864540
49706.000000 84.864540
49708.000000 84.864540
49710.000000 84.864540
49712.000000 84.864540
49714.000000 84.864540
49716.000000 84.864540
49718.000000 84.864540
49720.000000 84.864540
49722.000000 84.864540
49724.000000 84.864540
49726.000000 84.864540
49728.000000 84.864540
49730.000000 84.864540
49732.000000 84.864540
49734.000000 84.864540
49736.000000 84.864540
49738.000000 84.864540
49740.000000 84.864540
49742.000000 84.864540
49744.000000 84.864540
49746.000000 84.864540
49748.000000 84.864540
49750.000000 84.864540
49752.000000 84.864540
49754.000000 84.864540
49756.000000 84.864540
49758.000000 84.864540
49760.000000 84.864540
49762.000000 84.864540
49764.000000 84.864540
49766.000000 84.864540
49768.000000 84.864540
49770.000000 84.864540
49772.000000 84.864540
49774.000000 84.864540
49776.000000 84.864540
49778.000000 84.864540
49780.000000 84.864540
49782.000000 84.864540
49784.000000 84.864540
49786.000000 84.864540
49788.000000 84.864540
49790.000000 84.864540
49792.000000 84.864540
49794.000000 84.864540
49796.000000 84.864540
49798.000000 84.864540
49800.000000 84.864540
49802.000000 84.864540
49804.000000 84.864540
49806.000000 84.864540
49808.000000 84.864540
49810.000000 84.864540
49812.000000 84.864540
49814.000000 84.864540
49816.000000 84.864540
49818.000000 84.864540
49820.000000 84.864540
49822.000000 84.864540
49824.000000 84.864540
49826.000000 84.864540
49828.000000 84.864540
49830.000000 84.864540
49832.000000 84.864540
49834.000000 84.864540
49836.000000 84.864540
49838.000000 84.864540
49840.000000 84.864540
49842.000000 84.864540
49844.000000 84.864540
49846.000000 84.864540
49848.000000 84.864540
49850.000000 84.864540
49852.000000 84.864540
49854.000000 84.864540
49856.000000 84.864540
49858.000000 84.864540
49860.000000 84.864540
49862.000000 84.864540
49864.000000 84.864540
49866.000000 84.864540
49868.000000 84.864540
49870.000000 84.864540
49872.000000 84.864540
49874.000000 26.871095
49876.000000 28.284727
49878.000000 26.871095
49880.000000 25.457463
49882.000000 26.871095
49884.000000 28.284727
49886.000000 26.871095
49888.000000 25.457463
49890.000000 26.514989
49892.000000 27.583306
49894.000000 28.640833
49896.000000 29.709150
49898.000000 30.766676
49900.000000 31.824202
49902.000000 32.892520
49904.000000 33.950046
49906.000000 35.363678
49908.000000 36.777310
49910.000000 35.363678
49912.000000 33.950046
49914.000000 28.284727
49916.000000 22.630199
49918.000000 25.457463
49920.000000 28.284727
49922.000000 24.043831
49924.000000 19.802935
49926.000000 16.975671
49928.000000 14.148406
49930.000000 8.493878
49932.000000 2.828559
49934.000000 3.529979
49936.000000 4.242191
49938.000000 4.954403
49940.000000 5.655823
49942.000000 2.828559
49944.000000 0.001295
49946.000000 -0.318263
49948.000000 -0.636527
49950.000000 -0.954790
49952.000000 -1.273053
49954.000000 -1.591317
49956.000000 -1.909580
49958.000000 -2.227843
49960.000000 -2.546107
49962.000000 -2.864370
49964.000000 -3.182633
49966.000000 -3.500897
49968.000000 -3.819160
49970.000000 -4.137424
49972.000000 -4.455687
49974.000000 -4.773950
49976.000000 -5.092214
49978.000000 0.702715
49980.000000 2.828559
49982.000000 0.001295
49984.000000 -4.455687
49986.000000 -4.773950
49988.000000 -5.092214
49990.000000 -5.410477
49992.000000 -5.728740
49994.000000 -6.047004
49996.000000 -6.365267
49998.000000 -6.683530
50000.000000 -7.001794
50002.000000 -7.320057
50004.000000 -7.638320
50006.000000 -7.956584
50008.000000 0.001295
50010.000000 -7.956584
50012.000000 -8.274847
50014.000000 -8.593110
50016.000000 -8.752242
50018.000000 -8.752242
50020.000000 -8.752242
50022.000000 -8.752242
50024.000000 -8.752242
50026.000000 -8.752242
50028.000000 -8.752242
50030.000000 -8.752242
50032.000000 -8.752242
50034.000000 -8.752242
50036.000000 -8.752242
50038.000000 -8.752242
50040.000000 -8.752242
50042.000000 -8.752242
50044.000000 -8.752242
50046.000000 -8.752242
50048.000000 -8.752242
50050.000000 -8.752242
50052.000000 -8.752242
50054.000000 -8.752242
50056.000000 -8.752242
50058.000000 -8.752242
50060.000000 -8.752242
50062.000000 -8.752242
50064.000000 -8.752242
50066.000000 -8.752242
50068.000000 -8.752242
50070.000000 -8.752242
50072.000000 2.828559
50074.000000 8.493878
50076.000000 14.148406
50078.000000 12.022563
50080.000000 9.896719
50082.000000 7.781667
50084.000000 5.655823
50086.000000 -6.842662
50088.000000 -7.160925
50090.000000 -7.479189
50092.000000 -7.797452
50094.000000 -8.115715
50096.000000 -8.433979
50098.000000 -8.752242
50100.000000 -8.752242
50102.000000 -8.752242
50104.000000 -8.752242
50106.000000 -8.752242
50108.000000 -8.752242
50110.000000 -8.752242
50112.000000 0.001295
50114.000000 -8.752242
50116.000000 -8.752242
50118.000000 -8.752242
50120.000000 -8.752242
50122.000000 -8.752242
50124.000000 -8.752242
50126.000000 -8.752242
50128.000000 -8.752242
50130.000000 -8.752242
50132.000000 -8.752242
50134.000000 -8.752242
50136.000000 -8.752242
50138.000000 -8.752242
50140.000000 -8.752242
50142.000000 -8.752242
50144.000000 -8.752242
50146.000000 -8.752242
50148.000000 -8.752242
50150.000000 0.001295
50152.000000 2.828559
50154.000000 4.242191
50156.000000 5.655823
50158.000000 11.321142
50160.000000 16.975671
50162.000000 22.630199
50164.000000 28.284727
50166.000000 29.698359
50168.000000 31.111991
50170.000000 29.698359
50172.000000 28.284727
50174.000000 26.871095
50176.000000 25.457463
50178.000000 26.169674
50180.000000 26.871095
50182.000000 27.572515
50184.000000 28.284727
50186.000000 31.111991
50188.000000 33.950046
50190.000000 38.190942
50192.000000 42.431838
50194.000000 46.672734
50196.000000 50.913631
50198.000000 45.259102
50200.000000 39.604574
50202.000000 38.190942
50204.000000 36.777310
50206.000000 35.363678
50208.000000 33.950046
50210.000000 35.363678
50212.000000 36.777310
50214.000000 35.363678
50216.000000 33.950046
50218.000000 36.777310
50220.000000 39.604574
50222.000000 37.241327
50224.000000 34.888870
50226.000000 32.536414
50228.000000 30.173167
50230.000000 27.809919
50232.000000 25.457463
50234.000000 24.518638
50236.000000 23.569023
50238.000000 22.630199
50240.000000 21.691374
50242.000000 20.741759
50244.000000 19.802935
50246.000000 12.723983
50248.000000 5.655823
50250.000000 4.242191
50252.000000 2.828559
50254.000000 9.896719
50256.000000 16.975671
50258.000000 21.216567
50260.000000 25.457463
50262.000000 24.043831
50264.000000 22.630199
50266.000000 21.216567
50268.000000 19.802935
50270.000000 24.043831
50272.000000 28.284727
50274.000000 35.363678
50276.000000 42.431838
50278.000000 40.305995
50280.000000 38.190942
50282.000000 36.075890
50284.000000 33.950046
50286.000000 31.111991
50288.000000 28.284727
50290.000000 26.871095
50292.000000 25.457463
50294.000000 24.043831
50296.000000 22.630199
50298.000000 21.917987
50300.000000 21.216567
50302.000000 20.515146
50304.000000 19.802935
50306.000000 16.975671
50308.000000 14.148406
50310.000000 1.414927
50312.000000 -0.318263
50314.000000 -0.636527
50316.000000 -0.954790
50318.000000 -1.273053
50320.000000 -1.591317
50322.000000 -1.909580
50324.000000 -2.227843
50326.000000 -2.546107
50328.000000 -2.864370
50330.000000 -3.182633
50332.000000 -3.500897
50334.000000 -3.819160
50336.000000 -4.137424
50338.000000 -4.455687
50340.000000 -4.773950
50342.000000 -5.092214
50344.000000 -5.410477
50346.000000 -5.728740
50348.000000 -6.047004
50350.000000 -6.365267
50352.000000 -6.683530
50354.000000 -7.001794
50356.000000 -7.320057
50358.000000 -7.638320
50360.000000 -7.956584
50362.000000 -8.274847
50364.000000 -8.593110
50366.000000 -8.752242
50368.000000 -8.752242
50370.000000 -8.752242
50372.000000 -8.752242
50374.000000 -8.752242
50376.000000 -8.752242
50378.000000 -8.752242
50380.000000 -8.752242
50382.000000 -8.752242
50384.000000 -8.752242
50386.000000 -8.752242
50388.000000 -8.752242
50390.000000 -8.752242
50392.000000 -8.752242
50394.000000 -8.752242
50396.000000 -8.752242
50398.000000 -8.752242
50400.000000 11.310351
50402.000000 9.896719
50404.000000 8.483087
50406.000000 7.069455
50408.000000 5.655823
50410.000000 7.069455
50412.000000 8.483087
50414.000000 5.655823
50416.000000 2.828559
50418.000000 -6.206135
50420.000000 -6.524399
50422.000000 -6.842662
50424.000000 -7.160925
50426.000000 -7.479189
50428.000000 -7.797452
50430.000000 -8.115715
50432.000000 -8.433979
50434.000000 -8.752242
50436.000000 -8.752242
50438.000000 -8.752242
50440.000000 -8.752242
50442.000000 -8.752242
50444.000000 -8.752242
50446.000000 -8.752242
50448.000000 -8.752242
50450.000000 -8.752242
50452.000000 -8.752242
50454.000000 -8.752242
50456.000000 -8.752242
50458.000000 -8.752242
50460.000000 -8.752242
50462.000000 -8.752242
50464.000000 -8.752242
50466.000000 -8.752242
50468.000000 -8.752242
50470.000000 -8.752242
50472.000000 -8.752242
50474.000000 -8.752242
50476.000000 -8.752242
50478.000000 -8.752242
50480.000000 -8.752242
50482.000000 -8.752242
50484.000000 -8.752242
50486.000000 -8.752242
50488.000000 -8.752242
50490.000000 -8.752242
50492.000000 -8.752242
50494.000000 -8.752242
50496.000000 -8.752242
50498.000000 -8.752242
50500.000000 -8.752242
50502.000000 -8.752242
50504.000000 -8.752242
50506.000000 -8.752242
50508.000000 -8.752242
50510.000000 -8.752242
50512.000000 -8.752242
50514.000000 -8.752242
50516.000000 -8.752242
50518.000000 -8.752242
50520.000000 -8.752242
50522.000000 -8.752242
50524.000000 -8.752242
50526.000000 -8.752242
50528.000000 -8.752242
50530.000000 -8.752242
50532.000000 -8.752242
50534.000000 -8.752242
50536.000000 -8.752242
50538.000000 -8.752242
50540.000000 -8.752242
50542.000000 -8.752242
50544.000000 -8.752242
50546.000000 -8.752242
50548.000000 -8.752242
50550.000000 -8.752242
50552.000000 -8.752242
50554.000000 -8.752242
50556.000000 -8.752242
50558.000000 -8.752242
50560.000000 -8.752242
50562.000000 -8.752242
50564.000000 -8.752242
50566.000000 -8.752242
50568.000000 -8.752242
50570.000000 -8.752242
50572.000000 -8.752242
50574.000000 -8.752242
50576.000000 -8.752242
50578.000000 -8.752242
50580.000000 -8.752242
50582.000000 -8.752242
50584.000000 -8.752242
50586.000000 -8.752242
50588.000000 -8.752242
50590.000000 -8.752242
50592.000000 -8.752242
50594.000000 -8.752242
50596.000000 -8.752242
50598.000000 -8.752242
50600.000000 -8.752242
50602.000000 -8.752242
50604.000000 -8.752242
50606.000000 -8.752242
50608.000000 -8.752242
50610.000000 -8.752242
50612.000000 -8.752242
50614.000000 -8.752242
50616.000000 -8.752242
50618.000000 -8.752242
50620.000000 -8.752242
50622.000000 -8.752242
50624.000000 -8.752242
50626.000000 -8.752242
50628.000000 -8.752242
50630.000000 -8.752242
50632.000000 -8.752242
50634.000000 -8.752242
50636.000000 -8.752242
50638.000000 -8.752242
50640.000000 -8.752242
50642.000000 -8.752242
50644.000000 -8.752242
50646.000000 -8.752242
50648.000000 -8.752242
50650.000000 -8.752242
50652.000000 -8.752242
50654.000000 -8.752242
50656.000000 -8.752242
50658.000000 -8.752242
50660.000000 -8.752242
50662.000000 -8.752242
50664.000000 -8.752242
50666.000000 -8.752242
50668.000000 -8.752242
50670.000000 -8.752242
50672.000000 -8.752242
50674.000000 -8.752242
50676.000000 -8.752242
50678.000000 -8.752242
50680.000000 -8.752242
50682.000000 -8.752242
50684.000000 -8.752242
50686.000000 -8.752242
50688.000000 0.001295
50690.000000 -8.752242
50692.000000 -8.752242
50694.000000 -8.752242
50696.000000 0.001295
50698.000000 1.414927
50700.000000 2.828559
50702.000000 -8.115715
50704.000000 -8.433979
50706.000000 -8.752242
50708.000000 -8.752242
50710.000000 -8.752242
50712.000000 -8.752242
50714.000000 -8.752242
50716.000000 -8.752242
50718.000000 -8.752242
50720.000000 0.940119
50722.000000 2.828559
50724.000000 4.716999
50726.000000 6.594647
50728.000000 8.483087
50730.000000 12.723983
50732.000000 16.975671
50734.000000 19.802935
50736.000000 22.630199
50738.000000 26.871095
50740.000000 31.111991
50742.000000 25.457463
50744.000000 19.802935
50746.000000 21.216567
50748.000000 22.630199
50750.000000 19.802935
50752.000000 16.975671
50754.000000 15.562038
50756.000000 14.148406
50758.000000 18.389303
50760.000000 22.630199
50762.000000 18.389303
50764.000000 14.148406
50766.000000 16.263459
50768.000000 18.389303
50770.000000 20.515146
50772.000000 22.630199
50774.000000 28.284727
50776.000000 33.950046
50778.000000 33.237835
50780.000000 32.536414
50782.000000 31.824202
50784.000000 31.111991
50786.000000 27.572515
50788.000000 24.043831
50790.000000 20.515146
50792.000000 16.975671
50794.000000 18.389303
50796.000000 19.802935
50798.000000 21.216567
50800.000000 22.630199
50802.000000 25.457463
50804.000000 28.284727
50806.000000 21.216567
50808.000000 14.148406
50810.000000 11.321142
50812.000000 8.483087
50814.000000 5.655823
50816.000000 2.828559
50818.000000 -0.318263
50820.000000 -0.636527
50822.000000 -0.954790
50824.000000 -1.273053
50826.000000 -1.591317
50828.000000 -1.909580
50830.000000 -2.227843
50832.000000 -2.546107
50834.000000 -2.864370
50836.000000 -3.182633
50838.000000 -3.500897
50840.000000 -3.819160
50842.000000 -4.137424
50844.000000 -4.455687
50846.000000 -4.773950
50848.000000 -5.092214
50850.000000 -5.410477
50852.000000 -5.728740
50854.000000 -6.047004
50856.000000 -6.365267
50858.000000 -6.683530
50860.000000 -7.001794
50862.000000 -7.320057
50864.000000 -7.638320
50866.000000 -7.956584
50868.000000 -8.274847
50870.000000 -8.593110
50872.000000 -8.752242
50874.000000 -8.752242
50876.000000 2.828559
50878.000000 -8.752242
50880.000000 -8.752242
50882.000000 -8.752242
50884.000000 2.828559
50886.000000 -8.752242
50888.000000 -8.752242
50890.000000 -8.752242
50892.000000 -8.752242
50894.000000 -8.752242
50896.000000 -8.752242
50898.000000 -8.752242
50900.000000 -8.752242
50902.000000 -8.752242
50904.000000 -8.752242
50906.000000 -8.752242
50908.000000 -8.752242
50910.000000 -8.752242
50912.000000 -8.752242
50914.000000 -8.752242
50916.000000 -8.752242
50918.000000 -8.752242
50920.000000 -8.752242
50922.000000 -8.752242
50924.000000 -8.752242
50926.000000 -8.752242
50928.000000 -8.752242
50930.000000 -8.752242
50932.000000 -8.752242
50934.000000 -8.752242
50936.000000 -8.752242
50938.000000 -8.752242
50940.000000 -8.752242
50942.000000 -8.752242
50944.000000 -8.752242
50946.000000 -8.752242
50948.000000 -8.752242
50950.000000 -8.752242
50952.000000 -8.752242
50954.000000 -8.752242
50956.000000 -8.752242
50958.000000 -8.752242
50960.000000 -8.752242
50962.000000 -8.752242
50964.000000 -8.752242
50966.000000 -8.752242
50968.000000 -8.752242
50970.000000 -8.752242
50972.000000 -8.752242
50974.000000 -8.752242
50976.000000 -8.752242
50978.000000 -8.752242
50980.000000 -8.752242
50982.000000 -8.752242
50984.000000 -8.752242
50986.000000 -8.752242
50988.000000 -8.752242
50990.000000 -8.752242
50992.000000 -8.752242
50994.000000 -8.752242
50996.000000 -8.752242
50998.000000 -8.752242
51000.000000 -8.752242
51002.000000 -8.752242
51004.000000 -8.752242
51006.000000 -8.752242
51008.000000 -8.752242
51010.000000 -8.752242
51012.000000 -8.752242
51014.000000 -8.752242
51016.000000 -8.752242
51018.000000 -8.752242
51020.000000 -8.752242
51022.000000 -8.752242
51024.000000 -8.752242
51026.000000 -8.752242
51028.000000 -8.752242
51030.000000 -8.752242
51032.000000 -8.752242
51034.000000 -8.752242
51036.000000 -8.752242
51038.000000 -8.752242
51040.000000 -8.752242
51042.000000 -8.752242
51044.000000 -8.752242
51046.000000 -8.752242
51048.000000 -8.752242
51050.000000 -8.752242
51052.000000 -8.752242
51054.000000 -8.752242
51056.000000 -8.752242
51058.000000 -8.752242
51060.000000 -8.752242
51062.000000 -8.752242
51064.000000 -8.752242
51066.000000 -8.752242
51068.000000 -8.752242
51070.000000 -8.752242
51072.000000 0.001295
51074.000000 -8.752242
51076.000000 -8.752242
51078.000000 -8.752242
51080.000000 -8.752242
51082.000000 -8.752242
51084.000000 2.828559
51086.000000 2.127139
51088.000000 1.414927
51090.000000 0.702715
51092.000000 0.001295
51094.000000 -7.479189
51096.000000 -7.797452
51098.000000 -8.115715
51100.000000 -8.433979
51102.000000 -8.752242
51104.000000 -8.752242
51106.000000 -8.752242
51108.000000 -8.752242
51110.000000 -8.752242
51112.000000 -8.752242
51114.000000 -8.752242
51116.000000 -8.752242
51118.000000 4.242191
51120.000000 11.310351
51122.000000 14.148406
51124.000000 16.975671
51126.000000 18.389303
51128.000000 19.802935
51130.000000 24.043831
51132.000000 28.284727
51134.000000 35.363678
51136.000000 42.431838
51138.000000 42.906646
51140.000000 43.370663
51142.000000 43.845470
51144.000000 44.320278
51146.000000 44.784295
51148.000000 45.259102
51150.000000 42.431838
51152.000000 39.604574
51154.000000 31.111991
51156.000000 22.630199
51158.000000 15.551247
51160.000000 8.483087
51162.000000 2.828559
51164.000000 -1.750448
51166.000000 -2.068712
51168.000000 -2.386975
51170.000000 -2.705238
51172.000000 -3.023502
51174.000000 -3.341765
51176.000000 -3.660029
51178.000000 -3.978292
51180.000000 -4.296555
51182.000000 -4.614819
51184.000000 -4.933082
51186.000000 -5.251345
51188.000000 -5.569609
51190.000000 -5.887872
51192.000000 -6.206135
51194.000000 2.828559
51196.000000 11.310351
51198.000000 21.205776
51200.000000 31.111991
51202.000000 32.536414
51204.000000 33.950046
51206.000000 32.536414
51208.000000 31.111991
51210.000000 29.698359
51212.000000 28.284727
51214.000000 30.410570
51216.000000 32.536414
51218.000000 34.651467
51220.000000 36.777310
51222.000000 35.363678
51224.000000 33.939255
51226.000000 32.525623
51228.000000 31.111991
51230.000000 31.824202
51232.000000 32.536414
51234.000000 33.237835
51236.000000 33.950046
51238.000000 29.709150
51240.000000 25.457463
51242.000000 22.630199
51244.000000 19.802935
51246.000000 21.917987
51248.000000 24.043831
51250.000000 26.169674
51252.000000 28.284727
51254.000000 33.939255
51256.000000 39.604574
51258.000000 41.018206
51260.000000 42.431838
51262.000000 41.730418
51264.000000 41.018206
51266.000000 40.305995
51268.000000 39.604574
51270.000000 33.939255
51272.000000 28.284727
51274.000000 26.871095
51276.000000 25.457463
51278.000000 26.871095
51280.000000 28.284727
51282.000000 29.698359
51284.000000 31.111991
51286.000000 32.536414
51288.000000 33.950046
51290.000000 35.363678
51292.000000 36.777310
51294.000000 37.252118
51296.000000 37.716135
51298.000000 38.190942
51300.000000 38.665750
51302.000000 39.129767
51304.000000 39.604574
51306.000000 40.305995
51308.000000 41.018206
51310.000000 41.730418
51312.000000 42.431838
51314.000000 38.190942
51316.000000 33.950046
51318.000000 32.536414
51320.000000 31.111991
51322.000000 30.399779
51324.000000 29.698359
51326.000000 28.996938
51328.000000 28.284727
51330.000000 32.536414
51332.000000 36.777310
51334.000000 33.237835
51336.000000 29.709150
51338.000000 26.169674
51340.000000 22.630199
51342.000000 14.148406
51344.000000 5.655823
51346.000000 7.069455
51348.000000 8.483087
51350.000000 9.896719
51352.000000 11.310351
51354.000000 4.242191
51356.000000 -0.318263
51358.000000 -0.636527
51360.000000 -0.954790
51362.000000 -1.273053
51364.000000 -1.591317
51366.000000 -1.909580
51368.000000 -2.227843
51370.000000 -2.546107
51372.000000 -2.864370
51374.000000 -3.182633
51376.000000 -3.500897
51378.000000 -3.819160
51380.000000 2.828559
51382.000000 7.069455
51384.000000 11.310351
51386.000000 12.022563
51388.000000 12.723983
51390.000000 13.436195
51392.000000 14.148406
51394.000000 16.975671
51396.000000 19.802935
51398.000000 28.284727
51400.000000 36.777310
51402.000000 38.190942
51404.000000 39.604574
51406.000000 35.363678
51408.000000 31.111991
51410.000000 33.939255
51412.000000 36.777310
51414.000000 37.478731
51416.000000 38.190942
51418.000000 38.903154
51420.000000 39.604574
51422.000000 24.043831
51424.000000 8.483087
51426.000000 11.321142
51428.000000 14.148406
51430.000000 16.975671
51432.000000 19.802935
51434.000000 22.630199
51436.000000 25.457463
51438.000000 24.043831
51440.000000 22.630199
51442.000000 21.216567
51444.000000 19.802935
51446.000000 18.389303
51448.000000 16.975671
51450.000000 14.148406
51452.000000 11.310351
51454.000000 14.148406
51456.000000 16.975671
51458.000000 21.216567
51460.000000 25.457463
51462.000000 28.284727
51464.000000 31.111991
51466.000000 33.939255
51468.000000 36.777310
51470.000000 41.018206
51472.000000 45.259102
51474.000000 43.845470
51476.000000 42.431838
51478.000000 52.327263
51480.000000 62.233478
51482.000000 60.819846
51484.000000 59.406214
51486.000000 58.694002
51488.000000 57.992582
51490.000000 57.291161
51492.000000 56.578950
51494.000000 57.992582
51496.000000 59.406214
51498.000000 60.345038
51500.000000 61.294654
51502.000000 62.233478
51504.000000 63.172302
51506.000000 64.121918
51508.000000 65.060742
51510.000000 64.121918
51512.000000 63.172302
51514.000000 62.233478
51516.000000 61.294654
51518.000000 60.345038
51520.000000 59.406214
51522.000000 57.992582
51524.000000 56.578950
51526.000000 60.118426
51528.000000 63.647110
51530.000000 67.175795
51532.000000 70.715270
51534.000000 72.139693
51536.000000 73.553325
51538.000000 80.621486
51540.000000 84.864540
51542.000000 84.864540
51544.000000 84.862382
51546.000000 82.035118
51548.000000 79.207854
51550.000000 76.380590
51552.000000 73.553325
51554.000000 70.715270
51556.000000 67.888006
51558.000000 70.715270
51560.000000 73.553325
51562.000000 76.380590
51564.000000 79.207854
51566.000000 82.035118
51568.000000 84.862382
51570.000000 82.035118
51572.000000 79.207854
51574.000000 77.794222
51576.000000 76.380590
51578.000000 73.542534
51580.000000 70.715270
51582.000000 69.301638
51584.000000 67.888006
51586.000000 62.233478
51588.000000 56.578950
51590.000000 60.118426
51592.000000 63.647110
51594.000000 67.175795
51596.000000 70.715270
51598.000000 66.474374
51600.000000 62.233478
51602.000000 56.578950
51604.000000 50.913631
51606.000000 53.751686
51608.000000 56.578950
51610.000000 59.406214
51612.000000 62.233478
51614.000000 62.945690
51616.000000 63.647110
51618.000000 64.348531
51620.000000 65.060742
51622.000000 66.474374
51624.000000 67.888006
51626.000000 65.060742
51628.000000 62.233478
51630.000000 53.751686
51632.000000 45.259102
51634.000000 42.431838
51636.000000 39.604574
51638.000000 43.144050
51640.000000 46.672734
51642.000000 50.212210
51644.000000 53.751686
51646.000000 50.924422
51648.000000 48.086367
51650.000000 45.259102
51652.000000 42.431838
51654.000000 46.672734
51656.000000 50.913631
51658.000000 49.499999
51660.000000 48.086367
51662.000000 42.431838
51664.000000 36.777310
51666.000000 29.709150
51668.000000 22.630199
51670.000000 18.389303
51672.000000 14.148406
51674.000000 19.802935
51676.000000 25.457463
51678.000000 22.630199
51680.000000 19.802935
51682.000000 16.975671
51684.000000 14.148406
51686.000000 18.389303
51688.000000 22.630199
51690.000000 24.043831
51692.000000 25.457463
51694.000000 26.871095
51696.000000 28.284727
51698.000000 29.698359
51700.000000 31.111991
51702.000000 36.766519
51704.000000 42.431838
51706.000000 41.957031
51708.000000 41.493014
51710.000000 41.018206
51712.000000 40.543399
51714.000000 40.079382
51716.000000 39.604574
51718.000000 41.730418
51720.000000 43.845470
51722.000000 45.960523
51724.000000 48.086367
51726.000000 45.259102
51728.000000 42.431838
51730.000000 41.018206
51732.000000 39.604574
51734.000000 38.903154
51736.000000 38.190942
51738.000000 37.478731
51740.000000 36.777310
51742.000000 41.018206
51744.000000 45.259102
51746.000000 42.431838
51748.000000 39.604574
51750.000000 38.190942
51752.000000 36.777310
51754.000000 31.111991
51756.000000 25.457463
51758.000000 22.630199
51760.000000 19.802935
51762.000000 21.216567
51764.000000 22.630199
51766.000000 24.043831
51768.000000 25.457463
51770.000000 28.284727
51772.000000 31.111991
51774.000000 32.536414
51776.000000 33.950046
51778.000000 35.363678
51780.000000 36.777310
51782.000000 32.536414
51784.000000 28.284727
51786.000000 22.630199
51788.000000 16.975671
51790.000000 12.723983
51792.000000 8.483087
51794.000000 11.321142
51796.000000 14.148406
51798.000000 14.860618
51800.000000 15.562038
51802.000000 16.263459
51804.000000 16.975671
51806.000000 18.389303
51808.000000 19.802935
51810.000000 25.457463
51812.000000 31.111991
51814.000000 38.190942
51816.000000 45.259102
51818.000000 43.133259
51820.000000 41.018206
51822.000000 38.903154
51824.000000 36.777310
51826.000000 38.190942
51828.000000 39.604574
51830.000000 42.431838
51832.000000 45.259102
51834.000000 43.845470
51836.000000 42.431838
51838.000000 39.604574
51840.000000 36.777310
51842.000000 39.604574
51844.000000 42.431838
51846.000000 41.018206
51848.000000 39.604574
51850.000000 38.190942
51852.000000 36.777310
51854.000000 33.950046
51856.000000 31.111991
51858.000000 28.284727
51860.000000 25.457463
51862.000000 24.043831
51864.000000 22.630199
51866.000000 26.871095
51868.000000 31.111991
51870.000000 28.284727
51872.000000 25.457463
51874.000000 22.630199
51876.000000 19.802935
51878.000000 20.741759
51880.000000 21.691374
51882.000000 22.630199
51884.000000 23.569023
51886.000000 24.518638
51888.000000 25.457463
51890.000000 26.871095
51892.000000 28.284727
51894.000000 29.698359
51896.000000 31.111991
51898.000000 32.536414
51900.000000 33.950046
51902.000000 37.478731
51904.000000 41.018206
51906.000000 44.557682
51908.000000 48.086367
51910.000000 46.672734
51912.000000 45.259102
51914.000000 42.431838
51916.000000 39.604574
51918.000000 38.190942
51920.000000 36.777310
51922.000000 33.939255
51924.000000 31.111991
51926.000000 29.698359
51928.000000 28.284727
51930.000000 31.111991
51932.000000 33.950046
51934.000000 38.190942
51936.000000 42.431838
51938.000000 41.730418
51940.000000 41.018206
51942.000000 40.305995
51944.000000 39.604574
51946.000000 38.190942
51948.000000 36.777310
51950.000000 41.018206
51952.000000 45.259102
51954.000000 46.672734
51956.000000 48.086367
51958.000000 49.499999
51960.000000 50.913631
51962.000000 53.751686
51964.000000 56.578950
51966.000000 55.165318
51968.000000 53.751686
51970.000000 55.165318
51972.000000 56.578950
51974.000000 59.406214
51976.000000 62.233478
51978.000000 63.647110
51980.000000 65.060742
51982.000000 64.348531
51984.000000 63.647110
51986.000000 62.945690
51988.000000 62.233478
51990.000000 57.992582
51992.000000 53.751686
51994.000000 53.276878
51996.000000 52.802070
51998.000000 52.327263
52000.000000 51.863246
52002.000000 51.388438
52004.000000 50.913631
52006.000000 52.327263
52008.000000 53.751686
52010.000000 50.924422
52012.000000 48.086367
52014.000000 50.924422
52016.000000 53.751686
52018.000000 55.165318
52020.000000 56.578950
52022.000000 57.992582
52024.000000 59.406214
52026.000000 60.819846
52028.000000 62.233478
52030.000000 59.406214
52032.000000 56.578950
52034.000000 52.327263
52036.000000 48.086367
52038.000000 45.259102
52040.000000 42.431838
52042.000000 36.766519
52044.000000 31.111991
52046.000000 32.525623
52048.000000 33.939255
52050.000000 35.363678
52052.000000 36.777310
52054.000000 32.536414
52056.000000 28.284727
52058.000000 22.630199
52060.000000 16.975671
52062.000000 12.723983
52064.000000 8.483087
52066.000000 7.069455
52068.000000 5.655823
52070.000000 4.242191
52072.000000 2.828559
52074.000000 7.069455
52076.000000 11.310351
52078.000000 18.378511
52080.000000 25.457463
52082.000000 21.216567
52084.000000 16.975671
52086.000000 12.723983
52088.000000 8.483087
52090.000000 12.723983
52092.000000 16.975671
52094.000000 15.562038
52096.000000 14.148406
52098.000000 12.723983
52100.000000 11.310351
52102.000000 10.608931
52104.000000 9.896719
52106.000000 9.184508
52108.000000 8.483087
52110.000000 10.608931
52112.000000 12.723983
52114.000000 14.849827
52116.000000 16.975671
52118.000000 22.630199
52120.000000 28.284727
52122.000000 26.871095
52124.000000 25.457463
52126.000000 24.745251
52128.000000 24.043831
52130.000000 23.342410
52132.000000 22.630199
52134.000000 21.216567
52136.000000 19.802935
52138.000000 22.630199
52140.000000 25.457463
52142.000000 24.043831
52144.000000 22.630199
52146.000000 18.389303
52148.000000 14.148406
52150.000000 7.069455
52152.000000 0.001295
52154.000000 -0.318263
52156.000000 -0.636527
52158.000000 2.828559
52160.000000 8.483087
52162.000000 12.723983
52164.000000 16.975671
52166.000000 18.389303
52168.000000 19.802935
52170.000000 21.216567
52172.000000 22.630199
52174.000000 25.457463
52176.000000 28.284727
52178.000000 27.572515
52180.000000 26.871095
52182.000000 26.169674
52184.000000 25.457463
52186.000000 21.216567
52188.000000 16.975671
52190.000000 17.687882
52192.000000 18.389303
52194.000000 19.090723
52196.000000 19.802935
52198.000000 24.043831
52200.000000 28.284727
52202.000000 31.111991
52204.000000 33.950046
52206.000000 29.709150
52208.000000 25.457463
52210.000000 28.284727
52212.000000 31.111991
52214.000000 33.939255
52216.000000 36.777310
52218.000000 37.478731
52220.000000 38.190942
52222.000000 38.903154
52224.000000 39.604574
52226.000000 35.363678
52228.000000 31.111991
52230.000000 32.536414
52232.000000 33.950046
52234.000000 35.363678
52236.000000 36.777310
52238.000000 38.190942
52240.000000 39.604574
52242.000000 38.190942
52244.000000 36.777310
52246.000000 33.939255
52248.000000 31.111991
52250.000000 30.399779
52252.000000 29.698359
52254.000000 28.996938
52256.000000 28.284727
52258.000000 26.871095
52260.000000 25.457463
52262.000000 24.043831
52264.000000 22.630199
52266.000000 21.216567
52268.000000 19.802935
52270.000000 18.389303
52272.000000 16.975671
52274.000000 18.389303
52276.000000 19.802935
52278.000000 16.975671
52280.000000 14.148406
52282.000000 11.310351
52284.000000 8.483087
52286.000000 7.069455
52288.000000 5.655823
52290.000000 7.069455
52292.000000 8.483087
52294.000000 9.896719
52296.000000 11.310351
52298.000000 14.148406
52300.000000 16.975671
52302.000000 11.321142
52304.000000 5.655823
52306.000000 6.357244
52308.000000 7.069455
52310.000000 7.781667
52312.000000 8.483087
52314.000000 11.321142
52316.000000 14.148406
52318.000000 11.321142
52320.000000 8.483087
52322.000000 5.655823
52324.000000 2.828559
52326.000000 -0.318263
52328.000000 -0.636527
52330.000000 -0.954790
52332.000000 -1.273053
52334.000000 -1.591317
52336.000000 -1.909580
52338.000000 -2.227843
52340.000000 -2.546107
52342.000000 -2.864370
52344.000000 -3.182633
52346.000000 -3.500897
52348.000000 -3.819160
52350.000000 -4.137424
52352.000000 -4.455687
52354.000000 -4.773950
52356.000000 -5.092214
52358.000000 -5.410477
52360.000000 -5.728740
52362.000000 -6.047004
52364.000000 -6.365267
52366.000000 2.828559
52368.000000 8.483087
52370.000000 9.896719
52372.000000 11.310351
52374.000000 14.148406
52376.000000 16.975671
52378.000000 14.148406
52380.000000 11.321142
52382.000000 8.483087
52384.000000 5.655823
52386.000000 7.069455
52388.000000 8.483087
52390.000000 12.723983
52392.000000 16.975671
52394.000000 15.562038
52396.000000 14.148406
52398.000000 12.723983
52400.000000 11.310351
52402.000000 7.069455
52404.000000 2.828559
52406.000000 1.414927
52408.000000 0.001295
52410.000000 4.242191
52412.000000 8.483087
52414.000000 7.069455
52416.000000 5.655823
52418.000000 4.242191
52420.000000 2.828559
52422.000000 1.414927
52424.000000 0.001295
52426.000000 5.655823
52428.000000 11.310351
52430.000000 12.249176
52432.000000 13.198791
52434.000000 14.148406
52436.000000 15.087231
52438.000000 16.026055
52440.000000 16.975671
52442.000000 19.802935
52444.000000 22.630199
52446.000000 14.148406
52448.000000 5.655823
52450.000000 2.828559
52452.000000 0.001295
52454.000000 -0.318263
52456.000000 -0.636527
52458.000000 -0.954790
52460.000000 -1.273053
52462.000000 -1.591317
52464.000000 -1.909580
52466.000000 -2.227843
52468.000000 -2.546107
52470.000000 -2.864370
52472.000000 -3.182633
52474.000000 -3.500897
52476.000000 -3.819160
52478.000000 -4.137424
52480.000000 -4.455687
52482.000000 -4.773950
52484.000000 -5.092214
52486.000000 -5.410477
52488.000000 -5.728740
52490.000000 -6.047004
52492.000000 -6.365267
52494.000000 -6.683530
52496.000000 -7.001794
52498.000000 -7.320057
52500.000000 -7.638320
52502.000000 -7.956584
52504.000000 2.828559
52506.000000 1.414927
52508.000000 0.001295
52510.000000 -7.320057
52512.000000 -7.638320
52514.000000 -7.956584
52516.000000 0.001295
52518.000000 -7.956584
52520.000000 -8.274847
52522.000000 -8.593110
52524.000000 -8.752242
52526.000000 -8.752242
52528.000000 -8.752242
52530.000000 -8.752242
52532.000000 -8.752242
52534.000000 -8.752242
52536.000000 -8.752242
52538.000000 -8.752242
52540.000000 -8.752242
52542.000000 -8.752242
52544.000000 -8.752242
52546.000000 -8.752242
52548.000000 -8.752242
52550.000000 -8.752242
52552.000000 -8.752242
52554.000000 -8.752242
52556.000000 -8.752242
52558.000000 -8.752242
52560.000000 -8.752242
52562.000000 -8.752242
52564.000000 -8.752242
52566.000000 -8.752242
52568.000000 -8.752242
52570.000000 -8.752242
52572.000000 -8.752242
52574.000000 -8.752242
52576.000000 -8.752242
52578.000000 -8.752242
52580.000000 -8.752242
52582.000000 -8.752242
52584.000000 -8.752242
52586.000000 -8.752242
52588.000000 -8.752242
52590.000000 -8.752242
52592.000000 -8.752242
52594.000000 -8.752242
52596.000000 -8.752242
52598.000000 -8.752242
52600.000000 -8.752242
52602.000000 -8.752242
52604.000000 -8.752242
52606.000000 -8.752242
52608.000000 -8.752242
52610.000000 -8.752242
52612.000000 -8.752242
52614.000000 -8.752242
52616.000000 -8.752242
52618.000000 -8.752242
52620.000000 -8.752242
52622.000000 -8.752242
52624.000000 -8.752242
52626.000000 -8.752242
52628.000000 -8.752242
52630.000000 -8.752242
52632.000000 -8.752242
52634.000000 -8.752242
52636.000000 -8.752242
52638.000000 -8.752242
52640.000000 -8.752242
52642.000000 -8.752242
52644.000000 -8.752242
52646.000000 -8.752242
52648.000000 -8.752242
52650.000000 -8.752242
52652.000000 -8.752242
52654.000000 -8.752242
52656.000000 -8.752242
52658.000000 -8.752242
52660.000000 -8.752242
52662.000000 -8.752242
52664.000000 -8.752242
52666.000000 -8.752242
52668.000000 -8.752242
52670.000000 -8.752242
52672.000000 -8.752242
52674.000000 -8.752242
52676.000000 -8.752242
52678.000000 -8.752242
52680.000000 -8.752242
52682.000000 -8.752242
52684.000000 -8.752242
52686.000000 -8.752242
52688.000000 -8.752242
52690.000000 -8.752242
52692.000000 -8.752242
52694.000000 -8.752242
52696.000000 -8.752242
52698.000000 -8.752242
52700.000000 -8.752242
52702.000000 -8.752242
52704.000000 -8.752242
52706.000000 -8.752242
52708.000000 -8.752242
52710.000000 -8.752242
52712.000000 -8.752242
52714.000000 -8.752242
52716.000000 -8.752242
52718.000000 -8.752242
52720.000000 -8.752242
52722.000000 -8.752242
52724.000000 -8.752242
52726.000000 -8.752242
52728.000000 -8.752242
52730.000000 -8.752242
52732.000000 -8.752242
52734.000000 -8.752242
52736.000000 -8.752242
52738.000000 -8.752242
52740.000000 -8.752242
52742.000000 -8.752242
52744.000000 -8.752242
52746.000000 -8.752242
52748.000000 -8.752242
52750.000000 -8.752242
52752.000000 -8.752242
52754.000000 -8.752242
52756.000000 -8.752242
52758.000000 -8.752242
52760.000000 -8.752242
52762.000000 -8.752242
52764.000000 -8.752242
52766.000000 -8.752242
52768.000000 -8.752242
52770.000000 -8.752242
52772.000000 -8.752242
52774.000000 -8.752242
52776.000000 -8.752242
52778.000000 -8.752242
52780.000000 -8.752242
52782.000000 -8.752242
52784.000000 -8.752242
52786.000000 -8.752242
52788.000000 -8.752242
52790.000000 -8.752242
52792.000000 -8.752242
52794.000000 -8.752242
52796.000000 -8.752242
52798.000000 -8.752242
52800.000000 8.483087
52802.000000 11.321142
52804.000000 14.148406
52806.000000 12.723983
52808.000000 11.310351
52810.000000 16.975671
52812.000000 22.630199
52814.000000 25.457463
52816.000000 28.284727
52818.000000 32.536414
52820.000000 36.777310
52822.000000 29.709150
52824.000000 22.630199
52826.000000 16.975671
52828.000000 11.310351
52830.000000 8.483087
52832.000000 5.655823
52834.000000 5.299717
52836.000000 4.954403
52838.000000 4.598297
52840.000000 4.242191
52842.000000 3.886085
52844.000000 3.529979
52846.000000 3.184665
52848.000000 2.828559
52850.000000 0.001295
52852.000000 -0.795658
52854.000000 -1.113922
52856.000000 -1.432185
52858.000000 -1.750448
52860.000000 -2.068712
52862.000000 -2.386975
52864.000000 -2.705238
52866.000000 -3.023502
52868.000000 -3.341765
52870.000000 -3.660029
52872.000000 -3.978292
52874.000000 -4.296555
52876.000000 -4.614819
52878.000000 -4.933082
52880.000000 -5.251345
52882.000000 -5.569609
52884.000000 -5.887872
52886.000000 -6.206135
52888.000000 -6.524399
52890.000000 -6.842662
52892.000000 -7.160925
52894.000000 -7.479189
52896.000000 -7.797452
52898.000000 -8.115715
52900.000000 -8.433979
52902.000000 -8.752242
52904.000000 -8.752242
52906.000000 -8.752242
52908.000000 -8.752242
52910.000000 -8.752242
52912.000000 -8.752242
52914.000000 -8.752242
52916.000000 -8.752242
52918.000000 -8.752242
52920.000000 -8.752242
52922.000000 -8.752242
52924.000000 -8.752242
52926.000000 -8.752242
52928.000000 -8.752242
52930.000000 -8.752242
52932.000000 -8.752242
52934.000000 -8.752242
52936.000000 -8.752242
52938.000000 -8.752242
52940.000000 -8.752242
52942.000000 -8.752242
52944.000000 -8.752242
52946.000000 -8.752242
52948.000000 -8.752242
52950.000000 -8.752242
52952.000000 -8.752242
52954.000000 -8.752242
52956.000000 -8.752242
52958.000000 -8.752242
52960.000000 -8.752242
52962.000000 -8.752242
52964.000000 -8.752242
52966.000000 -8.752242
52968.000000 -8.752242
52970.000000 -8.752242
52972.000000 -8.752242
52974.000000 -8.752242
52976.000000 -8.752242
52978.000000 -8.752242
52980.000000 -8.752242
52982.000000 -8.752242
52984.000000 -8.752242
52986.000000 -8.752242
52988.000000 -8.752242
52990.000000 -8.752242
52992.000000 -8.752242
52994.000000 -8.752242
52996.000000 -8.752242
52998.000000 -8.752242
53000.000000 -8.752242
53002.000000 -8.752242
53004.000000 -8.752242
53006.000000 -8.752242
53008.000000 -8.752242
53010.000000 -8.752242
53012.000000 -8.752242
53014.000000 -8.752242
53016.000000 -8.752242
53018.000000 -8.752242
53020.000000 -8.752242
53022.000000 -8.752242
53024.000000 -8.752242
53026.000000 -8.752242
53028.000000 0.001295
53030.000000 2.828559
53032.000000 5.655823
53034.000000 6.357244
53036.000000 7.069455
53038.000000 7.781667
53040.000000 8.483087
53042.000000 11.321142
53044.000000 14.148406
53046.000000 16.975671
53048.000000 19.802935
53050.000000 16.975671
53052.000000 14.148406
53054.000000 19.802935
53056.000000 25.457463
53058.000000 24.518638
53060.000000 23.569023
53062.000000 22.630199
53064.000000 21.691374
53066.000000 20.741759
53068.000000 19.802935
53070.000000 21.216567
53072.000000 22.630199
53074.000000 24.043831
53076.000000 25.457463
53078.000000 28.284727
53080.000000 31.111991
53082.000000 36.766519
53084.000000 42.431838
53086.000000 36.766519
53088.000000 31.111991
53090.000000 26.871095
53092.000000 22.630199
53094.000000 21.216567
53096.000000 19.802935
53098.000000 21.216567
53100.000000 22.630199
53102.000000 25.457463
53104.000000 28.284727
53106.000000 21.216567
53108.000000 14.148406
53110.000000 11.321142
53112.000000 8.483087
53114.000000 7.069455
53116.000000 5.655823
53118.000000 2.828559
53120.000000 0.001295
53122.000000 -0.318263
53124.000000 -0.636527
53126.000000 -0.954790
53128.000000 -1.273053
53130.000000 -1.591317
53132.000000 2.828559
53134.000000 7.069455
53136.000000 11.310351
53138.000000 21.205776
53140.000000 31.111991
53142.000000 33.939255
53144.000000 36.777310
53146.000000 33.939255
53148.000000 31.111991
53150.000000 38.190942
53152.000000 45.259102
53154.000000 43.845470
53156.000000 42.431838
53158.000000 46.672734
53160.000000 50.913631
53162.000000 49.499999
53164.000000 48.086367
53166.000000 52.327263
53168.000000 56.578950
53170.000000 59.406214
53172.000000 62.233478
53174.000000 60.118426
53176.000000 57.992582
53178.000000 55.866738
53180.000000 53.751686
53182.000000 52.327263
53184.000000 50.913631
53186.000000 53.039474
53188.000000 55.154527
53190.000000 57.280370
53192.000000 59.406214
53194.000000 59.881022
53196.000000 60.345038
53198.000000 60.819846
53200.000000 61.294654
53202.000000 61.758670
53204.000000 62.233478
53206.000000 60.819846
53208.000000 59.406214
53210.000000 52.327263
53212.000000 45.259102
53214.000000 44.320278
53216.000000 43.370663
53218.000000 42.431838
53220.000000 41.493014
53222.000000 40.543399
53224.000000 39.604574
53226.000000 41.018206
53228.000000 42.431838
53230.000000 43.845470
53232.000000 45.259102
53234.000000 50.924422
53236.000000 56.578950
53238.000000 52.327263
53240.000000 48.086367
53242.000000 45.259102
53244.000000 42.431838
53246.000000 43.845470
53248.000000 45.259102
53250.000000 49.499999
53252.000000 53.751686
53254.000000 52.327263
53256.000000 50.913631
53258.000000 53.751686
53260.000000 56.578950
53262.000000 55.866738
53264.000000 55.165318
53266.000000 54.463897
53268.000000 53.751686
53270.000000 52.327263
53272.000000 50.913631
53274.000000 51.625842
53276.000000 52.327263
53278.000000 53.039474
53280.000000 53.751686
53282.000000 46.672734
53284.000000 39.604574
53286.000000 35.363678
53288.000000 31.111991
53290.000000 32.536414
53292.000000 33.950046
53294.000000 35.363678
53296.000000 36.777310
53298.000000 35.363678
53300.000000 33.950046
53302.000000 36.075890
53304.000000 38.190942
53306.000000 40.305995
53308.000000 42.431838
53310.000000 39.604574
53312.000000 36.777310
53314.000000 33.939255
53316.000000 31.111991
53318.000000 33.939255
53320.000000 36.777310
53322.000000 41.018206
53324.000000 45.259102
53326.000000 48.086367
53328.000000 50.913631
53330.000000 51.625842
53332.000000 52.327263
53334.000000 53.039474
53336.000000 53.751686
53338.000000 59.406214
53340.000000 65.060742
53342.000000 60.819846
53344.000000 56.578950
53346.000000 53.751686
53348.000000 50.913631
53350.000000 48.086367
53352.000000 45.259102
53354.000000 48.086367
53356.000000 50.913631
53358.000000 53.751686
53360.000000 56.578950
53362.000000 50.924422
53364.000000 45.259102
53366.000000 50.924422
53368.000000 56.578950
53370.000000 53.751686
53372.000000 50.924422
53374.000000 48.086367
53376.000000 45.259102
53378.000000 42.431838
53380.000000 39.604574
53382.000000 41.018206
53384.000000 42.431838
53386.000000 36.766519
53388.000000 31.111991
53390.000000 26.871095
53392.000000 22.630199
53394.000000 21.917987
53396.000000 21.216567
53398.000000 20.515146
53400.000000 19.802935
53402.000000 22.630199
53404.000000 25.457463
53406.000000 29.709150
53408.000000 33.950046
53410.000000 31.111991
53412.000000 28.284727
53414.000000 21.216567
53416.000000 14.148406
53418.000000 11.321142
53420.000000 8.483087
53422.000000 5.655823
53424.000000 2.828559
53426.000000 7.069455
53428.000000 11.310351
53430.000000 12.723983
53432.000000 14.148406
53434.000000 2.828559
53436.000000 -0.318263
53438.000000 -0.636527
53440.000000 -0.954790
53442.000000 -1.273053
53444.000000 -1.591317
53446.000000 -1.909580
53448.000000 -2.227843
53450.000000 -2.546107
53452.000000 -2.864370
53454.000000 -3.182633
53456.000000 -3.500897
53458.000000 -3.819160
53460.000000 -4.137424
53462.000000 -4.455687
53464.000000 -4.773950
53466.000000 -5.092214
53468.000000 -5.410477
53470.000000 -5.728740
53472.000000 -6.047004
53474.000000 2.828559
53476.000000 11.310351
53478.000000 22.630199
53480.000000 33.950046
53482.000000 29.709150
53484.000000 25.457463
53486.000000 22.630199
53488.000000 19.802935
53490.000000 18.389303
53492.000000 16.975671
53494.000000 18.389303
53496.000000 19.802935
53498.000000 22.630199
53500.000000 25.457463
53502.000000 25.932270
53504.000000 26.396287
53506.000000 26.871095
53508.000000 27.345903
53510.000000 27.809919
53512.000000 28.284727
53514.000000 32.536414
53516.000000 36.777310
53518.000000 35.363678
53520.000000 33.950046
53522.000000 39.604574
53524.000000 45.259102
53526.000000 48.086367
53528.000000 50.913631
53530.000000 49.499999
53532.000000 48.086367
53534.000000 43.845470
53536.000000 39.604574
53538.000000 43.845470
53540.000000 48.086367
53542.000000 45.259102
53544.000000 42.431838
53546.000000 38.190942
53548.000000 33.950046
53550.000000 34.651467
53552.000000 35.363678
53554.000000 36.075890
53556.000000 36.777310
53558.000000 38.190942
53560.000000 39.604574
53562.000000 38.190942
53564.000000 36.777310
53566.000000 37.478731
53568.000000 38.190942
53570.000000 38.903154
53572.000000 39.604574
53574.000000 41.018206
53576.000000 42.431838
53578.000000 41.018206
53580.000000 39.604574
53582.000000 41.018206
53584.000000 42.431838
53586.000000 48.097158
53588.000000 53.751686
53590.000000 55.165318
53592.000000 56.578950
53594.000000 53.751686
53596.000000 50.913631
53598.000000 49.499999
53600.000000 48.086367
53602.000000 46.672734
53604.000000 45.259102
53606.000000 48.086367
53608.000000 50.913631
53610.000000 51.625842
53612.000000 52.327263
53614.000000 53.039474
53616.000000 53.751686
53618.000000 52.327263
53620.000000 50.913631
53622.000000 48.086367
53624.000000 45.259102
53626.000000 43.845470
53628.000000 42.431838
53630.000000 39.604574
53632.000000 36.777310
53634.000000 33.939255
53636.000000 31.111991
53638.000000 35.363678
53640.000000 39.604574
53642.000000 36.777310
53644.000000 33.950046
53646.000000 31.111991
53648.000000 28.284727
53650.000000 21.216567
53652.000000 14.148406
53654.000000 11.321142
53656.000000 8.493878
53658.000000 5.655823
53660.000000 2.828559
53662.000000 -0.318263
53664.000000 -0.636527
53666.000000 -0.954790
53668.000000 -1.273053
53670.000000 2.828559
53672.000000 8.483087
53674.000000 15.551247
53676.000000 22.630199
53678.000000 25.457463
53680.000000 28.284727
53682.000000 31.122782
53684.000000 33.950046
53686.000000 29.709150
53688.000000 25.457463
53690.000000 24.745251
53692.000000 24.043831
53694.000000 23.342410
53696.000000 22.630199
53698.000000 26.871095
53700.000000 31.111991
53702.000000 33.939255
53704.000000 36.777310
53706.000000 38.190942
53708.000000 39.604574
53710.000000 41.018206
53712.000000 42.431838
53714.000000 41.018206
53716.000000 39.604574
53718.000000 38.190942
53720.000000 36.777310
53722.000000 39.604574
53724.000000 42.431838
53726.000000 43.845470
53728.000000 45.259102
53730.000000 48.086367
53732.000000 50.913631
53734.000000 48.086367
53736.000000 45.259102
53738.000000 42.431838
53740.000000 39.604574
53742.000000 33.939255
53744.000000 28.284727
53746.000000 31.824202
53748.000000 35.363678
53750.000000 38.892363
53752.000000 42.431838
53754.000000 39.604574
53756.000000 36.777310
53758.000000 34.651467
53760.000000 32.536414
53762.000000 30.410570
53764.000000 28.284727
53766.000000 26.871095
53768.000000 25.457463
53770.000000 24.043831
53772.000000 22.630199
53774.000000 19.802935
53776.000000 16.975671
53778.000000 14.148406
53780.000000 11.310351
53782.000000 9.896719
53784.000000 8.483087
53786.000000 6.357244
53788.000000 4.242191
53790.000000 2.127139
53792.000000 0.001295
53794.000000 5.655823
53796.000000 11.310351
53798.000000 12.723983
53800.000000 14.148406
53802.000000 9.896719
53804.000000 5.655823
53806.000000 4.242191
53808.000000 2.828559
53810.000000 4.242191
53812.000000 5.655823
53814.000000 4.242191
53816.000000 2.828559
53818.000000 7.069455
53820.000000 11.310351
53822.000000 15.551247
53824.000000 19.802935
53826.000000 20.741759
53828.000000 21.691374
53830.000000 22.630199
53832.000000 23.569023
53834.000000 24.518638
53836.000000 25.457463
53838.000000 31.111991
53840.000000 36.777310
53842.000000 35.363678
53844.000000 33.950046
53846.000000 32.536414
53848.000000 31.111991
53850.000000 29.698359
53852.000000 28.284727
53854.000000 22.630199
53856.000000 16.975671
53858.000000 12.723983
53860.000000 8.483087
53862.000000 7.069455
53864.000000 5.655823
53866.000000 9.896719
53868.000000 14.148406
53870.000000 19.802935
53872.000000 25.457463
53874.000000 29.709150
53876.000000 33.950046
53878.000000 32.536414
53880.000000 31.111991
53882.000000 29.698359
53884.000000 28.284727
53886.000000 26.169674
53888.000000 24.043831
53890.000000 21.917987
53892.000000 19.802935
53894.000000 18.389303
53896.000000 16.975671
53898.000000 15.562038
53900.000000 14.148406
53902.000000 11.321142
53904.000000 8.483087
53906.000000 4.242191
53908.000000 0.001295
53910.000000 -0.318263
53912.000000 -0.636527
53914.000000 -0.954790
53916.000000 -1.273053
53918.000000 -1.591317
53920.000000 0.001295
53922.000000 -1.591317
53924.000000 -1.909580
53926.000000 -2.227843
53928.000000 -2.546107
53930.000000 -2.864370
53932.000000 -3.182633
53934.000000 -3.500897
53936.000000 -3.819160
53938.000000 -4.137424
53940.000000 -4.455687
53942.000000 -4.773950
53944.000000 -5.092214
53946.000000 1.414927
53948.000000 5.655823
53950.000000 7.069455
53952.000000 8.483087
53954.000000 9.184508
53956.000000 9.896719
53958.000000 10.608931
53960.000000 11.310351
53962.000000 9.896719
53964.000000 8.483087
53966.000000 7.069455
53968.000000 5.655823
53970.000000 15.551247
53972.000000 25.457463
53974.000000 22.630199
53976.000000 19.802935
53978.000000 14.148406
53980.000000 8.483087
53982.000000 12.723983
53984.000000 16.975671
53986.000000 12.022563
53988.000000 7.069455
53990.000000 2.127139
53992.000000 -0.318263
53994.000000 -0.636527
53996.000000 -0.954790
53998.000000 -1.273053
54000.000000 -1.591317
54002.000000 -1.909580
54004.000000 -2.227843
54006.000000 -2.546107
54008.000000 -2.864370
54010.000000 -3.182633
54012.000000 -3.500897
54014.000000 -3.819160
54016.000000 -4.137424
54018.000000 -4.455687
54020.000000 -4.773950
54022.000000 -5.092214
54024.000000 -5.410477
54026.000000 -5.728740
54028.000000 -6.047004
54030.000000 -6.365267
54032.000000 -6.683530
54034.000000 -7.001794
54036.000000 -7.320057
54038.000000 -7.638320
54040.000000 -7.956584
54042.000000 -8.274847
54044.000000 -8.593110
54046.000000 -8.911374
54048.000000 -9.229637
54050.000000 -9.547900
54052.000000 -9.866164
54054.000000 -10.184427
54056.000000 -10.502690
54058.000000 -10.820954
54060.000000 -11.139217
54062.000000 -11.457481
54064.000000 -11.775744
54066.000000 -12.094007
54068.000000 -12.412271
54070.000000 -12.730534
54072.000000 -13.048797
54074.000000 -13.367061
54076.000000 -13.685324
54078.000000 -14.003587
54080.000000 -14.321851
54082.000000 -14.640114
54084.000000 -14.958377
54086.000000 -15.276641
54088.000000 -0.001068
54090.000000 -2.333718
54092.000000 -4.666367
54094.000000 -8.165340
54096.000000 -11.673217
54098.000000 -9.919279
54100.000000 -8.165340
54102.000000 -6.420305
54104.000000 -4.666367
54106.000000 -2.333718
54108.000000 -0.001068
54110.000000 -12.094007
54112.000000 -12.412271
54114.000000 -12.730534
54116.000000 -13.048797
54118.000000 -13.367061
54120.000000 -13.685324
54122.000000 -14.003587
54124.000000 -14.321851
54126.000000 -14.640114
54128.000000 -14.958377
54130.000000 -15.276641
54132.000000 -15.594904
54134.000000 -15.913167
54136.000000 -16.231431
54138.000000 -16.549694
54140.000000 -16.867957
54142.000000 -17.186221
54144.000000 -17.504484
54146.000000 -17.504484
54148.000000 -17.504484
54150.000000 -17.504484
54152.000000 -17.504484
54154.000000 -17.504484
54156.000000 -17.504484
54158.000000 -17.504484
54160.000000 -17.504484
54162.000000 -17.504484
54164.000000 -17.504484
54166.000000 -17.504484
54168.000000 -17.504484
54170.000000 -17.504484
54172.000000 -17.504484
54174.000000 -17.504484
54176.000000 -17.504484
54178.000000 -17.504484
54180.000000 -17.504484
54182.000000 -17.504484
54184.000000 5.655823
54186.000000 12.723983
54188.000000 19.802935
54190.000000 21.216567
54192.000000 22.630199
54194.000000 28.284727
54196.000000 33.950046
54198.000000 36.777310
54200.000000 39.604574
54202.000000 36.065099
54204.000000 32.536414
54206.000000 28.996938
54208.000000 25.457463
54210.000000 19.802935
54212.000000 14.148406
54214.000000 11.321142
54216.000000 8.483087
54218.000000 7.069455
54220.000000 5.655823
54222.000000 7.069455
54224.000000 8.483087
54226.000000 9.896719
54228.000000 11.310351
54230.000000 4.242191
54232.000000 -10.184427
54234.000000 -10.502690
54236.000000 -10.820954
54238.000000 -11.139217
54240.000000 2.828559
54242.000000 -11.139217
54244.000000 -11.457481
54246.000000 -11.775744
54248.000000 -12.094007
54250.000000 -12.412271
54252.000000 -12.730534
54254.000000 -13.048797
54256.000000 -13.367061
54258.000000 -13.685324
54260.000000 -14.003587
54262.000000 -14.321851
54264.000000 -14.640114
54266.000000 -14.958377
54268.000000 -15.276641
54270.000000 -15.594904
54272.000000 -15.913167
54274.000000 -16.231431
54276.000000 -16.549694
54278.000000 -16.867957
54280.000000 -17.186221
54282.000000 -17.504484
54284.000000 -17.504484
54286.000000 -17.504484
54288.000000 -17.504484
54290.000000 -17.504484
54292.000000 -17.504484
54294.000000 -17.504484
54296.000000 -17.504484
54298.000000 -17.504484
54300.000000 -17.504484
54302.000000 -17.504484
54304.000000 -17.504484
54306.000000 -17.504484
54308.000000 -17.504484
54310.000000 -17.504484
54312.000000 -17.504484
54314.000000 -17.504484
54316.000000 -17.504484
54318.000000 -17.504484
54320.000000 -17.504484
54322.000000 -17.504484
54324.000000 -17.504484
54326.000000 -17.504484
54328.000000 -17.504484
54330.000000 -17.504484
54332.000000 -17.504484
54334.000000 -17.504484
54336.000000 -17.504484
54338.000000 -17.504484
54340.000000 -17.504484
54342.000000 -17.504484
54344.000000 -17.504484
54346.000000 -17.504484
54348.000000 -17.504484
54350.000000 -17.504484
54352.000000 -17.504484
54354.000000 -17.504484
54356.000000 -17.504484
54358.000000 -17.504484
54360.000000 -17.504484
54362.000000 -17.504484
54364.000000 -17.504484
54366.000000 -17.504484
54368.000000 -17.504484
54370.000000 -17.504484
54372.000000 -17.504484
54374.000000 -17.504484
54376.000000 -17.504484
54378.000000 -17.504484
54380.000000 -17.504484
54382.000000 -17.504484
54384.000000 -17.504484
54386.000000 -17.504484
54388.000000 -17.504484
54390.000000 -17.504484
54392.000000 -17.504484
54394.000000 -17.504484
54396.000000 -17.504484
54398.000000 -17.504484
54400.000000 -17.504484
54402.000000 -17.504484
54404.000000 -17.504484
54406.000000 -17.504484
54408.000000 -17.504484
54410.000000 -17.504484
54412.000000 -17.504484
54414.000000 -17.504484
54416.000000 -17.504484
54418.000000 -17.504484
54420.000000 -17.504484
54422.000000 -17.504484
54424.000000 -17.504484
54426.000000 -17.504484
54428.000000 -17.504484
54430.000000 -17.504484
54432.000000 -17.504484
54434.000000 -17.504484
54436.000000 -17.504484
54438.000000 -17.504484
54440.000000 -17.504484
54442.000000 -17.504484
54444.000000 -17.504484
54446.000000 -17.504484
54448.000000 -17.504484
54450.000000 -17.504484
54452.000000 2.828559
54454.000000 0.001295
54456.000000 -17.186221
54458.000000 -17.504484
54460.000000 -17.504484
54462.000000 -17.504484
54464.000000 -17.504484
54466.000000 -17.504484
54468.000000 -17.504484
54470.000000 -17.504484
54472.000000 -17.504484
54474.000000 -17.504484
54476.000000 -17.504484
54478.000000 -17.504484
54480.000000 0.001295
54482.000000 2.828559
54484.000000 5.655823
54486.000000 6.357244
54488.000000 7.069455
54490.000000 7.781667
54492.000000 8.483087
54494.000000 11.321142
54496.000000 14.148406
54498.000000 13.198791
54500.000000 12.259967
54502.000000 11.321142
54504.000000 10.371527
54506.000000 9.421912
54508.000000 8.483087
54510.000000 9.896719
54512.000000 11.310351
54514.000000 9.896719
54516.000000 8.483087
54518.000000 7.069455
54520.000000 5.655823
54522.000000 3.529979
54524.000000 1.414927
54526.000000 -10.502690
54528.000000 -10.820954
54530.000000 -11.139217
54532.000000 -11.457481
54534.000000 -11.775744
54536.000000 -12.094007
54538.000000 -12.412271
54540.000000 -12.730534
54542.000000 -13.048797
54544.000000 -13.367061
54546.000000 -13.685324
54548.000000 -14.003587
54550.000000 -14.321851
54552.000000 -14.640114
54554.000000 -14.958377
54556.000000 -15.276641
54558.000000 -15.594904
54560.000000 -15.913167
54562.000000 -16.231431
54564.000000 0.001295
54566.000000 2.828559
54568.000000 5.655823
54570.000000 7.781667
54572.000000 9.896719
54574.000000 12.022563
54576.000000 14.148406
54578.000000 18.389303
54580.000000 22.630199
54582.000000 21.216567
54584.000000 19.802935
54586.000000 18.389303
54588.000000 16.975671
54590.000000 18.389303
54592.000000 19.802935
54594.000000 16.975671
54596.000000 14.148406
54598.000000 12.723983
54600.000000 11.310351
54602.000000 16.975671
54604.000000 22.630199
54606.000000 23.105006
54608.000000 23.569023
54610.000000 24.043831
54612.000000 24.518638
54614.000000 24.982655
54616.000000 25.457463
54618.000000 21.216567
54620.000000 16.975671
54622.000000 14.148406
54624.000000 11.310351
54626.000000 14.148406
54628.000000 16.975671
54630.000000 17.687882
54632.000000 18.389303
54634.000000 19.090723
54636.000000 19.802935
54638.000000 22.630199
54640.000000 25.457463
54642.000000 28.284727
54644.000000 31.111991
54646.000000 32.536414
54648.000000 33.950046
54650.000000 32.536414
54652.000000 31.111991
54654.000000 33.939255
54656.000000 36.777310
54658.000000 29.709150
54660.000000 22.630199
54662.000000 12.723983
54664.000000 2.828559
54666.000000 -0.318263
54668.000000 -0.636527
54670.000000 -0.954790
54672.000000 2.828559
54674.000000 1.414927
54676.000000 0.001295
54678.000000 -0.318263
54680.000000 -0.636527
54682.000000 -0.954790
54684.000000 0.001295
54686.000000 -0.954790
54688.000000 -1.273053
54690.000000 -1.591317
54692.000000 -1.909580
54694.000000 -2.227843
54696.000000 -2.546107
54698.000000 -2.864370
54700.000000 -3.182633
54702.000000 -3.500897
54704.000000 -3.819160
54706.000000 -4.137424
54708.000000 -4.455687
54710.000000 -4.773950
54712.000000 -5.092214
54714.000000 -5.410477
54716.000000 -5.728740
54718.000000 -6.047004
54720.000000 -6.365267
54722.000000 -6.683530
54724.000000 -7.001794
54726.000000 -7.320057
54728.000000 -7.638320
54730.000000 -7.956584
54732.000000 -8.274847
54734.000000 -8.593110
54736.000000 -8.911374
54738.000000 -9.229637
54740.000000 -9.547900
54742.000000 -9.866164
54744.000000 -10.184427
54746.000000 -10.502690
54748.000000 -10.820954
54750.000000 -11.139217
54752.000000 -11.457481
54754.000000 -11.775744
54756.000000 -12.094007
54758.000000 -12.412271
54760.000000 -12.730534
54762.000000 -13.048797
54764.000000 -13.367061
54766.000000 -13.685324
54768.000000 -14.003587
54770.000000 -14.321851
54772.000000 -14.640114
54774.000000 -14.958377
54776.000000 -15.276641
54778.000000 -15.594904
54780.000000 -15.913167
54782.000000 -16.231431
54784.000000 0.001295
54786.000000 -16.231431
54788.000000 -16.549694
54790.000000 -16.867957
54792.000000 -17.186221
54794.000000 -17.504484
54796.000000 -17.504484
54798.000000 -17.504484
54800.000000 -17.504484
54802.000000 -17.504484
54804.000000 -17.504484
54806.000000 -17.504484
54808.000000 -17.504484
54810.000000 -17.504484
54812.000000 -17.504484
54814.000000 -17.504484
54816.000000 -17.504484
54818.000000 -17.504484
54820.000000 -17.504484
54822.000000 -17.504484
54824.000000 -17.504484
54826.000000 -17.504484
54828.000000 -17.504484
54830.000000 -17.504484
54832.000000 -17.504484
54834.000000 -17.504484
54836.000000 -17.504484
54838.000000 -17.504484
54840.000000 -17.504484
54842.000000 -17.504484
54844.000000 -17.504484
54846.000000 0.001295
54848.000000 5.655823
54850.000000 16.975671
54852.000000 28.284727
54854.000000 29.698359
54856.000000 31.111991
54858.000000 28.284727
54860.000000 25.457463
54862.000000 28.284727
54864.000000 31.111991
54866.000000 33.950046
54868.000000 36.777310
54870.000000 38.190942
54872.000000 39.604574
54874.000000 28.284727
54876.000000 16.975671
54878.000000 18.389303
54880.000000 19.802935
54882.000000 22.630199
54884.000000 25.457463
54886.000000 28.284727
54888.000000 31.111991
54890.000000 32.536414
54892.000000 33.950046
54894.000000 29.709150
54896.000000 25.457463
54898.000000 26.871095
54900.000000 28.284727
54902.000000 25.457463
54904.000000 22.630199
54906.000000 24.745251
54908.000000 26.871095
54910.000000 28.996938
54912.000000 31.111991
54914.000000 29.698359
54916.000000 28.284727
54918.000000 25.457463
54920.000000 22.630199
54922.000000 24.043831
54924.000000 25.457463
54926.000000 24.745251
54928.000000 24.043831
54930.000000 23.342410
54932.000000 22.630199
54934.000000 16.975671
54936.000000 11.310351
54938.000000 12.723983
54940.000000 14.148406
54942.000000 15.562038
54944.000000 16.975671
54946.000000 18.389303
54948.000000 19.802935
54950.000000 16.975671
54952.000000 14.148406
54954.000000 12.723983
54956.000000 11.310351
54958.000000 15.551247
54960.000000 19.802935
54962.000000 21.216567
54964.000000 22.630199
54966.000000 24.043831
54968.000000 25.457463
54970.000000 26.871095
54972.000000 28.284727
54974.000000 24.043831
54976.000000 19.802935
54978.000000 15.551247
54980.000000 11.310351
54982.000000 15.551247
54984.000000 19.802935
54986.000000 16.975671
54988.000000 14.148406
54990.000000 12.734774
54992.000000 11.321142
54994.000000 9.896719
54996.000000 8.483087
54998.000000 4.242191
55000.000000 0.001295
55002.000000 -0.318263
55004.000000 -0.636527
55006.000000 -0.954790
55008.000000 -1.273053
55010.000000 -1.591317
55012.000000 -1.909580
55014.000000 -2.227843
55016.000000 -2.546107
55018.000000 -2.864370
55020.000000 0.001295
55022.000000 2.828559
55024.000000 5.655823
55026.000000 7.069455
55028.000000 8.483087
55030.000000 7.069455
55032.000000 5.655823
55034.000000 7.069455
55036.000000 8.483087
55038.000000 12.723983
55040.000000 16.975671
55042.000000 8.493878
55044.000000 0.001295
55046.000000 -0.318263
55048.000000 -0.636527
55050.000000 -0.954790
55052.000000 -1.273053
55054.000000 -1.591317
55056.000000 -1.909580
55058.000000 -2.227843
55060.000000 -2.546107
55062.000000 -2.864370
55064.000000 -3.182633
55066.000000 -3.500897
55068.000000 -3.819160
55070.000000 -4.137424
55072.000000 -4.455687
55074.000000 -4.773950
55076.000000 -5.092214
55078.000000 -5.410477
55080.000000 -5.728740
55082.000000 -6.047004
55084.000000 -6.365267
55086.000000 -6.683530
55088.000000 -7.001794
55090.000000 -7.320057
55092.000000 -7.638320
55094.000000 -7.956584
55096.000000 0.001295
55098.000000 1.414927
55100.000000 2.828559
55102.000000 7.069455
55104.000000 11.310351
55106.000000 14.148406
55108.000000 16.975671
55110.000000 11.321142
55112.000000 5.655823
55114.000000 7.781667
55116.000000 9.896719
55118.000000 12.022563
55120.000000 14.148406
55122.000000 21.216567
55124.000000 28.284727
55126.000000 30.410570
55128.000000 32.536414
55130.000000 34.651467
55132.000000 36.777310
55134.000000 38.190942
55136.000000 39.604574
55138.000000 41.018206
55140.000000 42.431838
55142.000000 43.845470
55144.000000 45.259102
55146.000000 43.845470
55148.000000 42.431838
55150.000000 38.190942
55152.000000 33.950046
55154.000000 31.111991
55156.000000 28.284727
55158.000000 26.871095
55160.000000 25.457463
55162.000000 28.284727
55164.000000 31.111991
55166.000000 33.939255
55168.000000 36.777310
55170.000000 39.604574
55172.000000 42.431838
55174.000000 43.845470
55176.000000 45.259102
55178.000000 46.672734
55180.000000 48.086367
55182.000000 49.499999
55184.000000 50.913631
55186.000000 53.751686
55188.000000 56.578950
55190.000000 53.751686
55192.000000 50.913631
55194.000000 49.499999
55196.000000 48.086367
55198.000000 46.672734
55200.000000 45.259102
55202.000000 46.672734
55204.000000 48.086367
55206.000000 46.672734
55208.000000 45.259102
55210.000000 42.431838
55212.000000 39.604574
55214.000000 38.190942
55216.000000 36.777310
55218.000000 38.190942
55220.000000 39.604574
55222.000000 35.363678
55224.000000 31.111991
55226.000000 29.698359
55228.000000 28.284727
55230.000000 24.043831
55232.000000 19.802935
55234.000000 25.457463
55236.000000 31.111991
55238.000000 29.698359
55240.000000 28.284727
55242.000000 26.871095
55244.000000 25.457463
55246.000000 31.111991
55248.000000 36.777310
55250.000000 43.845470
55252.000000 50.913631
55254.000000 52.327263
55256.000000 53.751686
55258.000000 55.165318
55260.000000 56.578950
55262.000000 50.924422
55264.000000 45.259102
55266.000000 43.845470
55268.000000 42.431838
55270.000000 43.845470
55272.000000 45.259102
55274.000000 42.431838
55276.000000 39.604574
55278.000000 38.190942
55280.000000 36.777310
55282.000000 33.939255
55284.000000 31.111991
55286.000000 29.698359
55288.000000 28.284727
55290.000000 29.698359
55292.000000 31.111991
55294.000000 25.457463
55296.000000 19.802935
55298.000000 16.975671
55300.000000 14.148406
55302.000000 9.896719
55304.000000 5.655823
55306.000000 5.181015
55308.000000 4.716999
55310.000000 4.242191
55312.000000 3.767383
55314.000000 3.303367
55316.000000 2.828559
55318.000000 7.069455
55320.000000 11.310351
55322.000000 9.896719
55324.000000 8.483087
55326.000000 1.414927
55328.000000 -0.318263
55330.000000 -0.636527
55332.000000 -0.954790
55334.000000 -1.273053
55336.000000 5.655823
55338.000000 2.828559
55340.000000 0.001295
55342.000000 -0.636527
55344.000000 -0.954790
55346.000000 -1.273053
55348.000000 -1.591317
55350.000000 -1.909580
55352.000000 -2.227843
55354.000000 -2.546107
55356.000000 -2.864370
55358.000000 -3.182633
55360.000000 -3.500897
55362.000000 -3.819160
55364.000000 -4.137424
55366.000000 -4.455687
55368.000000 -4.773950
55370.000000 -5.092214
55372.000000 -5.410477
55374.000000 -5.728740
55376.000000 -6.047004
55378.000000 -6.365267
55380.000000 -6.683530
55382.000000 -7.001794
55384.000000 -7.320057
55386.000000 -7.638320
55388.000000 -7.956584
55390.000000 -8.274847
55392.000000 -8.593110
55394.000000 -8.911374
55396.000000 -9.229637
55398.000000 -9.547900
55400.000000 -9.866164
55402.000000 -10.184427
55404.000000 -10.502690
55406.000000 -10.820954
55408.000000 -11.139217
55410.000000 -11.457481
55412.000000 -11.775744
55414.000000 -12.094007
55416.000000 -12.412271
55418.000000 -12.730534
55420.000000 -13.048797
55422.000000 -13.367061
55424.000000 -13.685324
55426.000000 -14.003587
55428.000000 0.001295
55430.000000 -14.003587
55432.000000 -14.321851
55434.000000 -14.640114
55436.000000 -14.958377
55438.000000 -15.276641
55440.000000 -15.594904
55442.000000 -15.913167
55444.000000 0.001295
55446.000000 -15.913167
55448.000000 -16.231431
55450.000000 0.001295
55452.000000 5.655823
55454.000000 1.414927
55456.000000 -15.594904
55458.000000 -15.913167
55460.000000 -16.231431
55462.000000 -16.549694
55464.000000 -16.867957
55466.000000 -17.186221
55468.000000 -17.504484
55470.000000 -17.504484
55472.000000 -17.504484
55474.000000 -17.504484
55476.000000 -17.504484
55478.000000 -17.504484
55480.000000 -17.504484
55482.000000 -17.504484
55484.000000 -17.504484
55486.000000 -17.504484
55488.000000 -17.504484
55490.000000 -17.504484
55492.000000 -17.504484
55494.000000 -17.504484
55496.000000 -17.504484
55498.000000 -17.504484
55500.000000 -17.504484
55502.000000 -17.504484
55504.000000 -17.504484
55506.000000 -17.504484
55508.000000 -17.504484
55510.000000 -17.504484
55512.000000 0.001295
55514.000000 1.414927
55516.000000 2.828559
55518.000000 5.655823
55520.000000 8.483087
55522.000000 -16.231431
55524.000000 -16.549694
55526.000000 -16.867957
55528.000000 -17.186221
55530.000000 -17.504484
55532.000000 -17.504484
55534.000000 -17.504484
55536.000000 -17.504484
55538.000000 -17.504484
55540.000000 -17.504484
55542.000000 -17.504484
55544.000000 -17.504484
55546.000000 -17.504484
55548.000000 -17.504484
55550.000000 -17.504484
55552.000000 -17.504484
55554.000000 -17.504484
55556.000000 -17.504484
55558.000000 -17.504484
55560.000000 -17.504484
55562.000000 -17.504484
55564.000000 -17.504484
55566.000000 -17.504484
55568.000000 -17.504484
55570.000000 -17.504484
55572.000000 -17.504484
55574.000000 -17.504484
55576.000000 -17.504484
55578.000000 -17.504484
55580.000000 -17.504484
55582.000000 -17.504484
55584.000000 -17.504484
55586.000000 -17.504484
55588.000000 -17.504484
55590.000000 -17.504484
55592.000000 -17.504484
55594.000000 -17.504484
55596.000000 -17.504484
55598.000000 -17.504484
55600.000000 -17.504484
55602.000000 -17.504484
55604.000000 -17.504484
55606.000000 -17.504484
55608.000000 -17.504484
55610.000000 -17.504484
55612.000000 -17.504484
55614.000000 -17.504484
55616.000000 -17.504484
55618.000000 -17.504484
55620.000000 -17.504484
55622.000000 -17.504484
55624.000000 -17.504484
55626.000000 -17.504484
55628.000000 -17.504484
55630.000000 -17.504484
55632.000000 -17.504484
55634.000000 -17.504484
55636.000000 -17.504484
55638.000000 -17.504484
55640.000000 -17.504484
55642.000000 -17.504484
55644.000000 -17.504484
55646.000000 -17.504484
55648.000000 -17.504484
55650.000000 -17.504484
55652.000000 -17.504484
55654.000000 -17.504484
55656.000000 -17.504484
55658.000000 -17.504484
55660.000000 -17.504484
55662.000000 -17.504484
55664.000000 -17.504484
55666.000000 -17.504484
55668.000000 -17.504484
55670.000000 -17.504484
55672.000000 -17.504484
55674.000000 -17.504484
55676.000000 -17.504484
55678.000000 -17.504484
55680.000000 -17.504484
55682.000000 -17.504484
55684.000000 -17.504484
55686.000000 -17.504484
55688.000000 -17.504484
55690.000000 -17.504484
55692.000000 -17.504484
55694.000000 -17.504484
55696.000000 -17.504484
55698.000000 -17.504484
55700.000000 -17.504484
55702.000000 -17.504484
55704.000000 -17.504484
55706.000000 -17.504484
55708.000000 -17.504484
55710.000000 -17.504484
55712.000000 -17.504484
55714.000000 -17.504484
55716.000000 -17.504484
55718.000000 -17.504484
55720.000000 -17.504484
55722.000000 -17.504484
55724.000000 -17.504484
55726.000000 -17.504484
55728.000000 -17.504484
55730.000000 -17.504484
55732.000000 8.483087
55734.000000 11.321142
55736.000000 14.148406
55738.000000 16.975671
55740.000000 19.802935
55742.000000 16.975671
55744.000000 14.148406
55746.000000 12.723983
55748.000000 11.310351
55750.000000 5.655823
55752.000000 0.001295
55754.000000 1.414927
55756.000000 2.828559
55758.000000 7.069455
55760.000000 11.310351
55762.000000 4.242191
55764.000000 -12.730534
55766.000000 -13.048797
55768.000000 -13.367061
55770.000000 -13.685324
55772.000000 -14.003587
55774.000000 -14.321851
55776.000000 -14.640114
55778.000000 -14.958377
55780.000000 -15.276641
55782.000000 -15.594904
55784.000000 -15.913167
55786.000000 -16.231431
55788.000000 -16.549694
55790.000000 -16.867957
55792.000000 -17.186221
55794.000000 -17.504484
55796.000000 -17.504484
55798.000000 -17.504484
55800.000000 -17.504484
55802.000000 -17.504484
55804.000000 -17.504484
55806.000000 -17.504484
55808.000000 -17.504484
55810.000000 -17.504484
55812.000000 -17.504484
55814.000000 -17.504484
55816.000000 -17.504484
55818.000000 -17.504484
55820.000000 -17.504484
55822.000000 -17.504484
55824.000000 -17.504484
55826.000000 -17.504484
55828.000000 -17.504484
55830.000000 -17.504484
55832.000000 -17.504484
55834.000000 -17.504484
55836.000000 -17.504484
55838.000000 -17.504484
55840.000000 -17.504484
55842.000000 -17.504484
55844.000000 -17.504484
55846.000000 -17.504484
55848.000000 -17.504484
55850.000000 -17.504484
55852.000000 -17.504484
55854.000000 1.414927
55856.000000 5.655823
55858.000000 2.828559
55860.000000 0.001295
55862.000000 2.828559
55864.000000 5.655823
55866.000000 1.414927
55868.000000 -15.594904
55870.000000 -15.913167
55872.000000 -16.231431
55874.000000 -16.549694
55876.000000 -16.867957
55878.000000 0.001295
55880.000000 2.828559
55882.000000 1.414927
55884.000000 0.001295
55886.000000 -15.913167
55888.000000 -16.231431
55890.000000 -16.549694
55892.000000 -16.867957
55894.000000 -17.186221
55896.000000 -17.504484
55898.000000 -17.504484
55900.000000 -17.504484
55902.000000 -17.504484
55904.000000 -17.504484
55906.000000 -17.504484
55908.000000 -17.504484
55910.000000 -17.504484
55912.000000 -17.504484
55914.000000 -17.504484
55916.000000 -17.504484
55918.000000 -17.504484
55920.000000 -17.504484
55922.000000 -17.504484
55924.000000 -17.504484
55926.000000 -17.504484
55928.000000 -17.504484
55930.000000 -17.504484
55932.000000 -17.504484
55934.000000 -17.504484
55936.000000 -17.504484
55938.000000 -17.504484
55940.000000 -17.504484
55942.000000 -17.504484
55944.000000 -17.504484
55946.000000 -17.504484
55948.000000 -17.504484
55950.000000 -17.504484
55952.000000 -17.504484
55954.000000 -17.504484
55956.000000 -17.504484
55958.000000 -17.504484
55960.000000 -17.504484
55962.000000 -17.504484
55964.000000 -17.504484
55966.000000 -17.504484
55968.000000 -17.504484
55970.000000 -17.504484
55972.000000 -17.504484
55974.000000 -17.504484
55976.000000 -17.504484
55978.000000 1.414927
55980.000000 5.655823
55982.000000 7.069455
55984.000000 8.483087
55986.000000 7.069455
55988.000000 5.655823
55990.000000 1.414927
55992.000000 -15.594904
55994.000000 -15.913167
55996.000000 -16.231431
55998.000000 -16.549694
56000.000000 -16.867957
56002.000000 -17.186221
56004.000000 -17.504484
56006.000000 -17.504484
56008.000000 -17.504484
56010.000000 -17.504484
56012.000000 -17.504484
56014.000000 -17.504484
56016.000000 -17.504484
56018.000000 -17.504484
56020.000000 -17.504484
56022.000000 -17.504484
56024.000000 -17.504484
56026.000000 -17.504484
56028.000000 -17.504484
56030.000000 -17.504484
56032.000000 -17.504484
56034.000000 -17.504484
56036.000000 -17.504484
56038.000000 -17.504484
56040.000000 -17.504484
56042.000000 -17.504484
56044.000000 -17.504484
56046.000000 -17.504484
56048.000000 -17.504484
56050.000000 -17.504484
56052.000000 -17.504484
56054.000000 -17.504484
56056.000000 -17.504484
56058.000000 -17.504484
56060.000000 -17.186221
56062.000000 -16.867957
56064.000000 -16.549694
56066.000000 -16.231431
56068.000000 -15.913167
56070.000000 -15.594904
56072.000000 0.001295
56074.000000 0.702715
56076.000000 1.414927
56078.000000 2.127139
56080.000000 2.828559
56082.000000 3.529979
56084.000000 4.242191
56086.000000 4.954403
56088.000000 5.655823
56090.000000 9.896719
56092.000000 14.148406
56094.000000 12.723983
56096.000000 11.310351
56098.000000 15.551247
56100.000000 19.802935
56102.000000 21.216567
56104.000000 22.630199
56106.000000 25.457463
56108.000000 28.284727
56110.000000 29.698359
56112.000000 31.111991
56114.000000 22.630199
56116.000000 14.148406
56118.000000 15.562038
56120.000000 16.975671
56122.000000 14.148406
56124.000000 11.310351
56126.000000 12.723983
56128.000000 14.148406
56130.000000 11.321142
56132.000000 8.483087
56134.000000 5.655823
56136.000000 2.828559
56138.000000 1.414927
56140.000000 0.001295
56142.000000 -4.773950
56144.000000 -5.092214
56146.000000 0.001295
56148.000000 2.828559
56150.000000 -4.773950
56152.000000 -5.092214
56154.000000 -5.410477
56156.000000 -5.728740
56158.000000 -6.047004
56160.000000 -6.365267
56162.000000 -6.683530
56164.000000 -7.001794
56166.000000 -7.320057
56168.000000 -7.638320
56170.000000 -7.956584
56172.000000 -8.274847
56174.000000 -8.593110
56176.000000 -8.911374
56178.000000 -9.229637
56180.000000 -9.547900
56182.000000 -9.866164
56184.000000 -10.184427
56186.000000 -10.502690
56188.000000 -10.820954
56190.000000 -11.139217
56192.000000 -11.457481
56194.000000 -11.775744
56196.000000 -12.094007
56198.000000 -12.412271
56200.000000 -12.730534
56202.000000 -13.048797
56204.000000 -12.730534
56206.000000 -12.412271
56208.000000 -12.094007
56210.000000 -11.775744
56212.000000 -11.457481
56214.000000 -11.139217
56216.000000 -10.820954
56218.000000 -10.502690
56220.000000 -10.184427
56222.000000 -9.866164
56224.000000 -9.547900
56226.000000 -9.229637
56228.000000 -8.911374
56230.000000 -8.752242
56232.000000 -8.752242
56234.000000 -8.752242
56236.000000 -8.752242
56238.000000 -8.752242
56240.000000 -8.752242
56242.000000 -8.752242
56244.000000 -8.752242
56246.000000 -8.752242
56248.000000 -8.752242
56250.000000 -8.752242
56252.000000 -8.752242
56254.000000 -8.752242
56256.000000 -8.752242
56258.000000 -8.752242
56260.000000 -8.752242
56262.000000 -8.752242
56264.000000 -8.752242
56266.000000 -8.752242
56268.000000 -8.752242
56270.000000 -8.752242
56272.000000 -8.752242
56274.000000 -8.752242
56276.000000 -8.752242
56278.000000 -8.752242
56280.000000 -8.752242
56282.000000 -0.001068
56284.000000 -2.333718
56286.000000 -8.433979
56288.000000 -8.752242
56290.000000 -8.752242
56292.000000 -8.752242
56294.000000 -8.752242
56296.000000 -8.752242
56298.000000 -8.752242
56300.000000 -8.752242
56302.000000 -8.752242
56304.000000 -8.752242
56306.000000 -8.752242
56308.000000 0.001295
56310.000000 1.414927
56312.000000 2.828559
56314.000000 4.242191
56316.000000 5.655823
56318.000000 4.242191
56320.000000 2.828559
56322.000000 1.414927
56324.000000 0.001295
56326.000000 4.242191
56328.000000 8.483087
56330.000000 12.723983
56332.000000 16.975671
56334.000000 14.148406
56336.000000 11.310351
56338.000000 14.148406
56340.000000 16.975671
56342.000000 22.630199
56344.000000 28.284727
56346.000000 26.871095
56348.000000 25.457463
56350.000000 24.043831
56352.000000 22.630199
56354.000000 19.802935
56356.000000 16.975671
56358.000000 18.389303
56360.000000 19.802935
56362.000000 16.975671
56364.000000 14.148406
56366.000000 11.310351
56368.000000 8.483087
56370.000000 2.828559
56372.000000 -0.318263
56374.000000 -0.636527
56376.000000 -0.954790
56378.000000 -1.273053
56380.000000 -1.591317
56382.000000 -1.909580
56384.000000 -2.227843
56386.000000 -2.546107
56388.000000 -2.864370
56390.000000 -3.182633
56392.000000 -3.500897
56394.000000 -3.819160
56396.000000 -4.137424
56398.000000 -4.455687
56400.000000 -4.773950
56402.000000 -5.092214
56404.000000 -5.410477
56406.000000 -5.728740
56408.000000 -6.047004
56410.000000 -6.365267
56412.000000 -6.683530
56414.000000 -7.001794
56416.000000 -7.320057
56418.000000 -7.638320
56420.000000 -7.956584
56422.000000 -8.274847
56424.000000 -8.593110
56426.000000 -8.752242
56428.000000 -8.752242
56430.000000 -8.752242
56432.000000 -8.752242
56434.000000 -8.752242
56436.000000 -8.752242
56438.000000 -8.752242
56440.000000 -8.752242
56442.000000 -8.752242
56444.000000 -8.752242
56446.000000 -8.752242
56448.000000 -8.752242
56450.000000 -8.752242
56452.000000 -8.752242
56454.000000 -8.752242
56456.000000 -8.752242
56458.000000 -8.752242
56460.000000 -8.752242
56462.000000 -8.752242
56464.000000 -8.752242
56466.000000 -8.752242
56468.000000 -8.752242
56470.000000 -8.752242
56472.000000 -8.752242
56474.000000 -8.752242
56476.000000 -8.752242
56478.000000 -8.752242
56480.000000 -8.752242
56482.000000 -8.752242
56484.000000 -8.752242
56486.000000 -8.752242
56488.000000 -8.752242
56490.000000 -8.752242
56492.000000 -8.752242
56494.000000 -8.752242
56496.000000 -8.752242
56498.000000 -8.752242
56500.000000 -8.752242
56502.000000 -8.752242
56504.000000 -8.752242
56506.000000 -8.752242
56508.000000 -8.752242
56510.000000 -8.752242
56512.000000 -8.752242
56514.000000 -8.752242
56516.000000 -8.752242
56518.000000 -8.752242
56520.000000 -8.752242
56522.000000 -8.752242
56524.000000 -8.752242
56526.000000 -8.752242
56528.000000 -8.752242
56530.000000 -8.752242
56532.000000 -8.752242
56534.000000 -8.752242
56536.000000 -8.752242
56538.000000 -8.752242
56540.000000 -8.752242
56542.000000 -8.752242
56544.000000 -8.752242
56546.000000 -8.752242
56548.000000 -8.752242
56550.000000 -8.752242
56552.000000 -8.752242
56554.000000 -8.752242
56556.000000 -8.752242
56558.000000 -8.752242
56560.000000 -8.752242
56562.000000 -8.752242
56564.000000 -8.752242
56566.000000 -8.752242
56568.000000 -8.752242
56570.000000 -8.752242
56572.000000 -8.752242
56574.000000 -8.752242
56576.000000 -8.752242
56578.000000 -8.752242
56580.000000 -8.752242
56582.000000 -8.752242
56584.000000 -8.752242
56586.000000 -8.752242
56588.000000 -8.752242
56590.000000 -8.752242
56592.000000 -8.752242
56594.000000 -8.752242
56596.000000 -8.752242
56598.000000 -8.752242
56600.000000 -8.752242
56602.000000 -8.752242
56604.000000 -8.752242
56606.000000 -8.752242
56608.000000 -8.752242
56610.000000 -8.752242
56612.000000 -8.752242
56614.000000 -8.752242
56616.000000 -8.752242
56618.000000 -8.752242
56620.000000 -8.752242
56622.000000 -8.752242
56624.000000 -8.752242
56626.000000 -8.752242
56628.000000 -8.752242
56630.000000 -8.752242
56632.000000 -8.752242
56634.000000 -8.752242
56636.000000 -8.752242
56638.000000 -8.752242
56640.000000 -8.752242
56642.000000 -8.752242
56644.000000 -8.752242
56646.000000 -8.752242
56648.000000 -8.752242
56650.000000 -8.752242
56652.000000 -8.752242
56654.000000 -8.752242
56656.000000 -8.752242
56658.000000 -8.752242
56660.000000 -8.752242
56662.000000 -8.752242
56664.000000 -8.752242
56666.000000 -8.752242
56668.000000 -8.752242
56670.000000 -8.752242
56672.000000 -8.752242
56674.000000 -8.752242
56676.000000 -8.752242
56678.000000 -8.752242
56680.000000 -8.752242
56682.000000 -8.752242
56684.000000 -8.752242
56686.000000 -8.752242
56688.000000 -8.752242
56690.000000 -8.752242
56692.000000 -8.752242
56694.000000 -8.752242
56696.000000 -8.752242
56698.000000 -8.752242
56700.000000 -8.752242
56702.000000 -8.752242
56704.000000 -8.752242
56706.000000 -8.752242
56708.000000 -8.752242
56710.000000 -8.752242
56712.000000 -8.752242
56714.000000 -8.752242
56716.000000 -8.752242
56718.000000 -8.752242
56720.000000 -8.752242
56722.000000 -8.752242
56724.000000 -8.752242
56726.000000 -8.752242
56728.000000 -8.752242
56730.000000 -8.752242
56732.000000 -8.752242
56734.000000 -8.752242
56736.000000 -8.752242
56738.000000 -8.752242
56740.000000 -8.752242
56742.000000 -8.752242
56744.000000 -8.752242
56746.000000 -8.752242
56748.000000 -8.752242
56750.000000 -8.752242
56752.000000 -8.752242
56754.000000 -8.752242
56756.000000 -8.752242
56758.000000 -8.752242
56760.000000 -8.752242
56762.000000 -8.752242
56764.000000 -8.752242
56766.000000 -8.752242
56768.000000 -8.752242
56770.000000 -8.752242
56772.000000 -8.752242
56774.000000 -8.752242
56776.000000 -8.752242
56778.000000 0.001295
56780.000000 2.828559
56782.000000 0.001295
56784.000000 -8.115715
56786.000000 0.702715
56788.000000 4.242191
56790.000000 7.781667
56792.000000 11.310351
56794.000000 12.723983
56796.000000 14.148406
56798.000000 9.896719
56800.000000 5.655823
56802.000000 1.414927
56804.000000 -5.569609
56806.000000 -5.887872
56808.000000 0.001295
56810.000000 1.414927
56812.000000 2.828559
56814.000000 1.414927
56816.000000 0.001295
56818.000000 -4.614819
56820.000000 -4.933082
56822.000000 -5.251345
56824.000000 -5.569609
56826.000000 -5.887872
56828.000000 -6.206135
56830.000000 -6.524399
56832.000000 -6.842662
56834.000000 -7.160925
56836.000000 -7.479189
56838.000000 -7.797452
56840.000000 -8.115715
56842.000000 -8.433979
56844.000000 -8.752242
56846.000000 -8.752242
56848.000000 -8.752242
56850.000000 -8.752242
56852.000000 -8.752242
56854.000000 -8.752242
56856.000000 -8.752242
56858.000000 -8.752242
56860.000000 -8.752242
56862.000000 -8.752242
56864.000000 -8.752242
56866.000000 -8.752242
56868.000000 -8.752242
56870.000000 -8.752242
56872.000000 -8.752242
56874.000000 -8.752242
56876.000000 2.828559
56878.000000 7.069455
56880.000000 11.310351
56882.000000 15.551247
56884.000000 19.802935
56886.000000 9.896719
56888.000000 0.001295
56890.000000 2.828559
56892.000000 5.655823
56894.000000 4.242191
56896.000000 2.828559
56898.000000 4.242191
56900.000000 5.655823
56902.000000 0.001295
56904.000000 -4.614819
56906.000000 -4.933082
56908.000000 -5.251345
56910.000000 -5.569609
56912.000000 -5.887872
56914.000000 -6.206135
56916.000000 -6.524399
56918.000000 -6.842662
56920.000000 -7.160925
56922.000000 -7.479189
56924.000000 -7.797452
56926.000000 -8.115715
56928.000000 -8.433979
56930.000000 -8.752242
56932.000000 -8.752242
56934.000000 -8.752242
56936.000000 -8.752242
56938.000000 -8.752242
56940.000000 -8.752242
56942.000000 -8.752242
56944.000000 -8.752242
56946.000000 -8.752242
56948.000000 5.655823
56950.000000 1.414927
56952.000000 -8.433979
56954.000000 -8.752242
56956.000000 -8.752242
56958.000000 -8.752242
56960.000000 -8.752242
56962.000000 -8.752242
56964.000000 -8.752242
56966.000000 -8.752242
56968.000000 -8.752242
56970.000000 -8.752242
56972.000000 -8.752242
56974.000000 -8.752242
56976.000000 -8.752242
56978.000000 -8.752242
56980.000000 -8.752242
56982.000000 -8.752242
56984.000000 -8.752242
56986.000000 -8.752242
56988.000000 -8.752242
56990.000000 -8.752242
56992.000000 -8.752242
56994.000000 -8.752242
56996.000000 0.001295
56998.000000 5.655823
57000.000000 11.310351
57002.000000 9.896719
57004.000000 8.483087
57006.000000 5.655823
57008.000000 2.828559
57010.000000 0.001295
57012.000000 -6.524399
57014.000000 -6.842662
57016.000000 -7.160925
57018.000000 -7.479189
57020.000000 -7.797452
57022.000000 -8.115715
57024.000000 -8.433979
57026.000000 -8.752242
57028.000000 0.001295
57030.000000 -8.752242
57032.000000 -8.752242
57034.000000 -8.752242
57036.000000 -8.752242
57038.000000 -8.752242
57040.000000 0.001295
57042.000000 2.828559
57044.000000 5.655823
57046.000000 1.414927
57048.000000 -7.797452
57050.000000 -8.115715
57052.000000 0.001295
57054.000000 1.414927
57056.000000 2.828559
57058.000000 5.655823
57060.000000 8.483087
57062.000000 9.896719
57064.000000 11.310351
57066.000000 10.608931
57068.000000 9.896719
57070.000000 9.184508
57072.000000 8.483087
57074.000000 4.242191
57076.000000 0.001295
57078.000000 4.242191
57080.000000 8.483087
57082.000000 11.321142
57084.000000 14.148406
57086.000000 16.975671
57088.000000 19.802935
57090.000000 24.043831
57092.000000 28.284727
57094.000000 24.043831
57096.000000 19.802935
57098.000000 22.630199
57100.000000 25.457463
57102.000000 22.630199
57104.000000 19.802935
57106.000000 22.630199
57108.000000 25.457463
57110.000000 29.709150
57112.000000 33.950046
57114.000000 31.111991
57116.000000 28.284727
57118.000000 32.536414
57120.000000 36.777310
57122.000000 38.190942
57124.000000 39.604574
57126.000000 35.363678
57128.000000 31.111991
57130.000000 25.457463
57132.000000 19.802935
57134.000000 18.389303
57136.000000 16.975671
57138.000000 19.802935
57140.000000 22.630199
57142.000000 24.043831
57144.000000 25.457463
57146.000000 26.871095
57148.000000 28.284727
57150.000000 31.111991
57152.000000 33.950046
57154.000000 36.777310
57156.000000 39.604574
57158.000000 41.018206
57160.000000 42.431838
57162.000000 43.845470
57164.000000 45.259102
57166.000000 50.924422
57168.000000 56.578950
57170.000000 53.751686
57172.000000 50.913631
57174.000000 48.086367
57176.000000 45.259102
57178.000000 42.431838
57180.000000 39.604574
57182.000000 41.018206
57184.000000 42.431838
57186.000000 41.018206
57188.000000 39.604574
57190.000000 41.018206
57192.000000 42.431838
57194.000000 35.363678
57196.000000 28.284727
57198.000000 21.216567
57200.000000 14.148406
57202.000000 12.723983
57204.000000 11.310351
57206.000000 12.723983
57208.000000 14.148406
57210.000000 12.723983
57212.000000 11.310351
57214.000000 12.723983
57216.000000 14.148406
57218.000000 15.562038
57220.000000 16.975671
57222.000000 17.687882
57224.000000 18.389303
57226.000000 19.090723
57228.000000 19.802935
57230.000000 21.216567
57232.000000 22.630199
57234.000000 19.802935
57236.000000 16.975671
57238.000000 21.216567
57240.000000 25.457463
57242.000000 23.342410
57244.000000 21.216567
57246.000000 19.090723
57248.000000 16.975671
57250.000000 15.562038
57252.000000 14.148406
57254.000000 12.723983
57256.000000 11.310351
57258.000000 15.551247
57260.000000 19.802935
57262.000000 28.284727
57264.000000 36.777310
57266.000000 36.075890
57268.000000 35.363678
57270.000000 34.651467
57272.000000 33.950046
57274.000000 36.777310
57276.000000 39.604574
57278.000000 38.190942
57280.000000 36.777310
57282.000000 35.363678
57284.000000 33.950046
57286.000000 38.190942
57288.000000 42.431838
57290.000000 45.259102
57292.000000 48.086367
57294.000000 42.431838
57296.000000 36.777310
57298.000000 38.190942
57300.000000 39.604574
57302.000000 35.363678
57304.000000 31.111991
57306.000000 26.871095
57308.000000 22.630199
57310.000000 18.389303
57312.000000 14.148406
57314.000000 15.562038
57316.000000 16.975671
57318.000000 18.389303
57320.000000 19.802935
57322.000000 21.917987
57324.000000 24.043831
57326.000000 26.169674
57328.000000 28.284727
57330.000000 29.698359
57332.000000 31.111991
57334.000000 33.939255
57336.000000 36.777310
57338.000000 39.604574
57340.000000 42.431838
57342.000000 41.018206
57344.000000 39.604574
57346.000000 36.777310
57348.000000 33.950046
57350.000000 33.237835
57352.000000 32.536414
57354.000000 31.824202
57356.000000 31.111991
57358.000000 35.363678
57360.000000 39.604574
57362.000000 42.431838
57364.000000 45.259102
57366.000000 43.845470
57368.000000 42.431838
57370.000000 41.018206
57372.000000 39.604574
57374.000000 38.190942
57376.000000 36.777310
57378.000000 38.190942
57380.000000 39.604574
57382.000000 42.431838
57384.000000 45.259102
57386.000000 41.018206
57388.000000 36.777310
57390.000000 39.604574
57392.000000 42.431838
57394.000000 39.604574
57396.000000 36.777310
57398.000000 33.939255
57400.000000 31.111991
57402.000000 32.536414
57404.000000 33.950046
57406.000000 31.111991
57408.000000 28.284727
57410.000000 27.809919
57412.000000 27.345903
57414.000000 26.871095
57416.000000 26.396287
57418.000000 25.932270
57420.000000 25.457463
57422.000000 28.284727
57424.000000 31.111991
57426.000000 33.939255
57428.000000 36.777310
57430.000000 38.190942
57432.000000 39.604574
57434.000000 40.305995
57436.000000 41.018206
57438.000000 41.730418
57440.000000 42.431838
57442.000000 41.730418
57444.000000 41.018206
57446.000000 40.305995
57448.000000 39.604574
57450.000000 41.018206
57452.000000 42.431838
57454.000000 45.259102
57456.000000 48.086367
57458.000000 46.672734
57460.000000 45.259102
57462.000000 46.672734
57464.000000 48.086367
57466.000000 53.751686
57468.000000 59.406214
57470.000000 57.992582
57472.000000 56.578950
57474.000000 55.629334
57476.000000 54.690510
57478.000000 53.751686
57480.000000 52.802070
57482.000000 51.852455
57484.000000 50.913631
57486.000000 48.086367
57488.000000 45.259102
57490.000000 45.960523
57492.000000 46.672734
57494.000000 47.384946
57496.000000 48.086367
57498.000000 43.845470
57500.000000 39.604574
57502.000000 38.190942
57504.000000 36.777310
57506.000000 35.363678
57508.000000 33.950046
57510.000000 31.111991
57512.000000 28.284727
57514.000000 19.802935
57516.000000 11.310351
57518.000000 9.896719
57520.000000 8.483087
57522.000000 7.069455
57524.000000 5.655823
57526.000000 11.321142
57528.000000 16.975671
57530.000000 19.802935
57532.000000 22.630199
57534.000000 24.043831
57536.000000 25.457463
57538.000000 29.709150
57540.000000 33.950046
57542.000000 32.536414
57544.000000 31.111991
57546.000000 33.939255
57548.000000 36.777310
57550.000000 35.363678
57552.000000 33.950046
57554.000000 34.651467
57556.000000 35.363678
57558.000000 36.075890
57560.000000 36.777310
57562.000000 33.939255
57564.000000 31.111991
57566.000000 21.205776
57568.000000 11.310351
57570.000000 1.414927
57572.000000 -0.318263
57574.000000 -0.636527
57576.000000 -0.954790
57578.000000 -1.273053
57580.000000 -1.591317
57582.000000 -1.909580
57584.000000 -2.227843
57586.000000 -2.546107
57588.000000 -2.864370
57590.000000 -3.182633
57592.000000 -3.500897
57594.000000 -3.819160
57596.000000 -4.137424
57598.000000 -4.455687
57600.000000 0.001295
57602.000000 -4.455687
57604.000000 -4.773950
57606.000000 -5.092214
57608.000000 -5.410477
57610.000000 -5.728740
57612.000000 -6.047004
57614.000000 -6.365267
57616.000000 -6.683530
57618.000000 -7.001794
57620.000000 -7.320057
57622.000000 -7.638320
57624.000000 -7.956584
57626.000000 -8.274847
57628.000000 -8.593110
57630.000000 -8.911374
57632.000000 -9.229637
57634.000000 -9.547900
57636.000000 -9.866164
57638.000000 -10.184427
57640.000000 -10.502690
57642.000000 -10.820954
57644.000000 -11.139217
57646.000000 -11.457481
57648.000000 -11.775744
57650.000000 -12.094007
57652.000000 -12.412271
57654.000000 -12.730534
57656.000000 -13.048797
57658.000000 -13.367061
57660.000000 -13.685324
57662.000000 -14.003587
57664.000000 -14.321851
57666.000000 -14.640114
57668.000000 -14.958377
57670.000000 -15.276641
57672.000000 -15.594904
57674.000000 -15.913167
57676.000000 -16.231431
57678.000000 -16.549694
57680.000000 -16.867957
57682.000000 -17.186221
57684.000000 -17.504484
57686.000000 -17.504484
57688.000000 -17.504484
57690.000000 -17.504484
57692.000000 -17.504484
57694.000000 -17.504484
57696.000000 -17.504484
57698.000000 -17.504484
57700.000000 -17.504484
57702.000000 -17.504484
57704.000000 -17.504484
57706.000000 -17.504484
57708.000000 -17.504484
57710.000000 -17.504484
57712.000000 -17.504484
57714.000000 -17.504484
57716.000000 -17.504484
57718.000000 -17.504484
57720.000000 -17.504484
57722.000000 -17.504484
57724.000000 -17.504484
57726.000000 -17.504484
57728.000000 -17.504484
57730.000000 -17.504484
57732.000000 -17.504484
57734.000000 -17.504484
57736.000000 -17.504484
57738.000000 -17.504484
57740.000000 -17.504484
57742.000000 -17.504484
57744.000000 -17.504484
57746.000000 -17.504484
57748.000000 -2.333718
57750.000000 -1.167393
57752.000000 -0.001068
57754.000000 -16.867957
57756.000000 -17.186221
57758.000000 -17.504484
57760.000000 -17.504484
57762.000000 -17.504484
57764.000000 -17.504484
57766.000000 -17.504484
57768.000000 -17.504484
57770.000000 -17.504484
57772.000000 -17.504484
57774.000000 -17.504484
57776.000000 -17.504484
57778.000000 -17.504484
57780.000000 -17.504484
57782.000000 -17.504484
57784.000000 -17.504484
57786.000000 -17.504484
57788.000000 -17.504484
57790.000000 -17.504484
57792.000000 -17.504484
57794.000000 -17.504484
57796.000000 -17.504484
57798.000000 -17.504484
57800.000000 -17.504484
57802.000000 -17.504484
57804.000000 -17.504484
57806.000000 -17.504484
57808.000000 -17.504484
57810.000000 -17.504484
57812.000000 -17.504484
57814.000000 -17.504484
57816.000000 -17.504484
57818.000000 -17.504484
57820.000000 -17.504484
57822.000000 -17.504484
57824.000000 -17.504484
57826.000000 -17.504484
57828.000000 -17.504484
57830.000000 -17.504484
57832.000000 -17.504484
57834.000000 -17.504484
57836.000000 -17.504484
57838.000000 -17.504484
57840.000000 -17.504484
57842.000000 -17.504484
57844.000000 -17.504484
57846.000000 -17.504484
57848.000000 -17.504484
57850.000000 -17.504484
57852.000000 -17.504484
57854.000000 -17.504484
57856.000000 -17.504484
57858.000000 -17.504484
57860.000000 -17.504484
57862.000000 -17.504484
57864.000000 -17.504484
57866.000000 -17.504484
57868.000000 -17.504484
57870.000000 -17.504484
57872.000000 -17.504484
57874.000000 -17.504484
57876.000000 -17.504484
57878.000000 -17.504484
57880.000000 -17.504484
57882.000000 -17.504484
57884.000000 -17.504484
57886.000000 -17.504484
57888.000000 -17.504484
57890.000000 -17.504484
57892.000000 -17.504484
57894.000000 -17.504484
57896.000000 -17.504484
57898.000000 -17.504484
57900.000000 -17.504484
57902.000000 -17.504484
57904.000000 -17.504484
57906.000000 -17.504484
57908.000000 -17.504484
57910.000000 -17.504484
57912.000000 -17.504484
57914.000000 -17.504484
57916.000000 -17.504484
57918.000000 -17.504484
57920.000000 -17.504484
57922.000000 -17.504484
57924.000000 -17.504484
57926.000000 -17.504484
57928.000000 -17.504484
57930.000000 -17.504484
57932.000000 -17.504484
57934.000000 -17.504484
57936.000000 -17.504484
57938.000000 -17.504484
57940.000000 -17.504484
57942.000000 1.414927
57944.000000 8.483087
57946.000000 9.896719
57948.000000 11.310351
57950.000000 12.723983
57952.000000 14.148406
57954.000000 11.321142
57956.000000 8.483087
57958.000000 11.321142
57960.000000 14.148406
57962.000000 10.674344
57964.000000 7.200282
57966.000000 3.726220
57968.000000 31.111991
57970.000000 31.586799
57972.000000 32.061606
57974.000000 32.536414
57976.000000 33.000431
57978.000000 33.475238
57980.000000 33.950046
57982.000000 35.363678
57984.000000 36.777310
57986.000000 33.950046
57988.000000 31.111991
57990.000000 28.284727
57992.000000 25.457463
57994.000000 18.378511
57996.000000 11.310351
57998.000000 15.551247
58000.000000 19.802935
58002.000000 21.216567
58004.000000 22.630199
58006.000000 19.802935
58008.000000 16.975671
58010.000000 15.562038
58012.000000 14.148406
58014.000000 4.242191
58016.000000 -6.047004
58018.000000 -6.365267
58020.000000 -6.683530
58022.000000 -7.001794
58024.000000 -7.320057
58026.000000 -7.638320
58028.000000 -7.956584
58030.000000 -8.274847
58032.000000 -8.593110
58034.000000 -8.911374
58036.000000 -9.229637
58038.000000 -9.547900
58040.000000 -9.866164
58042.000000 -10.184427
58044.000000 -10.502690
58046.000000 -10.820954
58048.000000 -11.139217
58050.000000 -11.457481
58052.000000 -11.775744
58054.000000 -12.094007
58056.000000 -12.412271
58058.000000 -12.730534
58060.000000 -13.048797
58062.000000 -13.367061
58064.000000 -13.685324
58066.000000 -14.003587
58068.000000 -14.321851
58070.000000 -14.640114
58072.000000 -14.958377
58074.000000 -15.276641
58076.000000 -15.594904
58078.000000 -15.913167
58080.000000 -16.231431
58082.000000 -16.549694
58084.000000 -16.867957
58086.000000 -17.186221
58088.000000 -17.504484
58090.000000 -17.504484
58092.000000 -17.504484
58094.000000 -17.504484
58096.000000 -17.504484
58098.000000 -17.504484
58100.000000 -17.504484
58102.000000 -17.504484
58104.000000 -17.504484
58106.000000 -17.504484
58108.000000 -17.504484
58110.000000 -17.504484
58112.000000 -17.504484
58114.000000 -17.504484
58116.000000 -17.504484
58118.000000 -17.504484
58120.000000 -17.504484
58122.000000 -17.504484
58124.000000 -17.504484
58126.000000 -17.504484
58128.000000 -17.504484
58130.000000 -17.504484
58132.000000 -17.504484
58134.000000 -17.504484
58136.000000 -17.504484
58138.000000 -17.504484
58140.000000 -17.504484
58142.000000 -17.504484
58144.000000 -17.504484
58146.000000 -17.504484
58148.000000 -17.504484
58150.000000 -17.504484
58152.000000 -17.504484
58154.000000 -17.504484
58156.000000 -17.504484
58158.000000 -17.504484
58160.000000 -17.504484
58162.000000 -17.504484
58164.000000 -17.504484
58166.000000 -17.504484
58168.000000 -17.504484
58170.000000 -17.504484
58172.000000 -17.504484
58174.000000 -17.504484
58176.000000 -17.504484
58178.000000 -17.504484
58180.000000 -17.504484
58182.000000 -17.504484
58184.000000 -17.504484
58186.000000 -17.504484
58188.000000 -17.504484
58190.000000 -17.504484
58192.000000 -17.504484
58194.000000 -17.504484
58196.000000 -17.504484
58198.000000 -17.504484
58200.000000 -17.504484
58202.000000 -17.504484
58204.000000 -17.504484
58206.000000 -17.504484
58208.000000 -17.504484
58210.000000 -17.504484
58212.000000 -17.504484
58214.000000 -17.504484
58216.000000 -17.504484
58218.000000 -17.504484
58220.000000 -17.504484
58222.000000 -17.504484
58224.000000 -17.504484
58226.000000 -17.504484
58228.000000 -17.504484
58230.000000 -17.504484
58232.000000 -17.504484
58234.000000 -17.504484
58236.000000 -17.504484
58238.000000 -17.504484
58240.000000 -17.504484
58242.000000 -17.504484
58244.000000 -17.504484
58246.000000 -17.504484
58248.000000 -17.504484
58250.000000 -17.504484
58252.000000 -17.504484
58254.000000 -17.504484
58256.000000 -17.504484
58258.000000 -17.504484
58260.000000 -17.504484
58262.000000 -17.504484
58264.000000 -17.504484
58266.000000 -17.504484
58268.000000 -17.504484
58270.000000 0.702715
58272.000000 2.828559
58274.000000 1.414927
58276.000000 0.001295
58278.000000 1.414927
58280.000000 2.828559
58282.000000 9.896719
58284.000000 16.975671
58286.000000 16.263459
58288.000000 15.562038
58290.000000 14.860618
58292.000000 14.148406
58294.000000 16.975671
58296.000000 19.802935
58298.000000 29.709150
58300.000000 39.604574
58302.000000 45.259102
58304.000000 50.913631
58306.000000 45.259102
58308.000000 39.604574
58310.000000 40.305995
58312.000000 41.018206
58314.000000 41.730418
58316.000000 42.431838
58318.000000 43.845470
58320.000000 45.259102
58322.000000 46.672734
58324.000000 48.086367
58326.000000 43.845470
58328.000000 39.604574
58330.000000 41.018206
58332.000000 42.431838
58334.000000 39.604574
58336.000000 36.766519
58338.000000 33.939255
58340.000000 31.111991
58342.000000 29.698359
58344.000000 28.284727
58346.000000 26.871095
58348.000000 25.457463
58350.000000 19.802935
58352.000000 14.148406
58354.000000 11.321142
58356.000000 8.483087
58358.000000 -3.819160
58360.000000 -4.137424
58362.000000 -4.455687
58364.000000 -4.773950
58366.000000 -5.092214
58368.000000 -5.410477
58370.000000 -5.728740
58372.000000 -6.047004
58374.000000 -6.365267
58376.000000 -6.683530
58378.000000 -7.001794
58380.000000 -7.320057
58382.000000 -7.638320
58384.000000 -7.956584
58386.000000 -8.274847
58388.000000 -8.593110
58390.000000 -8.911374
58392.000000 -9.229637
58394.000000 -9.547900
58396.000000 -9.866164
58398.000000 -10.184427
58400.000000 -10.502690
58402.000000 -10.820954
58404.000000 -11.139217
58406.000000 4.242191
58408.000000 11.310351
58410.000000 12.723983
58412.000000 14.148406
58414.000000 18.389303
58416.000000 22.630199
58418.000000 28.284727
58420.000000 33.950046
58422.000000 38.190942
58424.000000 42.431838
58426.000000 40.305995
58428.000000 38.190942
58430.000000 36.075890
58432.000000 33.950046
58434.000000 35.363678
58436.000000 36.777310
58438.000000 41.018206
58440.000000 45.259102
58442.000000 42.431838
58444.000000 39.604574
58446.000000 33.939255
58448.000000 28.284727
58450.000000 22.630199
58452.000000 16.975671
58454.000000 19.802935
58456.000000 22.630199
58458.000000 21.216567
58460.000000 19.802935
58462.000000 21.216567
58464.000000 22.630199
58466.000000 21.216567
58468.000000 19.802935
58470.000000 18.389303
58472.000000 16.975671
58474.000000 14.148406
58476.000000 11.310351
58478.000000 7.781667
58480.000000 4.242191
58482.000000 0.702715
58484.000000 -0.318263
58486.000000 2.828559
58488.000000 8.483087
58490.000000 16.975671
58492.000000 25.457463
58494.000000 26.871095
58496.000000 28.284727
58498.000000 32.536414
58500.000000 36.777310
58502.000000 35.363678
58504.000000 33.950046
58506.000000 31.111991
58508.000000 28.284727
58510.000000 31.111991
58512.000000 33.950046
58514.000000 38.190942
58516.000000 42.431838
58518.000000 39.604574
58520.000000 36.777310
58522.000000 29.709150
58524.000000 22.630199
58526.000000 15.551247
58528.000000 8.483087
58530.000000 7.069455
58532.000000 5.655823
58534.000000 6.713349
58536.000000 7.781667
58538.000000 8.839193
58540.000000 9.896719
58542.000000 10.965037
58544.000000 12.022563
58546.000000 13.090880
58548.000000 14.148406
58550.000000 8.493878
58552.000000 2.828559
58554.000000 5.655823
58556.000000 8.483087
58558.000000 14.148406
58560.000000 19.802935
58562.000000 18.389303
58564.000000 16.975671
58566.000000 16.263459
58568.000000 15.562038
58570.000000 14.860618
58572.000000 14.148406
58574.000000 18.389303
58576.000000 22.630199
58578.000000 24.043831
58580.000000 25.457463
58582.000000 19.802935
58584.000000 14.148406
58586.000000 15.562038
58588.000000 16.975671
58590.000000 18.389303
58592.000000 19.802935
58594.000000 24.043831
58596.000000 28.284727
58598.000000 19.802935
58600.000000 11.310351
58602.000000 12.723983
58604.000000 14.148406
58606.000000 15.562038
58608.000000 16.975671
58610.000000 14.148406
58612.000000 11.310351
58614.000000 12.723983
58616.000000 14.148406
58618.000000 19.802935
58620.000000 25.457463
58622.000000 29.709150
58624.000000 33.950046
58626.000000 33.237835
58628.000000 32.536414
58630.000000 31.824202
58632.000000 31.111991
58634.000000 32.536414
58636.000000 33.950046
58638.000000 32.536414
58640.000000 31.111991
58642.000000 29.698359
58644.000000 28.284727
58646.000000 25.457463
58648.000000 22.630199
58650.000000 16.975671
58652.000000 11.310351
58654.000000 7.069455
58656.000000 2.828559
58658.000000 3.529979
58660.000000 4.242191
58662.000000 4.954403
58664.000000 5.655823
58666.000000 7.069455
58668.000000 8.483087
58670.000000 9.896719
58672.000000 11.310351
58674.000000 14.148406
58676.000000 16.975671
58678.000000 22.630199
58680.000000 28.284727
58682.000000 25.457463
58684.000000 22.630199
58686.000000 33.939255
58688.000000 45.259102
58690.000000 38.190942
58692.000000 31.111991
58694.000000 42.431838
58696.000000 53.751686
58698.000000 52.327263
58700.000000 50.913631
58702.000000 46.672734
58704.000000 42.431838
58706.000000 38.190942
58708.000000 33.950046
58710.000000 36.777310
58712.000000 39.604574
58714.000000 42.431838
58716.000000 45.259102
58718.000000 43.845470
58720.000000 42.431838
58722.000000 41.018206
58724.000000 39.604574
58726.000000 41.018206
58728.000000 42.431838
58730.000000 43.845470
58732.000000 45.259102
58734.000000 48.086367
58736.000000 50.913631
58738.000000 43.845470
58740.000000 36.777310
58742.000000 38.190942
58744.000000 39.604574
58746.000000 43.845470
58748.000000 48.086367
58750.000000 45.259102
58752.000000 42.431838
58754.000000 38.190942
58756.000000 33.950046
58758.000000 36.777310
58760.000000 39.604574
58762.000000 36.777310
58764.000000 33.950046
58766.000000 28.284727
58768.000000 22.630199
58770.000000 16.975671
58772.000000 11.310351
58774.000000 10.608931
58776.000000 9.896719
58778.000000 9.184508
58780.000000 8.483087
58782.000000 4.242191
58784.000000 0.001295
58786.000000 0.702715
58788.000000 1.414927
58790.000000 2.127139
58792.000000 2.828559
58794.000000 14.148406
58796.000000 25.457463
58798.000000 24.745251
58800.000000 24.043831
58802.000000 23.342410
58804.000000 22.630199
58806.000000 23.342410
58808.000000 24.043831
58810.000000 24.745251
58812.000000 25.457463
58814.000000 24.043831
58816.000000 22.630199
58818.000000 21.216567
58820.000000 19.802935
58822.000000 12.723983
58824.000000 5.655823
58826.000000 4.242191
58828.000000 2.828559
58830.000000 8.493878
58832.000000 14.148406
58834.000000 14.148406
58836.000000 14.148406
58838.000000 16.975671
58840.000000 19.802935
58842.000000 18.389303
58844.000000 16.975671
58846.000000 17.914495
58848.000000 18.864110
58850.000000 19.802935
58852.000000 20.741759
58854.000000 21.691374
58856.000000 22.630199
58858.000000 21.917987
58860.000000 21.216567
58862.000000 20.515146
58864.000000 19.802935
58866.000000 22.630199
58868.000000 25.457463
58870.000000 24.043831
58872.000000 22.630199
58874.000000 21.216567
58876.000000 19.802935
58878.000000 22.630199
58880.000000 25.457463
58882.000000 29.709150
58884.000000 33.950046
58886.000000 31.111991
58888.000000 28.284727
58890.000000 31.111991
58892.000000 33.950046
58894.000000 35.363678
58896.000000 36.777310
58898.000000 39.604574
58900.000000 42.431838
58902.000000 45.971314
58904.000000 49.499999
58906.000000 53.039474
58908.000000 56.578950
58910.000000 52.327263
58912.000000 48.086367
58914.000000 46.672734
58916.000000 45.259102
58918.000000 48.086367
58920.000000 50.913631
58922.000000 48.086367
58924.000000 45.259102
58926.000000 46.672734
58928.000000 48.086367
58930.000000 52.327263
58932.000000 56.578950
58934.000000 53.751686
58936.000000 50.924422
58938.000000 48.086367
58940.000000 45.259102
58942.000000 46.672734
58944.000000 48.086367
58946.000000 46.672734
58948.000000 45.259102
58950.000000 43.845470
58952.000000 42.431838
58954.000000 45.259102
58956.000000 48.086367
58958.000000 56.578950
58960.000000 65.060742
58962.000000 62.233478
58964.000000 59.406214
58966.000000 55.154527
58968.000000 50.913631
58970.000000 46.672734
58972.000000 42.431838
58974.000000 39.604574
58976.000000 36.777310
58978.000000 41.018206
58980.000000 45.259102
58982.000000 46.672734
58984.000000 48.086367
58986.000000 47.611559
58988.000000 47.147542
58990.000000 46.672734
58992.000000 46.197927
58994.000000 45.733910
58996.000000 45.259102
58998.000000 41.018206
59000.000000 36.777310
59002.000000 35.363678
59004.000000 33.950046
59006.000000 38.190942
59008.000000 42.431838
59010.000000 41.018206
59012.000000 39.604574
59014.000000 43.845470
59016.000000 48.086367
59018.000000 46.672734
59020.000000 45.259102
59022.000000 48.086367
59024.000000 50.913631
59026.000000 46.672734
59028.000000 42.431838
59030.000000 45.259102
59032.000000 48.086367
59034.000000 52.327263
59036.000000 56.578950
59038.000000 53.751686
59040.000000 50.913631
59042.000000 53.751686
59044.000000 56.578950
59046.000000 55.165318
59048.000000 53.751686
59050.000000 52.338054
59052.000000 50.924422
59054.000000 49.499999
59056.000000 48.086367
59058.000000 46.672734
59060.000000 45.259102
59062.000000 46.672734
59064.000000 48.086367
59066.000000 46.672734
59068.000000 45.259102
59070.000000 52.327263
59072.000000 59.406214
59074.000000 63.647110
59076.000000 67.888006
59078.000000 69.301638
59080.000000 70.715270
59082.000000 70.359164
59084.000000 70.003059
59086.000000 69.657744
59088.000000 69.301638
59090.000000 68.945532
59092.000000 68.600218
59094.000000 68.244112
59096.000000 67.888006
59098.000000 69.301638
59100.000000 70.715270
59102.000000 73.542534
59104.000000 76.380590
59106.000000 73.542534
59108.000000 70.715270
59110.000000 67.888006
59112.000000 65.060742
59114.000000 70.715270
59116.000000 76.380590
59118.000000 74.966957
59120.000000 73.553325
59122.000000 69.312429
59124.000000 65.060742
59126.000000 62.233478
59128.000000 59.406214
59130.000000 52.327263
59132.000000 45.259102
59134.000000 46.672734
59136.000000 48.086367
59138.000000 46.672734
59140.000000 45.259102
59142.000000 43.845470
59144.000000 42.431838
59146.000000 41.018206
59148.000000 39.604574
59150.000000 38.190942
59152.000000 36.777310
59154.000000 38.190942
59156.000000 39.604574
59158.000000 38.903154
59160.000000 38.190942
59162.000000 37.478731
59164.000000 36.777310
59166.000000 35.363678
59168.000000 33.950046
59170.000000 31.111991
59172.000000 28.284727
59174.000000 25.457463
59176.000000 22.630199
59178.000000 24.043831
59180.000000 25.457463
59182.000000 26.871095
59184.000000 28.284727
59186.000000 22.630199
59188.000000 16.975671
59190.000000 7.069455
59192.000000 -0.318263
59194.000000 -0.636527
59196.000000 0.001295
59198.000000 1.414927
59200.000000 2.828559
59202.000000 0.001295
59204.000000 -0.318263
59206.000000 -0.636527
59208.000000 0.001295
59210.000000 -0.636527
59212.000000 -0.954790
59214.000000 -1.273053
59216.000000 -1.591317
59218.000000 -1.909580
59220.000000 -2.227843
59222.000000 -2.546107
59224.000000 -2.864370
59226.000000 -3.182633
59228.000000 -3.500897
59230.000000 -3.819160
59232.000000 -4.137424
59234.000000 -4.455687
59236.000000 -4.773950
59238.000000 -5.092214
59240.000000 -5.410477
59242.000000 -5.728740
59244.000000 -6.047004
59246.000000 -6.365267
59248.000000 -6.683530
59250.000000 -7.001794
59252.000000 -7.320057
59254.000000 -7.638320
59256.000000 -7.956584
59258.000000 -8.274847
59260.000000 -8.593110
59262.000000 -8.911374
59264.000000 -9.229637
59266.000000 -9.547900
59268.000000 -9.866164
59270.000000 -10.184427
59272.000000 -10.502690
59274.000000 -10.820954
59276.000000 -11.139217
59278.000000 -11.457481
59280.000000 -11.775744
59282.000000 -12.094007
59284.000000 -12.412271
59286.000000 -12.730534
59288.000000 0.001295
59290.000000 0.702715
59292.000000 1.414927
59294.000000 2.127139
59296.000000 2.828559
59298.000000 8.493878
59300.000000 14.148406
59302.000000 18.389303
59304.000000 22.630199
59306.000000 24.043831
59308.000000 25.457463
59310.000000 22.630199
59312.000000 19.802935
59314.000000 21.216567
59316.000000 22.630199
59318.000000 24.043831
59320.000000 25.457463
59322.000000 22.630199
59324.000000 19.802935
59326.000000 16.975671
59328.000000 14.148406
59330.000000 11.321142
59332.000000 8.483087
59334.000000 12.723983
59336.000000 16.975671
59338.000000 18.389303
59340.000000 19.802935
59342.000000 21.216567
59344.000000 22.630199
59346.000000 21.216567
59348.000000 19.802935
59350.000000 18.389303
59352.000000 16.975671
59354.000000 15.562038
59356.000000 14.148406
59358.000000 11.321142
59360.000000 8.483087
59362.000000 9.896719
59364.000000 11.310351
59366.000000 5.655823
59368.000000 0.001295
59370.000000 1.414927
59372.000000 2.828559
59374.000000 8.493878
59376.000000 14.148406
59378.000000 12.723983
59380.000000 11.310351
59382.000000 14.148406
59384.000000 16.975671
59386.000000 22.630199
59388.000000 28.284727
59390.000000 29.234342
59392.000000 30.173167
59394.000000 31.111991
59396.000000 32.061606
59398.000000 33.011222
59400.000000 33.950046
59402.000000 28.284727
59404.000000 22.630199
59406.000000 18.389303
59408.000000 14.148406
59410.000000 12.723983
59412.000000 11.310351
59414.000000 5.655823
59416.000000 0.001295
59418.000000 -0.318263
59420.000000 -0.636527
59422.000000 -0.954790
59424.000000 -1.273053
59426.000000 -1.591317
59428.000000 -1.909580
59430.000000 -2.227843
59432.000000 -2.546107
59434.000000 -2.864370
59436.000000 -3.182633
59438.000000 -3.500897
59440.000000 -3.819160
59442.000000 0.001295
59444.000000 2.828559
59446.000000 0.001295
59448.000000 -3.182633
59450.000000 -3.500897
59452.000000 -3.819160
59454.000000 -4.137424
59456.000000 -4.455687
59458.000000 -4.773950
59460.000000 -5.092214
59462.000000 -5.410477
59464.000000 -5.728740
59466.000000 -6.047004
59468.000000 -6.365267
59470.000000 -6.683530
59472.000000 -7.001794
59474.000000 -7.320057
59476.000000 -7.638320
59478.000000 -7.956584
59480.000000 -8.274847
59482.000000 -8.593110
59484.000000 -8.911374
59486.000000 -9.229637
59488.000000 -9.547900
59490.000000 -9.866164
59492.000000 -10.184427
59494.000000 -10.502690
59496.000000 -10.820954
59498.000000 -11.139217
59500.000000 -11.457481
59502.000000 -11.775744
59504.000000 -12.094007
59506.000000 -12.412271
59508.000000 -12.730534
59510.000000 -13.048797
59512.000000 -13.367061
59514.000000 -13.685324
59516.000000 -14.003587
59518.000000 -14.321851
59520.000000 -14.640114
59522.000000 -14.958377
59524.000000 -15.276641
59526.000000 -15.594904
59528.000000 -15.913167
59530.000000 -16.231431
59532.000000 -16.549694
59534.000000 -16.867957
59536.000000 -17.186221
59538.000000 -17.504484
59540.000000 -17.504484
59542.000000 -17.504484
59544.000000 -17.504484
59546.000000 -17.504484
59548.000000 -17.504484
59550.000000 -17.504484
59552.000000 -17.504484
59554.000000 -17.504484
59556.000000 -17.504484
59558.000000 -17.504484
59560.000000 -17.504484
59562.000000 -17.504484
59564.000000 -17.504484
59566.000000 -17.504484
59568.000000 -17.504484
59570.000000 -17.504484
59572.000000 -17.504484
59574.000000 -17.504484
59576.000000 -17.504484
59578.000000 -17.504484
59580.000000 -17.504484
59582.000000 -17.504484
59584.000000 -17.504484
59586.000000 -17.504484
59588.000000 -17.504484
59590.000000 -17.504484
59592.000000 -17.504484
59594.000000 -17.504484
59596.000000 -17.504484
59598.000000 -17.504484
59600.000000 -17.504484
59602.000000 -17.504484
59604.000000 -17.504484
59606.000000 -17.504484
59608.000000 -17.504484
59610.000000 -17.504484
59612.000000 -17.504484
59614.000000 -17.504484
59616.000000 -17.504484
59618.000000 -17.504484
59620.000000 -17.504484
59622.000000 -17.504484
59624.000000 -17.504484
59626.000000 -17.504484
59628.000000 -17.504484
59630.000000 -17.504484
59632.000000 -17.504484
59634.000000 -17.504484
59636.000000 -17.504484
59638.000000 -17.504484
59640.000000 -17.504484
59642.000000 -17.504484
59644.000000 -17.504484
59646.000000 -17.504484
59648.000000 -17.504484
59650.000000 -17.504484
59652.000000 -17.504484
59654.000000 -17.504484
59656.000000 -17.504484
59658.000000 -17.504484
59660.000000 -17.504484
59662.000000 -17.504484
59664.000000 -17.504484
59666.000000 -17.504484
59668.000000 -17.504484
59670.000000 -17.504484
59672.000000 -17.504484
59674.000000 -17.504484
59676.000000 -17.504484
59678.000000 -17.504484
59680.000000 -17.504484
59682.000000 -17.504484
59684.000000 -17.504484
59686.000000 -17.504484
59688.000000 -17.504484
59690.000000 -17.504484
59692.000000 -17.504484
59694.000000 -17.504484
59696.000000 -17.504484
59698.000000 -17.504484
59700.000000 -17.504484
59702.000000 -17.504484
59704.000000 -17.504484
59706.000000 -17.504484
59708.000000 -17.504484
59710.000000 -17.504484
59712.000000 -17.504484
59714.000000 -17.504484
59716.000000 0.001295
59718.000000 -17.504484
59720.000000 -17.504484
59722.000000 -17.504484
59724.000000 -17.504484
59726.000000 -17.504484
59728.000000 -17.504484
59730.000000 -17.504484
59732.000000 -17.504484
59734.000000 -17.504484
59736.000000 -17.504484
59738.000000 -17.504484
59740.000000 -17.504484
59742.000000 -17.504484
59744.000000 -17.504484
59746.000000 -17.504484
59748.000000 -17.504484
59750.000000 -17.504484
59752.000000 -17.504484
59754.000000 -17.504484
59756.000000 -17.504484
59758.000000 -17.504484
59760.000000 -17.504484
59762.000000 -17.504484
59764.000000 -17.504484
59766.000000 -17.504484
59768.000000 -17.504484
59770.000000 -17.504484
59772.000000 5.655823
59774.000000 11.321142
59776.000000 16.975671
59778.000000 12.723983
59780.000000 8.483087
59782.000000 5.655823
59784.000000 2.828559
59786.000000 4.242191
59788.000000 5.655823
59790.000000 7.069455
59792.000000 8.483087
59794.000000 7.069455
59796.000000 5.655823
59798.000000 9.896719
59800.000000 14.148406
59802.000000 12.723983
59804.000000 11.310351
59806.000000 4.242191
59808.000000 -12.094007
59810.000000 -12.412271
59812.000000 -12.730534
59814.000000 -13.048797
59816.000000 -13.367061
59818.000000 -13.685324
59820.000000 -14.003587
59822.000000 -14.321851
59824.000000 -14.640114
59826.000000 -14.958377
59828.000000 -15.276641
59830.000000 -15.594904
59832.000000 -15.913167
59834.000000 -16.231431
59836.000000 -16.549694
59838.000000 -16.867957
59840.000000 -17.186221
59842.000000 -17.504484
59844.000000 -17.504484
59846.000000 -17.504484
59848.000000 -17.504484
59850.000000 -17.504484
59852.000000 -17.504484
59854.000000 -17.504484
59856.000000 -17.504484
59858.000000 -17.504484
59860.000000 -17.504484
59862.000000 -17.504484
59864.000000 -17.504484
59866.000000 -17.504484
59868.000000 -17.504484
59870.000000 -17.504484
59872.000000 -17.504484
59874.000000 -17.504484
59876.000000 -17.504484
59878.000000 -17.504484
59880.000000 -17.504484
59882.000000 -17.504484
59884.000000 -17.504484
59886.000000 -17.504484
59888.000000 -17.504484
59890.000000 -17.504484
59892.000000 -17.504484
59894.000000 -17.504484
59896.000000 -17.504484
59898.000000 -17.504484
59900.000000 -17.504484
59902.000000 -17.504484
59904.000000 -17.504484
59906.000000 -17.504484
59908.000000 -17.504484
59910.000000 -17.504484
59912.000000 -17.504484
59914.000000 -17.504484
59916.000000 -17.504484
59918.000000 -17.504484
59920.000000 -17.504484
59922.000000 -17.504484
59924.000000 -17.504484
59926.000000 -17.504484
59928.000000 -17.504484
59930.000000 -17.504484
59932.000000 -17.504484
59934.000000 -17.504484
59936.000000 -17.504484
59938.000000 -17.504484
59940.000000 -17.504484
59942.000000 -17.504484
59944.000000 -17.504484
59946.000000 -17.504484
59948.000000 -17.504484
59950.000000 -17.504484
59952.000000 -17.504484
59954.000000 -17.504484
59956.000000 -17.504484
59958.000000 -17.504484
59960.000000 -17.504484
59962.000000 0.702715
59964.000000 2.828559
59966.000000 1.414927
59968.000000 0.001295
59970.000000 -16.549694
59972.000000 -16.867957
59974.000000 4.242191
59976.000000 11.310351
59978.000000 18.378511
59980.000000 25.457463
59982.000000 29.709150
59984.000000 33.950046
59986.000000 35.363678
59988.000000 36.777310
59990.000000 38.190942
59992.000000 39.604574
59994.000000 42.431838
59996.000000 45.259102
59998.000000 48.086367
60000.000000 50.913631
60002.000000 42.431838
60004.000000 33.950046
60006.000000 35.363678
60008.000000 36.777310
60010.000000 35.363678
60012.000000 33.950046
60014.000000 36.777310
60016.000000 39.604574
60018.000000 36.777310
60020.000000 33.950046
60022.000000 31.824202
60024.000000 29.709150
60026.000000 27.583306
60028.000000 25.457463
60030.000000 26.396287
60032.000000 27.345903
60034.000000 28.284727
60036.000000 29.223551
60038.000000 30.173167
60040.000000 31.111991
60042.000000 35.363678
60044.000000 39.604574
60046.000000 42.431838
60048.000000 45.259102
60050.000000 42.431838
60052.000000 39.604574
60054.000000 32.536414
60056.000000 25.457463
60058.000000 19.802935
60060.000000 14.148406
60062.000000 14.860618
60064.000000 15.562038
60066.000000 16.263459
60068.000000 16.975671
60070.000000 11.321142
60072.000000 5.655823
60074.000000 7.781667
60076.000000 9.896719
60078.000000 12.022563
60080.000000 14.148406
60082.000000 19.802935
60084.000000 25.457463
60086.000000 24.043831
60088.000000 22.630199
60090.000000 15.551247
60092.000000 8.483087
60094.000000 4.242191
60096.000000 0.001295
60098.000000 2.828559
60100.000000 5.655823
60102.000000 12.723983
60104.000000 19.802935
60106.000000 17.677091
60108.000000 15.551247
60110.000000 13.436195
60112.000000 11.310351
60114.000000 5.655823
60116.000000 0.001295
60118.000000 1.414927
60120.000000 2.828559
60122.000000 4.242191
60124.000000 5.655823
60126.000000 2.828559
60128.000000 0.001295
60130.000000 -0.318263
60132.000000 -0.636527
60134.000000 -0.954790
60136.000000 -1.273053
60138.000000 -1.591317
60140.000000 -1.909580
60142.000000 -2.227843
60144.000000 -2.546107
60146.000000 -2.864370
60148.000000 -3.182633
60150.000000 -3.500897
60152.000000 2.828559
60154.000000 9.896719
60156.000000 16.975671
60158.000000 18.389303
60160.000000 19.802935
60162.000000 15.551247
60164.000000 11.310351
60166.000000 9.896719
60168.000000 8.483087
60170.000000 9.896719
60172.000000 11.310351
60174.000000 12.723983
60176.000000 14.148406
60178.000000 15.562038
60180.000000 16.975671
60182.000000 17.687882
60184.000000 18.389303
60186.000000 19.090723
60188.000000 19.802935
60190.000000 18.389303
60192.000000 16.975671
60194.000000 18.389303
60196.000000 19.802935
60198.000000 22.630199
60200.000000 25.457463
60202.000000 28.284727
60204.000000 31.111991
60206.000000 33.939255
60208.000000 36.777310
60210.000000 38.190942
60212.000000 39.604574
60214.000000 40.305995
60216.000000 41.018206
60218.000000 41.730418
60220.000000 42.431838
60222.000000 38.190942
60224.000000 33.950046
60226.000000 29.709150
60228.000000 25.457463
60230.000000 26.871095
60232.000000 28.284727
60234.000000 22.630199
60236.000000 16.975671
60238.000000 11.321142
60240.000000 5.655823
60242.000000 7.069455
60244.000000 8.483087
60246.000000 5.655823
60248.000000 2.828559
60250.000000 0.001295
60252.000000 -0.318263
60254.000000 -0.636527
60256.000000 -0.954790
60258.000000 -1.273053
60260.000000 -1.591317
60262.000000 -1.909580
60264.000000 -2.227843
60266.000000 -2.546107
60268.000000 -2.864370
60270.000000 -3.182633
60272.000000 0.001295
60274.000000 2.828559
60276.000000 5.655823
60278.000000 9.896719
60280.000000 14.148406
60282.000000 16.975671
60284.000000 19.802935
60286.000000 16.975671
60288.000000 14.148406
60290.000000 12.723983
60292.000000 11.310351
60294.000000 7.069455
60296.000000 2.828559
60298.000000 5.655823
60300.000000 8.483087
60302.000000 7.069455
60304.000000 5.655823
60306.000000 4.242191
60308.000000 2.828559
60310.000000 1.414927
60312.000000 0.001295
60314.000000 -0.318263
60316.000000 -0.636527
60318.000000 -0.954790
60320.000000 -1.273053
60322.000000 -1.591317
60324.000000 -1.909580
60326.000000 -2.227843
60328.000000 -2.546107
60330.000000 -2.864370
60332.000000 -3.182633
60334.000000 -3.500897
60336.000000 -3.819160
60338.000000 -4.137424
60340.000000 -4.455687
60342.000000 -4.773950
60344.000000 -5.092214
60346.000000 -5.410477
60348.000000 -5.728740
60350.000000 -6.047004
60352.000000 -6.365267
60354.000000 -6.683530
60356.000000 -7.001794
60358.000000 -7.320057
60360.000000 -7.638320
60362.000000 -7.956584
60364.000000 -8.274847
60366.000000 -8.593110
60368.000000 -8.911374
60370.000000 -9.229637
60372.000000 -9.547900
60374.000000 -9.866164
60376.000000 -10.184427
60378.000000 -10.502690
60380.000000 -10.820954
60382.000000 -11.139217
60384.000000 -11.457481
60386.000000 -11.775744
60388.000000 -12.094007
60390.000000 -12.412271
60392.000000 -12.730534
60394.000000 -13.048797
60396.000000 -13.367061
60398.000000 -13.685324
60400.000000 -14.003587
60402.000000 -14.321851
60404.000000 -14.640114
60406.000000 -14.958377
60408.000000 -15.276641
60410.000000 -15.594904
60412.000000 -15.913167
60414.000000 -16.231431
60416.000000 -16.549694
60418.000000 -16.867957
60420.000000 -17.186221
60422.000000 -17.504484
60424.000000 -17.504484
60426.000000 -17.504484
60428.000000 -17.504484
60430.000000 -17.504484
60432.000000 -17.504484
60434.000000 -17.504484
60436.000000 -17.504484
60438.000000 -17.504484
60440.000000 -17.504484
60442.000000 -17.504484
60444.000000 -17.504484
60446.000000 -17.504484
60448.000000 -17.504484
60450.000000 -17.504484
60452.000000 -17.504484
60454.000000 -17.504484
60456.000000 -17.504484
60458.000000 -17.504484
60460.000000 -17.504484
60462.000000 -17.504484
60464.000000 -17.504484
60466.000000 -17.504484
60468.000000 -17.504484
60470.000000 -17.504484
60472.000000 -17.504484
60474.000000 -17.504484
60476.000000 -17.504484
60478.000000 -17.504484
60480.000000 -17.504484
60482.000000 -17.504484
60484.000000 -17.504484
60486.000000 -17.504484
60488.000000 -17.504484
60490.000000 -17.504484
60492.000000 -17.504484
60494.000000 -17.504484
60496.000000 -17.504484
60498.000000 -17.504484
60500.000000 -17.504484
60502.000000 -17.504484
60504.000000 -17.504484
60506.000000 -17.504484
60508.000000 -17.504484
60510.000000 -17.504484
60512.000000 -17.504484
60514.000000 -17.504484
60516.000000 -17.504484
60518.000000 -17.504484
60520.000000 -17.504484
60522.000000 -17.504484
60524.000000 -17.504484
60526.000000 -17.504484
60528.000000 -17.504484
60530.000000 -17.504484
60532.000000 -17.504484
60534.000000 -17.504484
60536.000000 -17.504484
60538.000000 -17.504484
60540.000000 -17.504484
60542.000000 -17.504484
60544.000000 -17.504484
60546.000000 -17.504484
60548.000000 -17.504484
60550.000000 -17.504484
60552.000000 -17.504484
60554.000000 -17.504484
60556.000000 -17.504484
60558.000000 -17.504484
60560.000000 -17.504484
60562.000000 -17.504484
60564.000000 -17.504484
60566.000000 -17.504484
60568.000000 -17.504484
60570.000000 -17.504484
60572.000000 -17.504484
60574.000000 -17.504484
60576.000000 -17.504484
60578.000000 -17.504484
60580.000000 2.828559
60582.000000 7.069455
60584.000000 11.310351
60586.000000 15.551247
60588.000000 19.802935
60590.000000 18.389303
60592.000000 16.975671
60594.000000 15.562038
60596.000000 14.148406
60598.000000 19.802935
60600.000000 25.457463
60602.000000 18.378511
60604.000000 11.310351
60606.000000 12.723983
60608.000000 14.148406
60610.000000 15.562038
60612.000000 16.975671
60614.000000 19.802935
60616.000000 22.630199
60618.000000 21.216567
60620.000000 19.802935
60622.000000 15.551247
60624.000000 11.310351
60626.000000 12.723983
60628.000000 14.148406
60630.000000 16.975671
60632.000000 19.802935
60634.000000 14.148406
60636.000000 8.483087
60638.000000 12.723983
60640.000000 16.975671
60642.000000 19.802935
60644.000000 22.630199
60646.000000 20.515146
60648.000000 18.389303
60650.000000 16.263459
60652.000000 14.148406
60654.000000 16.975671
60656.000000 19.802935
60658.000000 16.263459
60660.000000 12.723983
60662.000000 9.195299
60664.000000 5.655823
60666.000000 9.896719
60668.000000 14.148406
60670.000000 12.723983
60672.000000 11.310351
60674.000000 4.242191
60676.000000 -2.546107
60678.000000 -2.864370
60680.000000 -3.182633
60682.000000 -3.500897
60684.000000 -3.819160
60686.000000 -4.137424
60688.000000 -4.455687
60690.000000 -4.773950
60692.000000 -5.092214
60694.000000 -5.410477
60696.000000 -5.728740
60698.000000 -6.047004
60700.000000 0.001295
60702.000000 2.828559
60704.000000 5.655823
60706.000000 9.896719
60708.000000 14.148406
60710.000000 12.723983
60712.000000 11.310351
60714.000000 12.723983
60716.000000 14.148406
60718.000000 15.562038
60720.000000 16.975671
60722.000000 22.630199
60724.000000 28.284727
60726.000000 32.536414
60728.000000 36.777310
60730.000000 35.363678
60732.000000 33.950046
60734.000000 32.536414
60736.000000 31.111991
60738.000000 25.457463
60740.000000 19.802935
60742.000000 20.515146
60744.000000 21.216567
60746.000000 21.917987
60748.000000 22.630199
60750.000000 16.975671
60752.000000 11.310351
60754.000000 5.655823
60756.000000 0.001295
60758.000000 5.655823
60760.000000 11.310351
60762.000000 8.483087
60764.000000 5.655823
60766.000000 2.828559
60768.000000 0.001295
60770.000000 -0.318263
60772.000000 -0.636527
60774.000000 -0.954790
60776.000000 -1.273053
60778.000000 0.001295
60780.000000 2.828559
60782.000000 4.242191
60784.000000 5.655823
60786.000000 2.828559
60788.000000 0.001295
60790.000000 -0.318263
60792.000000 -0.636527
60794.000000 -0.954790
60796.000000 -1.273053
60798.000000 -1.591317
60800.000000 -1.909580
60802.000000 -2.227843
60804.000000 -2.546107
60806.000000 -2.864370
60808.000000 0.001295
60810.000000 2.828559
60812.000000 5.655823
60814.000000 0.001295
60816.000000 -1.909580
60818.000000 -2.227843
60820.000000 -2.546107
60822.000000 -2.864370
60824.000000 -3.182633
60826.000000 -3.500897
60828.000000 -3.819160
60830.000000 -4.137424
60832.000000 -4.455687
60834.000000 -4.773950
60836.000000 -5.092214
60838.000000 -5.410477
60840.000000 -5.728740
60842.000000 -6.047004
60844.000000 -6.365267
60846.000000 -6.683530
60848.000000 -7.001794
60850.000000 -7.320057
60852.000000 -7.638320
60854.000000 -7.956584
60856.000000 -8.274847
60858.000000 -8.593110
60860.000000 -8.911374
60862.000000 -9.229637
60864.000000 -9.547900
60866.000000 -9.866164
60868.000000 -10.184427
60870.000000 -10.502690
60872.000000 -10.820954
60874.000000 -11.139217
60876.000000 -11.457481
60878.000000 -11.775744
60880.000000 -12.094007
60882.000000 -12.412271
60884.000000 -12.730534
60886.000000 -13.048797
60888.000000 -13.367061
60890.000000 -13.685324
60892.000000 -14.003587
60894.000000 -14.321851
60896.000000 0.001295
60898.000000 7.069455
60900.000000 14.148406
60902.000000 18.389303
60904.000000 22.630199
60906.000000 19.802935
60908.000000 16.975671
60910.000000 14.148406
60912.000000 11.310351
60914.000000 14.148406
60916.000000 16.975671
60918.000000 22.630199
60920.000000 28.284727
60922.000000 31.111991
60924.000000 33.950046
60926.000000 29.709150
60928.000000 25.457463
60930.000000 21.216567
60932.000000 16.975671
60934.000000 22.630199
60936.000000 28.284727
60938.000000 21.216567
60940.000000 14.148406
60942.000000 12.723983
60944.000000 11.310351
60946.000000 15.551247
60948.000000 19.802935
60950.000000 18.389303
60952.000000 16.975671
60954.000000 12.723983
60956.000000 8.483087
60958.000000 7.069455
60960.000000 5.655823
60962.000000 -4.137424
60964.000000 -4.455687
60966.000000 -4.773950
60968.000000 -5.092214
60970.000000 -5.410477
60972.000000 -5.728740
60974.000000 -6.047004
60976.000000 -6.365267
60978.000000 -6.683530
60980.000000 -7.001794
60982.000000 -7.320057
60984.000000 -7.638320
60986.000000 -7.956584
60988.000000 -8.274847
60990.000000 -8.593110
60992.000000 -8.911374
60994.000000 -9.229637
60996.000000 -9.547900
60998.000000 -9.866164
61000.000000 -10.184427
61002.000000 -10.502690
61004.000000 -1.167393
61006.000000 -5.245077
61008.000000 -9.331665
61010.000000 -6.999016
61012.000000 -4.666367
61014.000000 -2.333718
61016.000000 -0.001068
61018.000000 -2.333718
61020.000000 -4.666367
61022.000000 -8.165340
61024.000000 -11.673217
61026.000000 -12.839542
61028.000000 -14.005867
61030.000000 -15.172191
61032.000000 -16.338516
61034.000000 -17.504840
61036.000000 -18.671165
61038.000000 -15.172191
61040.000000 -11.673217
61042.000000 -7.007919
61044.000000 -2.333718
61046.000000 -0.001068
61048.000000 -3.819160
61050.000000 -4.137424
61052.000000 -4.455687
61054.000000 -4.773950
61056.000000 -5.092214
61058.000000 -5.410477
61060.000000 -2.333718
61062.000000 -3.500042
61064.000000 -4.666367
61066.000000 -4.773950
61068.000000 -5.092214
61070.000000 -5.410477
61072.000000 -5.728740
61074.000000 -6.047004
61076.000000 -6.365267
61078.000000 -6.683530
61080.000000 -7.001794
61082.000000 -7.320057
61084.000000 -7.638320
61086.000000 -7.956584
61088.000000 -8.274847
61090.000000 -8.593110
61092.000000 -8.911374
61094.000000 -9.229637
61096.000000 -9.547900
61098.000000 -9.866164
61100.000000 -10.184427
61102.000000 -10.502690
61104.000000 -10.820954
61106.000000 -11.139217
61108.000000 -11.457481
61110.000000 -11.775744
61112.000000 -12.094007
61114.000000 -12.412271
61116.000000 -12.730534
61118.000000 -13.048797
61120.000000 -13.367061
61122.000000 -13.685324
61124.000000 -14.003587
61126.000000 -14.321851
61128.000000 -14.640114
61130.000000 -14.958377
61132.000000 -15.276641
61134.000000 -15.594904
61136.000000 -15.913167
61138.000000 -16.231431
61140.000000 -16.549694
61142.000000 -16.867957
61144.000000 -17.186221
61146.000000 -17.504484
61148.000000 -17.504484
61150.000000 -17.504484
61152.000000 0.001295
61154.000000 5.655823
61156.000000 11.310351
61158.000000 9.896719
61160.000000 8.483087
61162.000000 4.242191
61164.000000 0.001295
61166.000000 -15.594904
61168.000000 -15.913167
61170.000000 -16.231431
61172.000000 -16.549694
61174.000000 -16.867957
61176.000000 -17.186221
61178.000000 -17.504484
61180.000000 -17.504484
61182.000000 -17.504484
61184.000000 -17.504484
61186.000000 -17.504484
61188.000000 -17.504484
61190.000000 -17.504484
61192.000000 -17.504484
61194.000000 -17.504484
61196.000000 -17.504484
61198.000000 -17.504484
61200.000000 -17.504484
61202.000000 -17.504484
61204.000000 -17.504484
61206.000000 -17.504484
61208.000000 -17.504484
61210.000000 -17.504484
61212.000000 -17.504484
61214.000000 -17.504484
61216.000000 -17.504484
61218.000000 -17.504484
61220.000000 -17.504484
61222.000000 -17.504484
61224.000000 -17.504484
61226.000000 -17.504484
61228.000000 -17.504484
61230.000000 -17.504484
61232.000000 -17.504484
61234.000000 -17.504484
61236.000000 -17.504484
61238.000000 -17.504484
61240.000000 -17.504484
61242.000000 -17.504484
61244.000000 -17.504484
61246.000000 -17.504484
61248.000000 -17.504484
61250.000000 -17.504484
61252.000000 -17.504484
61254.000000 -17.504484
61256.000000 -17.504484
61258.000000 -17.504484
61260.000000 -17.504484
61262.000000 -17.504484
61264.000000 -17.504484
61266.000000 -17.504484
61268.000000 -17.504484
61270.000000 -17.504484
61272.000000 -17.504484
61274.000000 -17.504484
61276.000000 -17.504484
61278.000000 -17.504484
61280.000000 -17.504484
61282.000000 -17.504484
61284.000000 -17.504484
61286.000000 -17.504484
61288.000000 -17.504484
61290.000000 -17.504484
61292.000000 -17.504484
61294.000000 -17.504484
61296.000000 -17.504484
61298.000000 -17.504484
61300.000000 -17.504484
61302.000000 -17.504484
61304.000000 -17.504484
61306.000000 -17.504484
61308.000000 -17.504484
61310.000000 -17.504484
61312.000000 -17.504484
61314.000000 -17.504484
61316.000000 -17.504484
61318.000000 -17.504484
61320.000000 -17.504484
61322.000000 -17.504484
61324.000000 -17.504484
61326.000000 -17.504484
61328.000000 -17.504484
61330.000000 -17.504484
61332.000000 -17.504484
61334.000000 -17.504484
61336.000000 -17.504484
61338.000000 -17.504484
61340.000000 -17.504484
61342.000000 -17.504484
61344.000000 -17.504484
61346.000000 -17.504484
61348.000000 -17.504484
61350.000000 -17.504484
61352.000000 -17.504484
61354.000000 -17.504484
61356.000000 -17.504484
61358.000000 -17.504484
61360.000000 -17.504484
61362.000000 -17.504484
61364.000000 -17.504484
61366.000000 -17.504484
61368.000000 -17.504484
61370.000000 -17.504484
61372.000000 -17.504484
61374.000000 -17.504484
61376.000000 -17.504484
61378.000000 -17.504484
61380.000000 -17.504484
61382.000000 -17.504484
61384.000000 -17.504484
61386.000000 -17.504484
61388.000000 -17.504484
61390.000000 -17.504484
61392.000000 -17.504484
61394.000000 -17.504484
61396.000000 -17.504484
61398.000000 -17.504484
61400.000000 -17.504484
61402.000000 -17.504484
61404.000000 -17.504484
61406.000000 -17.504484
61408.000000 -17.504484
61410.000000 -17.504484
61412.000000 -17.504484
61414.000000 -17.504484
61416.000000 -17.504484
61418.000000 -17.504484
61420.000000 -17.504484
61422.000000 -17.504484
61424.000000 -17.504484
61426.000000 -17.504484
61428.000000 -17.504484
61430.000000 -17.504484
61432.000000 -17.504484
61434.000000 -17.504484
61436.000000 -17.504484
61438.000000 -17.504484
61440.000000 -17.504484
61442.000000 -17.504484
61444.000000 -17.504484
61446.000000 -17.504484
61448.000000 -17.504484
61450.000000 -17.504484
61452.000000 -17.504484
61454.000000 -17.504484
61456.000000 -17.504484
61458.000000 -17.504484
61460.000000 -17.504484
61462.000000 -17.504484
61464.000000 -17.504484
61466.000000 -17.504484
61468.000000 -17.504484
61470.000000 -17.504484
61472.000000 -17.504484
61474.000000 -17.504484
61476.000000 -17.504484
61478.000000 -17.504484
61480.000000 -17.504484
61482.000000 -17.504484
61484.000000 -17.504484
61486.000000 -17.504484
61488.000000 -17.504484
61490.000000 -17.504484
61492.000000 -17.504484
61494.000000 -17.504484
61496.000000 -17.504484
61498.000000 -17.504484
61500.000000 -17.504484
61502.000000 -17.504484
61504.000000 -17.504484
61506.000000 -17.504484
61508.000000 -17.504484
61510.000000 -17.504484
61512.000000 -17.504484
61514.000000 -17.504484
61516.000000 -17.504484
61518.000000 -17.504484
61520.000000 -17.504484
61522.000000 -17.504484
61524.000000 -17.504484
61526.000000 -17.504484
61528.000000 -17.504484
61530.000000 -17.504484
61532.000000 -17.504484
61534.000000 -17.504484
61536.000000 -17.504484
61538.000000 -17.504484
61540.000000 -17.504484
61542.000000 -17.504484
61544.000000 -17.504484
61546.000000 -17.504484
61548.000000 -17.504484
61550.000000 -17.504484
61552.000000 -17.504484
61554.000000 -17.504484
61556.000000 -17.504484
61558.000000 -17.504484
61560.000000 -17.504484
61562.000000 -17.504484
61564.000000 0.001295
61566.000000 -17.504484
61568.000000 -17.504484
61570.000000 1.414927
61572.000000 5.655823
61574.000000 6.357244
61576.000000 7.069455
61578.000000 7.781667
61580.000000 8.483087
61582.000000 11.321142
61584.000000 14.148406
61586.000000 16.975671
61588.000000 19.802935
61590.000000 16.975671
61592.000000 14.148406
61594.000000 7.069455
61596.000000 0.001295
61598.000000 -13.367061
61600.000000 -13.685324
61602.000000 -14.003587
61604.000000 -14.321851
61606.000000 -14.640114
61608.000000 -14.958377
61610.000000 -15.276641
61612.000000 -15.594904
61614.000000 -15.913167
61616.000000 -16.231431
61618.000000 -16.549694
61620.000000 -16.867957
61622.000000 -17.186221
61624.000000 -17.504484
61626.000000 -17.504484
61628.000000 -17.504484
61630.000000 -17.504484
61632.000000 -17.504484
61634.000000 -17.504484
61636.000000 -17.504484
61638.000000 -17.504484
61640.000000 -17.504484
61642.000000 -17.504484
61644.000000 -17.504484
61646.000000 -17.504484
61648.000000 -17.504484
61650.000000 -17.504484
61652.000000 -17.504484
61654.000000 -17.504484
61656.000000 -17.504484
61658.000000 -17.504484
61660.000000 -17.504484
61662.000000 -17.504484
61664.000000 -17.504484
61666.000000 -17.504484
61668.000000 -17.504484
61670.000000 -17.504484
61672.000000 -17.504484
61674.000000 -17.504484
61676.000000 -17.504484
61678.000000 -17.504484
61680.000000 -17.504484
61682.000000 -17.504484
61684.000000 -17.504484
61686.000000 -17.504484
61688.000000 -17.504484
61690.000000 -17.504484
61692.000000 -17.504484
61694.000000 -17.504484
61696.000000 -17.504484
61698.000000 -17.504484
61700.000000 -17.504484
61702.000000 -17.504484
61704.000000 -17.504484
61706.000000 -17.504484
61708.000000 -17.504484
61710.000000 -17.504484
61712.000000 -17.504484
61714.000000 -17.504484
61716.000000 -17.504484
61718.000000 -17.504484
61720.000000 -17.504484
61722.000000 -17.504484
61724.000000 2.828559
61726.000000 7.069455
61728.000000 11.310351
61730.000000 12.723983
61732.000000 14.148406
61734.000000 11.321142
61736.000000 8.483087
61738.000000 8.957895
61740.000000 9.421912
61742.000000 9.896719
61744.000000 10.371527
61746.000000 10.835544
61748.000000 11.310351
61750.000000 7.069455
61752.000000 2.828559
61754.000000 1.889735
61756.000000 0.940119
61758.000000 0.001295
61760.000000 -12.094007
61762.000000 -12.412271
61764.000000 -12.730534
61766.000000 0.001295
61768.000000 2.828559
61770.000000 4.242191
61772.000000 5.655823
61774.000000 7.069455
61776.000000 8.483087
61778.000000 11.321142
61780.000000 14.148406
61782.000000 12.723983
61784.000000 11.310351
61786.000000 5.655823
61788.000000 0.001295
61790.000000 -9.229637
61792.000000 -9.547900
61794.000000 -9.866164
61796.000000 -10.184427
61798.000000 -10.502690
61800.000000 -10.820954
61802.000000 -11.139217
61804.000000 -11.457481
61806.000000 -11.775744
61808.000000 -12.094007
61810.000000 -12.412271
61812.000000 -12.730534
61814.000000 -13.048797
61816.000000 -13.367061
61818.000000 -13.685324
61820.000000 0.001295
61822.000000 2.828559
61824.000000 5.655823
61826.000000 4.242191
61828.000000 2.828559
61830.000000 4.242191
61832.000000 5.655823
61834.000000 18.378511
61836.000000 31.111991
61838.000000 32.536414
61840.000000 33.950046
61842.000000 35.363678
61844.000000 36.777310
61846.000000 38.190942
61848.000000 39.604574
61850.000000 38.190942
61852.000000 36.777310
61854.000000 33.939255
61856.000000 31.111991
61858.000000 29.698359
61860.000000 28.284727
61862.000000 22.630199
61864.000000 16.975671
61866.000000 18.389303
61868.000000 19.802935
61870.000000 22.630199
61872.000000 25.457463
61874.000000 22.630199
61876.000000 19.802935
61878.000000 15.551247
61880.000000 11.310351
61882.000000 14.148406
61884.000000 16.975671
61886.000000 15.562038
61888.000000 14.148406
61890.000000 5.666614
61892.000000 -2.546107
61894.000000 1.414927
61896.000000 5.655823
61898.000000 8.483087
61900.000000 11.310351
61902.000000 18.378511
61904.000000 25.457463
61906.000000 29.709150
61908.000000 33.950046
61910.000000 31.111991
61912.000000 28.284727
61914.000000 33.939255
61916.000000 39.604574
61918.000000 42.431838
61920.000000 45.259102
61922.000000 43.845470
61924.000000 42.431838
61926.000000 38.190942
61928.000000 33.950046
61930.000000 35.363678
61932.000000 36.777310
61934.000000 38.190942
61936.000000 39.604574
61938.000000 38.903154
61940.000000 38.190942
61942.000000 37.478731
61944.000000 36.777310
61946.000000 33.939255
61948.000000 31.111991
61950.000000 25.457463
61952.000000 19.802935
61954.000000 21.216567
61956.000000 22.630199
61958.000000 21.216567
61960.000000 19.802935
61962.000000 16.975671
61964.000000 14.148406
61966.000000 7.069455
61968.000000 0.001295
61970.000000 2.127139
61972.000000 4.242191
61974.000000 6.357244
61976.000000 8.483087
61978.000000 12.723983
61980.000000 16.975671
61982.000000 18.389303
61984.000000 19.802935
61986.000000 24.043831
61988.000000 28.284727
61990.000000 27.723590
61992.000000 27.151663
61994.000000 26.590527
61996.000000 26.018599
61998.000000 25.457463
62000.000000 24.896326
62002.000000 24.324399
62004.000000 23.763263
62006.000000 23.191335
62008.000000 22.630199
62010.000000 19.802935
62012.000000 16.975671
62014.000000 14.849827
62016.000000 12.723983
62018.000000 10.608931
62020.000000 8.483087
62022.000000 2.828559
62024.000000 -0.318263
62026.000000 -0.636527
62028.000000 0.001295
62030.000000 1.414927
62032.000000 2.828559
62034.000000 4.242191
62036.000000 5.655823
62038.000000 7.069455
62040.000000 8.483087
62042.000000 12.723983
62044.000000 16.975671
62046.000000 19.802935
62048.000000 22.630199
62050.000000 19.802935
62052.000000 16.975671
62054.000000 18.389303
62056.000000 19.802935
62058.000000 25.457463
62060.000000 31.111991
62062.000000 32.536414
62064.000000 33.950046
62066.000000 35.363678
62068.000000 36.777310
62070.000000 38.190942
62072.000000 39.604574
62074.000000 38.190942
62076.000000 36.777310
62078.000000 31.111991
62080.000000 25.457463
62082.000000 24.982655
62084.000000 24.518638
62086.000000 24.043831
62088.000000 23.569023
62090.000000 23.105006
62092.000000 22.630199
62094.000000 25.457463
62096.000000 28.284727
62098.000000 31.122782
62100.000000 33.950046
62102.000000 35.363678
62104.000000 36.777310
62106.000000 38.190942
62108.000000 39.604574
62110.000000 37.478731
62112.000000 35.363678
62114.000000 33.237835
62116.000000 31.111991
62118.000000 28.284727
62120.000000 25.457463
62122.000000 19.802935
62124.000000 14.148406
62126.000000 11.321142
62128.000000 8.483087
62130.000000 15.551247
62132.000000 22.630199
62134.000000 21.216567
62136.000000 19.802935
62138.000000 16.975671
62140.000000 14.148406
62142.000000 8.493878
62144.000000 2.828559
62146.000000 4.954403
62148.000000 7.069455
62150.000000 9.184508
62152.000000 11.310351
62154.000000 9.896719
62156.000000 8.483087
62158.000000 5.655823
62160.000000 2.828559
62162.000000 1.414927
62164.000000 0.001295
62166.000000 -0.318263
62168.000000 -0.636527
62170.000000 -0.954790
62172.000000 -1.273053
62174.000000 -1.591317
62176.000000 -1.909580
62178.000000 -2.227843
62180.000000 -2.546107
62182.000000 -2.864370
62184.000000 -3.182633
62186.000000 -3.500897
62188.000000 -3.819160
62190.000000 -4.137424
62192.000000 -4.455687
62194.000000 -4.773950
62196.000000 -5.092214
62198.000000 -5.410477
62200.000000 -5.728740
62202.000000 -6.047004
62204.000000 -6.365267
62206.000000 -6.683530
62208.000000 -7.001794
62210.000000 -7.320057
62212.000000 -7.638320
62214.000000 -7.956584
62216.000000 -8.274847
62218.000000 0.001295
62220.000000 5.655823
62222.000000 4.242191
62224.000000 2.828559
62226.000000 1.414927
62228.000000 0.001295
62230.000000 4.242191
62232.000000 8.483087
62234.000000 9.896719
62236.000000 11.310351
62238.000000 12.723983
62240.000000 14.148406
62242.000000 15.562038
62244.000000 16.975671
62246.000000 15.562038
62248.000000 14.148406
62250.000000 15.562038
62252.000000 16.975671
62254.000000 25.457463
62256.000000 33.950046
62258.000000 35.363678
62260.000000 36.777310
62262.000000 33.939255
62264.000000 31.111991
62266.000000 26.871095
62268.000000 22.630199
62270.000000 24.043831
62272.000000 25.457463
62274.000000 28.284727
62276.000000 31.111991
62278.000000 32.536414
62280.000000 33.950046
62282.000000 35.363678
62284.000000 36.777310
62286.000000 38.190942
62288.000000 39.604574
62290.000000 35.363678
62292.000000 31.111991
62294.000000 26.871095
62296.000000 22.630199
62298.000000 21.216567
62300.000000 19.802935
62302.000000 21.216567
62304.000000 22.630199
62306.000000 24.043831
62308.000000 25.457463
62310.000000 25.101357
62312.000000 24.745251
62314.000000 24.399937
62316.000000 24.043831
62318.000000 23.687725
62320.000000 23.342410
62322.000000 22.986304
62324.000000 22.630199
62326.000000 24.043831
62328.000000 25.457463
62330.000000 26.871095
62332.000000 28.284727
62334.000000 24.043831
62336.000000 19.802935
62338.000000 18.389303
62340.000000 16.975671
62342.000000 15.562038
62344.000000 14.148406
62346.000000 15.562038
62348.000000 16.975671
62350.000000 19.802935
62352.000000 22.630199
62354.000000 19.802935
62356.000000 16.975671
62358.000000 21.216567
62360.000000 25.457463
62362.000000 24.043831
62364.000000 22.630199
62366.000000 21.216567
62368.000000 19.802935
62370.000000 18.389303
62372.000000 16.975671
62374.000000 18.389303
62376.000000 19.802935
62378.000000 16.975671
62380.000000 14.148406
62382.000000 11.310351
62384.000000 8.483087
62386.000000 7.069455
62388.000000 5.655823
62390.000000 11.321142
62392.000000 16.975671
62394.000000 18.389303
62396.000000 19.802935
62398.000000 24.043831
62400.000000 28.284727
62402.000000 26.871095
62404.000000 25.457463
62406.000000 22.630199
62408.000000 19.802935
62410.000000 24.043831
62412.000000 28.284727
62414.000000 26.871095
62416.000000 25.457463
62418.000000 26.871095
62420.000000 28.284727
62422.000000 24.043831
62424.000000 19.802935
62426.000000 16.975671
62428.000000 14.148406
62430.000000 8.493878
62432.000000 2.828559
62434.000000 -0.318263
62436.000000 -0.636527
62438.000000 -0.954790
62440.000000 -1.273053
62442.000000 -1.591317
62444.000000 -1.909580
62446.000000 -2.227843
62448.000000 -2.546107
62450.000000 -2.864370
62452.000000 -3.182633
62454.000000 -3.500897
62456.000000 -3.819160
62458.000000 -4.137424
62460.000000 -4.455687
62462.000000 -4.773950
62464.000000 -5.092214
62466.000000 -5.410477
62468.000000 -5.728740
62470.000000 -6.047004
62472.000000 -6.365267
62474.000000 -6.683530
62476.000000 -7.001794
62478.000000 -7.320057
62480.000000 -7.638320
62482.000000 -7.956584
62484.000000 -8.274847
62486.000000 -8.593110
62488.000000 -8.911374
62490.000000 -9.229637
62492.000000 -9.547900
62494.000000 -9.866164
62496.000000 -10.184427
62498.000000 -10.502690
62500.000000 -10.820954
62502.000000 2.828559
62504.000000 8.483087
62506.000000 9.896719
62508.000000 11.310351
62510.000000 8.483087
62512.000000 5.655823
62514.000000 2.828559
62516.000000 0.001295
62518.000000 -8.593110
62520.000000 -8.911374
62522.000000 -9.229637
62524.000000 -9.547900
62526.000000 -9.866164
62528.000000 -10.184427
62530.000000 -10.502690
62532.000000 -10.820954
62534.000000 -11.139217
62536.000000 -11.457481
62538.000000 -11.775744
62540.000000 -12.094007
62542.000000 -12.412271
62544.000000 -12.730534
62546.000000 -13.048797
62548.000000 -13.367061
62550.000000 -13.685324
62552.000000 -14.003587
62554.000000 -14.321851
62556.000000 -14.640114
62558.000000 -14.958377
62560.000000 -15.276641
62562.000000 -15.594904
62564.000000 -15.913167
62566.000000 -16.231431
62568.000000 -16.549694
62570.000000 -16.867957
62572.000000 -17.186221
62574.000000 -17.504484
62576.000000 -17.504484
62578.000000 -17.504484
62580.000000 -17.504484
62582.000000 -17.504484
62584.000000 -17.504484
62586.000000 -17.504484
62588.000000 -17.504484
62590.000000 -17.504484
62592.000000 0.001295
62594.000000 7.069455
62596.000000 14.148406
62598.000000 19.802935
62600.000000 25.457463
62602.000000 22.630199
62604.000000 19.802935
62606.000000 17.677091
62608.000000 15.551247
62610.000000 13.436195
62612.000000 11.310351
62614.000000 9.896719
62616.000000 8.483087
62618.000000 11.321142
62620.000000 14.148406
62622.000000 22.630199
62624.000000 31.111991
62626.000000 27.572515
62628.000000 24.043831
62630.000000 20.515146
62632.000000 16.975671
62634.000000 15.562038
62636.000000 14.148406
62638.000000 11.321142
62640.000000 8.483087
62642.000000 9.896719
62644.000000 11.310351
62646.000000 14.148406
62648.000000 16.975671
62650.000000 18.389303
62652.000000 19.802935
62654.000000 21.216567
62656.000000 22.630199
62658.000000 24.043831
62660.000000 25.457463
62662.000000 24.043831
62664.000000 22.630199
62666.000000 24.043831
62668.000000 25.457463
62670.000000 26.871095
62672.000000 28.284727
62674.000000 24.043831
62676.000000 19.802935
62678.000000 22.630199
62680.000000 25.457463
62682.000000 28.284727
62684.000000 31.111991
62686.000000 33.939255
62688.000000 36.777310
62690.000000 32.536414
62692.000000 28.284727
62694.000000 21.216567
62696.000000 14.148406
62698.000000 12.723983
62700.000000 11.310351
62702.000000 13.436195
62704.000000 15.551247
62706.000000 17.677091
62708.000000 19.802935
62710.000000 15.551247
62712.000000 11.310351
62714.000000 14.148406
62716.000000 16.975671
62718.000000 12.723983
62720.000000 8.483087
62722.000000 2.828559
62724.000000 -0.318263
62726.000000 -0.636527
62728.000000 -0.954790
62730.000000 -1.273053
62732.000000 -1.591317
62734.000000 -1.909580
62736.000000 0.001295
62738.000000 -1.909580
62740.000000 -2.227843
62742.000000 -2.546107
62744.000000 -2.864370
62746.000000 -3.182633
62748.000000 -3.500897
62750.000000 -3.819160
62752.000000 -4.137424
62754.000000 -4.455687
62756.000000 -4.773950
62758.000000 1.414927
62760.000000 5.655823
62762.000000 4.242191
62764.000000 2.828559
62766.000000 8.493878
62768.000000 14.148406
62770.000000 11.321142
62772.000000 8.483087
62774.000000 2.828559
62776.000000 -2.227843
62778.000000 -2.546107
62780.000000 0.001295
62782.000000 -2.546107
62784.000000 -2.864370
62786.000000 -3.182633
62788.000000 -3.500897
62790.000000 -3.819160
62792.000000 -4.137424
62794.000000 1.414927
62796.000000 5.655823
62798.000000 7.069455
62800.000000 8.483087
62802.000000 7.069455
62804.000000 5.655823
62806.000000 9.896719
62808.000000 14.148406
62810.000000 18.389303
62812.000000 22.630199
62814.000000 25.457463
62816.000000 28.284727
62818.000000 30.410570
62820.000000 32.536414
62822.000000 34.651467
62824.000000 36.777310
62826.000000 31.111991
62828.000000 25.457463
62830.000000 12.723983
62832.000000 0.001295
62834.000000 1.414927
62836.000000 2.828559
62838.000000 4.242191
62840.000000 5.655823
62842.000000 15.551247
62844.000000 25.457463
62846.000000 22.630199
62848.000000 19.802935
62850.000000 18.389303
62852.000000 16.975671
62854.000000 26.881886
62856.000000 36.777310
62858.000000 33.237835
62860.000000 29.709150
62862.000000 26.169674
62864.000000 22.630199
62866.000000 25.457463
62868.000000 28.284727
62870.000000 29.698359
62872.000000 31.111991
62874.000000 29.698359
62876.000000 28.284727
62878.000000 26.871095
62880.000000 25.457463
62882.000000 24.043831
62884.000000 22.630199
62886.000000 12.723983
62888.000000 2.828559
62890.000000 1.414927
62892.000000 0.001295
62894.000000 -0.318263
62896.000000 -0.636527
62898.000000 -0.954790
62900.000000 -1.273053
62902.000000 -1.591317
62904.000000 -1.909580
62906.000000 -2.227843
62908.000000 -2.546107
62910.000000 1.414927
62912.000000 5.655823
62914.000000 9.896719
62916.000000 14.148406
62918.000000 12.723983
62920.000000 11.310351
62922.000000 4.242191
62924.000000 -0.636527
62926.000000 1.414927
62928.000000 5.655823
62930.000000 7.069455
62932.000000 8.483087
62934.000000 1.414927
62936.000000 -0.318263
62938.000000 -0.636527
62940.000000 -0.954790
62942.000000 -1.273053
62944.000000 2.828559
62946.000000 1.414927
62948.000000 0.001295
62950.000000 -0.636527
62952.000000 -0.954790
62954.000000 -1.273053
62956.000000 0.001295
62958.000000 1.414927
62960.000000 2.828559
62962.000000 0.001295
62964.000000 -0.318263
62966.000000 -0.636527
62968.000000 -0.954790
62970.000000 -1.273053
62972.000000 -1.591317
62974.000000 -1.909580
62976.000000 -2.227843
62978.000000 -2.546107
62980.000000 -2.864370
62982.000000 -3.182633
62984.000000 -3.500897
62986.000000 -3.819160
62988.000000 -4.137424
62990.000000 -4.455687
62992.000000 -4.773950
62994.000000 0.001295
62996.000000 2.828559
62998.000000 0.702715
63000.000000 -4.137424
63002.000000 -4.455687
63004.000000 -4.773950
63006.000000 -5.092214
63008.000000 -5.410477
63010.000000 -5.728740
63012.000000 -6.047004
63014.000000 -6.365267
63016.000000 -6.683530
63018.000000 -7.001794
63020.000000 -7.320057
63022.000000 -7.638320
63024.000000 -7.956584
63026.000000 -8.274847
63028.000000 -8.593110
63030.000000 -8.911374
63032.000000 -9.229637
63034.000000 -9.547900
63036.000000 -9.866164
63038.000000 -10.184427
63040.000000 -10.502690
63042.000000 -10.820954
63044.000000 -11.139217
63046.000000 -11.457481
63048.000000 -11.775744
63050.000000 -12.094007
63052.000000 -12.412271
63054.000000 -12.730534
63056.000000 -13.048797
63058.000000 -13.367061
63060.000000 -13.685324
63062.000000 -14.003587
63064.000000 -14.321851
63066.000000 -14.640114
63068.000000 -14.958377
63070.000000 5.666614
63072.000000 14.148406
63074.000000 9.896719
63076.000000 5.655823
63078.000000 4.242191
63080.000000 2.828559
63082.000000 5.655823
63084.000000 8.483087
63086.000000 9.896719
63088.000000 11.321142
63090.000000 12.734774
63092.000000 14.148406
63094.000000 12.022563
63096.000000 9.896719
63098.000000 7.781667
63100.000000 5.655823
63102.000000 6.357244
63104.000000 7.069455
63106.000000 7.781667
63108.000000 8.483087
63110.000000 14.148406
63112.000000 19.802935
63114.000000 16.975671
63116.000000 14.148406
63118.000000 12.723983
63120.000000 11.310351
63122.000000 14.148406
63124.000000 16.975671
63126.000000 14.148406
63128.000000 11.310351
63130.000000 10.608931
63132.000000 9.896719
63134.000000 9.184508
63136.000000 8.483087
63138.000000 12.723983
63140.000000 16.975671
63142.000000 14.148406
63144.000000 11.310351
63146.000000 14.148406
63148.000000 16.975671
63150.000000 21.216567
63152.000000 25.457463
63154.000000 26.871095
63156.000000 28.284727
63158.000000 29.698359
63160.000000 31.111991
63162.000000 32.536414
63164.000000 33.950046
63166.000000 35.363678
63168.000000 36.777310
63170.000000 33.939255
63172.000000 31.111991
63174.000000 31.824202
63176.000000 32.536414
63178.000000 33.237835
63180.000000 33.950046
63182.000000 31.111991
63184.000000 28.284727
63186.000000 24.043831
63188.000000 19.802935
63190.000000 16.263459
63192.000000 12.723983
63194.000000 9.195299
63196.000000 5.655823
63198.000000 9.896719
63200.000000 14.148406
63202.000000 12.723983
63204.000000 11.310351
63206.000000 5.655823
63208.000000 0.001295
63210.000000 -0.318263
63212.000000 -0.636527
63214.000000 -0.954790
63216.000000 -1.273053
63218.000000 0.702715
63220.000000 2.828559
63222.000000 -0.954790
63224.000000 -1.273053
63226.000000 -1.591317
63228.000000 -1.909580
63230.000000 -2.227843
63232.000000 -2.546107
63234.000000 -2.864370
63236.000000 -3.182633
63238.000000 1.414927
63240.000000 5.655823
63242.000000 9.896719
63244.000000 14.148406
63246.000000 18.389303
63248.000000 22.630199
63250.000000 24.043831
63252.000000 25.457463
63254.000000 22.630199
63256.000000 19.802935
63258.000000 25.457463
63260.000000 31.111991
63262.000000 33.237835
63264.000000 35.363678
63266.000000 37.478731
63268.000000 39.604574
63270.000000 35.363678
63272.000000 31.111991
63274.000000 31.586799
63276.000000 32.061606
63278.000000 32.536414
63280.000000 33.000431
63282.000000 33.475238
63284.000000 33.950046
63286.000000 39.604574
63288.000000 45.259102
63290.000000 46.672734
63292.000000 48.086367
63294.000000 46.672734
63296.000000 45.259102
63298.000000 43.845470
63300.000000 42.431838
63302.000000 43.845470
63304.000000 45.259102
63306.000000 42.431838
63308.000000 39.604574
63310.000000 38.190942
63312.000000 36.777310
63314.000000 31.111991
63316.000000 25.457463
63318.000000 16.975671
63320.000000 8.483087
63322.000000 4.242191
63324.000000 0.001295
63326.000000 7.069455
63328.000000 14.148406
63330.000000 21.216567
63332.000000 28.284727
63334.000000 33.939255
63336.000000 39.604574
63338.000000 41.018206
63340.000000 42.431838
63342.000000 41.018206
63344.000000 39.604574
63346.000000 41.018206
63348.000000 42.431838
63350.000000 46.672734
63352.000000 50.913631
63354.000000 55.154527
63356.000000 59.406214
63358.000000 56.578950
63360.000000 53.751686
63362.000000 48.097158
63364.000000 42.431838
63366.000000 36.766519
63368.000000 31.111991
63370.000000 29.698359
63372.000000 28.284727
63374.000000 24.043831
63376.000000 19.802935
63378.000000 15.551247
63380.000000 11.310351
63382.000000 9.896719
63384.000000 8.483087
63386.000000 5.655823
63388.000000 2.828559
63390.000000 1.414927
63392.000000 0.001295
63394.000000 -0.318263
63396.000000 -0.636527
63398.000000 -0.954790
63400.000000 -1.273053
63402.000000 -1.591317
63404.000000 -1.909580
63406.000000 -2.227843
63408.000000 -2.546107
63410.000000 -2.864370
63412.000000 0.001295
63414.000000 7.069455
63416.000000 14.148406
63418.000000 21.216567
63420.000000 28.284727
63422.000000 26.871095
63424.000000 25.457463
63426.000000 24.043831
63428.000000 22.630199
63430.000000 24.043831
63432.000000 25.457463
63434.000000 28.284727
63436.000000 31.111991
63438.000000 29.698359
63440.000000 28.284727
63442.000000 26.871095
63444.000000 25.457463
63446.000000 26.871095
63448.000000 28.284727
63450.000000 29.698359
63452.000000 31.111991
63454.000000 32.536414
63456.000000 33.950046
63458.000000 38.190942
63460.000000 42.431838
63462.000000 41.018206
63464.000000 39.604574
63466.000000 33.939255
63468.000000 28.284727
63470.000000 26.871095
63472.000000 25.457463
63474.000000 28.284727
63476.000000 31.111991
63478.000000 30.399779
63480.000000 29.698359
63482.000000 28.996938
63484.000000 28.284727
63486.000000 25.457463
63488.000000 22.630199
63490.000000 24.043831
63492.000000 25.457463
63494.000000 28.284727
63496.000000 31.111991
63498.000000 28.284727
63500.000000 25.457463
63502.000000 28.284727
63504.000000 31.111991
63506.000000 35.363678
63508.000000 39.604574
63510.000000 38.190942
63512.000000 36.777310
63514.000000 33.939255
63516.000000 31.111991
63518.000000 26.871095
63520.000000 22.630199
63522.000000 19.802935
63524.000000 16.975671
63526.000000 14.148406
63528.000000 11.310351
63530.000000 9.896719
63532.000000 8.483087
63534.000000 12.723983
63536.000000 16.975671
63538.000000 15.562038
63540.000000 14.148406
63542.000000 15.562038
63544.000000 16.975671
63546.000000 10.674344
63548.000000 4.373018
63550.000000 -3.923610
63552.000000 16.975671
63554.000000 15.562038
63556.000000 14.148406
63558.000000 16.975671
63560.000000 19.802935
63562.000000 18.389303
63564.000000 16.975671
63566.000000 19.802935
63568.000000 22.630199
63570.000000 25.457463
63572.000000 28.284727
63574.000000 33.939255
63576.000000 39.604574
63578.000000 38.903154
63580.000000 38.190942
63582.000000 37.478731
63584.000000 36.777310
63586.000000 31.111991
63588.000000 25.457463
63590.000000 19.802935
63592.000000 14.148406
63594.000000 16.975671
63596.000000 19.802935
63598.000000 21.216567
63600.000000 22.630199
63602.000000 23.342410
63604.000000 24.043831
63606.000000 24.745251
63608.000000 25.457463
63610.000000 16.975671
63612.000000 8.483087
63614.000000 7.069455
63616.000000 5.655823
63618.000000 7.069455
63620.000000 8.483087
63622.000000 7.069455
63624.000000 5.655823
63626.000000 -0.318263
63628.000000 -0.636527
63630.000000 -0.954790
63632.000000 -1.273053
63634.000000 -1.591317
63636.000000 -1.909580
63638.000000 -2.227843
63640.000000 -2.546107
63642.000000 -2.864370
63644.000000 -3.182633
63646.000000 -3.500897
63648.000000 -3.819160
63650.000000 -4.137424
63652.000000 -4.455687
63654.000000 -4.773950
63656.000000 -5.092214
63658.000000 -5.410477
63660.000000 -5.728740
63662.000000 -6.047004
63664.000000 -6.365267
63666.000000 -6.683530
63668.000000 -7.001794
63670.000000 -7.320057
63672.000000 -7.638320
63674.000000 -7.956584
63676.000000 -8.274847
63678.000000 -8.593110
63680.000000 -8.911374
63682.000000 -9.229637
63684.000000 -9.547900
63686.000000 -9.866164
63688.000000 -10.184427
63690.000000 -10.502690
63692.000000 -10.820954
63694.000000 -11.139217
63696.000000 -11.457481
63698.000000 -11.775744
63700.000000 -12.094007
63702.000000 -12.412271
63704.000000 -12.730534
63706.000000 -13.048797
63708.000000 -13.367061
63710.000000 -13.685324
63712.000000 -14.003587
63714.000000 -14.321851
63716.000000 -14.640114
63718.000000 -14.958377
63720.000000 -15.276641
63722.000000 -15.594904
63724.000000 -15.913167
63726.000000 -16.231431
63728.000000 -16.549694
63730.000000 -16.867957
63732.000000 -17.186221
63734.000000 -17.504484
63736.000000 -17.504484
63738.000000 -17.504484
63740.000000 -17.504484
63742.000000 -17.504484
63744.000000 -17.504484
63746.000000 -17.504484
63748.000000 -17.504484
63750.000000 -17.504484
63752.000000 -17.504484
63754.000000 -17.504484
63756.000000 -17.504484
63758.000000 -17.504484
63760.000000 -17.504484
63762.000000 -17.504484
63764.000000 -17.504484
63766.000000 -17.504484
63768.000000 -17.504484
63770.000000 -17.504484
63772.000000 -17.504484
63774.000000 -17.504484
63776.000000 -17.504484
63778.000000 -17.504484
63780.000000 -17.504484
63782.000000 -17.504484
63784.000000 -17.504484
63786.000000 -17.504484
63788.000000 -17.504484
63790.000000 -17.504484
63792.000000 -17.504484
63794.000000 -17.504484
63796.000000 -17.504484
63798.000000 -17.504484
63800.000000 -17.504484
63802.000000 -17.504484
63804.000000 -17.504484
63806.000000 -17.504484
63808.000000 -17.504484
63810.000000 -17.504484
63812.000000 -17.504484
63814.000000 -17.504484
63816.000000 -17.504484
63818.000000 -17.504484
63820.000000 -17.504484
63822.000000 -17.504484
63824.000000 -17.504484
63826.000000 -17.504484
63828.000000 -17.504484
63830.000000 -17.504484
63832.000000 -17.504484
63834.000000 -17.504484
63836.000000 -17.504484
63838.000000 -17.504484
63840.000000 -17.504484
63842.000000 -17.504484
63844.000000 -17.504484
63846.000000 -17.504484
63848.000000 -17.504484
63850.000000 -17.504484
63852.000000 -17.504484
63854.000000 -17.504484
63856.000000 -17.504484
63858.000000 -17.504484
63860.000000 -17.504484
63862.000000 -17.504484
63864.000000 -17.504484
63866.000000 -17.504484
63868.000000 -17.504484
63870.000000 -17.504484
63872.000000 -17.504484
63874.000000 -17.504484
63876.000000 -17.504484
63878.000000 -17.504484
63880.000000 -17.504484
63882.000000 -17.504484
63884.000000 -17.504484
63886.000000 -17.504484
63888.000000 -17.504484
63890.000000 -17.504484
63892.000000 -17.504484
63894.000000 -17.504484
63896.000000 -17.504484
63898.000000 -17.504484
63900.000000 -17.504484
63902.000000 -17.504484
63904.000000 -17.504484
63906.000000 -17.504484
63908.000000 -17.504484
63910.000000 -17.504484
63912.000000 -17.504484
63914.000000 -17.504484
63916.000000 -17.504484
63918.000000 -17.504484
63920.000000 -17.504484
63922.000000 -17.504484
63924.000000 -17.504484
63926.000000 -17.504484
63928.000000 -17.504484
63930.000000 -17.504484
63932.000000 -17.504484
63934.000000 -17.504484
63936.000000 -17.504484
63938.000000 -17.504484
63940.000000 -17.504484
63942.000000 -17.504484
63944.000000 -17.504484
63946.000000 -17.504484
63948.000000 -17.504484
63950.000000 0.001295
63952.000000 2.828559
63954.000000 0.001295
63956.000000 -16.867957
63958.000000 -17.186221
63960.000000 -17.504484
63962.000000 -17.504484
63964.000000 -17.504484
63966.000000 -17.504484
63968.000000 -17.504484
63970.000000 -17.504484
63972.000000 -17.504484
63974.000000 -17.504484
63976.000000 -17.504484
63978.000000 -17.504484
63980.000000 -17.504484
63982.000000 -17.504484
63984.000000 -17.504484
63986.000000 -17.504484
63988.000000 -17.504484
63990.000000 -17.504484
63992.000000 -17.504484
63994.000000 -17.504484
63996.000000 -17.504484
63998.000000 -17.504484
64000.000000 -17.504484
64002.000000 -17.504484
64004.000000 -17.504484
64006.000000 -17.504484
64008.000000 -17.504484
64010.000000 -17.504484
64012.000000 -17.504484
64014.000000 -17.504484
64016.000000 -17.504484
64018.000000 -17.504484
64020.000000 -17.504484
64022.000000 -17.504484
64024.000000 -17.504484
64026.000000 -17.504484
64028.000000 -17.504484
64030.000000 -17.504484
64032.000000 -17.504484
64034.000000 -17.504484
64036.000000 -17.504484
64038.000000 -17.504484
64040.000000 -17.504484
64042.000000 -17.504484
64044.000000 -17.504484
64046.000000 -17.504484
64048.000000 -17.504484
64050.000000 -17.504484
64052.000000 -17.504484
64054.000000 -17.504484
64056.000000 -17.504484
64058.000000 -17.504484
64060.000000 -17.504484
64062.000000 -17.504484
64064.000000 -17.504484
64066.000000 -17.504484
64068.000000 -17.504484
64070.000000 -17.504484
64072.000000 0.001295
64074.000000 1.414927
64076.000000 2.828559
64078.000000 8.493878
64080.000000 14.148406
64082.000000 15.562038
64084.000000 16.975671
64086.000000 9.896719
64088.000000 2.828559
64090.000000 0.001295
64092.000000 -14.640114
64094.000000 4.242191
64096.000000 11.310351
64098.000000 9.896719
64100.000000 8.483087
64102.000000 5.655823
64104.000000 2.828559
64106.000000 6.368035
64108.000000 9.896719
64110.000000 13.436195
64112.000000 16.975671
64114.000000 18.389303
64116.000000 19.802935
64118.000000 18.389303
64120.000000 16.975671
64122.000000 15.562038
64124.000000 14.148406
64126.000000 14.860618
64128.000000 15.562038
64130.000000 16.263459
64132.000000 16.975671
64134.000000 15.562038
64136.000000 14.148406
64138.000000 16.975671
64140.000000 19.802935
64142.000000 18.389303
64144.000000 16.975671
64146.000000 14.148406
64148.000000 11.310351
64150.000000 -5.197874
64152.000000 -12.730534
64154.000000 -19.095801
64156.000000 -17.822748
64158.000000 -11.775744
64160.000000 -5.728740
64162.000000 -6.047004
64164.000000 -6.365267
64166.000000 -6.683530
64168.000000 -7.001794
64170.000000 -7.320057
64172.000000 -7.638320
64174.000000 -7.956584
64176.000000 -8.274847
64178.000000 -8.593110
64180.000000 -8.911374
64182.000000 -9.229637
64184.000000 -9.547900
64186.000000 -9.866164
64188.000000 -10.184427
64190.000000 -10.502690
64192.000000 -10.820954
64194.000000 -11.139217
64196.000000 -11.457481
64198.000000 -11.775744
64200.000000 -12.094007
64202.000000 -12.412271
64204.000000 -12.730534
64206.000000 -13.048797
64208.000000 -13.367061
64210.000000 -13.685324
64212.000000 -14.003587
64214.000000 0.001295
64216.000000 5.655823
64218.000000 12.723983
64220.000000 19.802935
64222.000000 16.975671
64224.000000 14.148406
64226.000000 16.975671
64228.000000 19.802935
64230.000000 24.043831
64232.000000 28.284727
64234.000000 28.996938
64236.000000 29.698359
64238.000000 30.399779
64240.000000 31.111991
64242.000000 25.457463
64244.000000 19.802935
64246.000000 18.389303
64248.000000 16.975671
64250.000000 22.630199
64252.000000 28.284727
64254.000000 26.871095
64256.000000 25.457463
64258.000000 24.043831
64260.000000 22.630199
64262.000000 26.871095
64264.000000 31.111991
64266.000000 32.536414
64268.000000 33.950046
64270.000000 35.363678
64272.000000 36.777310
64274.000000 38.190942
64276.000000 39.604574
64278.000000 36.777310
64280.000000 33.939255
64282.000000 31.111991
64284.000000 28.284727
64286.000000 19.802935
64288.000000 11.310351
64290.000000 5.655823
64292.000000 0.001295
64294.000000 2.828559
64296.000000 5.655823
64298.000000 8.483087
64300.000000 11.310351
64302.000000 9.896719
64304.000000 8.483087
64306.000000 8.008279
64308.000000 7.544263
64310.000000 7.069455
64312.000000 6.594647
64314.000000 6.130631
64316.000000 5.655823
64318.000000 14.148406
64320.000000 22.630199
64322.000000 24.043831
64324.000000 25.457463
64326.000000 26.871095
64328.000000 28.284727
64330.000000 24.043831
64332.000000 19.802935
64334.000000 16.975671
64336.000000 14.148406
64338.000000 11.321142
64340.000000 8.483087
64342.000000 5.655823
64344.000000 2.828559
64346.000000 5.655823
64348.000000 8.483087
64350.000000 7.069455
64352.000000 5.655823
64354.000000 0.001295
64356.000000 -0.318263
64358.000000 -0.636527
64360.000000 -0.954790
64362.000000 -1.273053
64364.000000 -1.591317
64366.000000 -1.909580
64368.000000 -2.227843
64370.000000 -2.546107
64372.000000 -2.864370
64374.000000 -3.182633
64376.000000 -3.500897
64378.000000 -3.819160
64380.000000 -4.137424
64382.000000 -4.455687
64384.000000 -4.773950
64386.000000 -5.092214
64388.000000 -5.410477
64390.000000 -5.728740
64392.000000 -6.047004
64394.000000 -6.365267
64396.000000 -6.683530
64398.000000 -7.001794
64400.000000 -7.320057
64402.000000 -7.638320
64404.000000 -7.956584
64406.000000 -8.274847
64408.000000 -8.593110
64410.000000 -8.911374
64412.000000 -9.229637
64414.000000 -9.547900
64416.000000 -9.866164
64418.000000 -10.184427
64420.000000 -10.502690
64422.000000 -10.820954
64424.000000 -11.139217
64426.000000 -11.457481
64428.000000 -11.775744
64430.000000 -12.094007
64432.000000 -12.412271
64434.000000 -12.730534
64436.000000 -13.048797
64438.000000 -13.367061
64440.000000 -13.685324
64442.000000 -14.003587
64444.000000 -14.321851
64446.000000 -14.640114
64448.000000 -14.958377
64450.000000 -15.276641
64452.000000 -15.594904
64454.000000 -15.913167
64456.000000 -16.231431
64458.000000 -16.549694
64460.000000 -16.867957
64462.000000 -17.186221
64464.000000 -17.504484
64466.000000 -17.504484
64468.000000 -17.504484
64470.000000 -17.504484
64472.000000 -17.504484
64474.000000 -17.504484
64476.000000 -17.504484
64478.000000 -17.504484
64480.000000 -17.504484
64482.000000 -17.504484
64484.000000 -17.504484
64486.000000 -17.504484
64488.000000 -17.504484
64490.000000 -17.504484
64492.000000 -17.504484
64494.000000 -17.504484
64496.000000 -17.504484
64498.000000 -17.504484
64500.000000 -17.504484
64502.000000 -17.504484
64504.000000 -17.504484
64506.000000 -17.504484
64508.000000 -17.504484
64510.000000 -17.504484
64512.000000 -17.504484
64514.000000 -17.504484
64516.000000 -17.504484
64518.000000 -17.504484
64520.000000 -17.504484
64522.000000 -17.504484
64524.000000 -17.504484
64526.000000 -17.504484
64528.000000 -17.504484
64530.000000 -17.504484
64532.000000 -17.504484
64534.000000 -17.504484
64536.000000 -17.504484
64538.000000 -17.504484
64540.000000 -17.504484
64542.000000 -17.504484
64544.000000 -17.504484
64546.000000 -17.504484
64548.000000 -17.504484
64550.000000 -17.504484
64552.000000 -17.504484
64554.000000 -17.504484
64556.000000 -17.504484
64558.000000 -17.504484
64560.000000 -17.504484
64562.000000 -17.504484
64564.000000 -17.504484
64566.000000 -17.504484
64568.000000 -17.504484
64570.000000 -17.504484
64572.000000 -17.504484
64574.000000 -17.504484
64576.000000 -17.504484
64578.000000 -17.504484
64580.000000 -17.504484
64582.000000 -17.504484
64584.000000 -17.504484
64586.000000 -17.504484
64588.000000 -17.504484
64590.000000 -17.504484
64592.000000 -17.504484
64594.000000 -17.504484
64596.000000 -17.504484
64598.000000 -17.504484
64600.000000 -17.504484
64602.000000 -17.504484
64604.000000 -17.504484
64606.000000 -17.504484
64608.000000 -17.504484
64610.000000 -17.504484
64612.000000 -17.504484
64614.000000 -17.504484
64616.000000 -17.504484
64618.000000 -17.504484
64620.000000 -17.504484
64622.000000 -17.504484
64624.000000 -17.504484
64626.000000 -17.504484
64628.000000 -17.504484
64630.000000 -17.504484
64632.000000 -17.504484
64634.000000 -17.504484
64636.000000 -17.504484
64638.000000 -17.504484
64640.000000 -17.504484
64642.000000 -17.504484
64644.000000 -17.504484
64646.000000 -17.504484
64648.000000 -17.504484
64650.000000 -17.504484
64652.000000 -17.504484
64654.000000 -17.504484
64656.000000 -17.504484
64658.000000 -17.504484
64660.000000 -17.504484
64662.000000 -17.504484
64664.000000 -17.504484
64666.000000 -17.504484
64668.000000 -17.504484
64670.000000 -17.504484
64672.000000 -17.504484
64674.000000 -17.504484
64676.000000 -17.504484
64678.000000 -17.504484
64680.000000 -17.504484
64682.000000 -17.504484
64684.000000 -17.504484
64686.000000 -17.504484
64688.000000 -17.504484
64690.000000 -17.504484
64692.000000 -17.504484
64694.000000 -17.504484
64696.000000 -17.504484
64698.000000 -17.504484
64700.000000 -17.504484
64702.000000 -17.504484
64704.000000 -17.504484
64706.000000 -17.504484
64708.000000 -17.504484
64710.000000 -17.504484
64712.000000 -17.504484
64714.000000 -17.504484
64716.000000 -17.504484
64718.000000 -17.504484
64720.000000 -17.504484
64722.000000 -17.504484
64724.000000 -17.504484
64726.000000 -17.504484
64728.000000 -17.504484
64730.000000 -17.504484
64732.000000 -17.504484
64734.000000 -17.504484
64736.000000 -17.504484
64738.000000 -17.504484
64740.000000 -17.504484
64742.000000 -17.504484
64744.000000 -17.504484
64746.000000 -17.504484
64748.000000 -17.504484
64750.000000 -17.504484
64752.000000 -17.504484
64754.000000 -17.504484
64756.000000 -17.504484
64758.000000 -17.504484
64760.000000 -17.504484
64762.000000 -17.504484
64764.000000 -17.504484
64766.000000 -17.504484
64768.000000 -17.504484
64770.000000 -17.504484
64772.000000 -17.504484
64774.000000 -17.504484
64776.000000 -17.504484
64778.000000 -17.504484
64780.000000 -17.504484
64782.000000 -17.504484
64784.000000 -17.504484
64786.000000 -17.504484
64788.000000 -17.504484
64790.000000 -17.504484
64792.000000 -17.504484
64794.000000 -17.504484
64796.000000 -17.504484
64798.000000 -17.504484
64800.000000 -17.504484
64802.000000 -17.504484
64804.000000 -17.504484
64806.000000 -17.504484
64808.000000 -17.504484
64810.000000 -17.504484
64812.000000 -17.504484
64814.000000 -17.504484
64816.000000 -17.504484
64818.000000 -17.504484
64820.000000 -17.504484
64822.000000 -17.504484
64824.000000 -17.504484
64826.000000 -17.504484
64828.000000 -17.504484
64830.000000 -17.504484
64832.000000 -17.504484
64834.000000 -17.504484
64836.000000 -17.504484
64838.000000 -17.504484
64840.000000 -17.504484
64842.000000 -1.167393
64844.000000 -3.882881
64846.000000 -6.607273
64848.000000 -9.331665
64850.000000 -12.830639
64852.000000 -16.338516
64854.000000 -11.673217
64856.000000 -6.999016
64858.000000 -4.666367
64860.000000 -2.333718
64862.000000 -0.001068
64864.000000 -14.321851
64866.000000 -0.001068
64868.000000 -2.333718
64870.000000 -5.832691
64872.000000 -9.331665
64874.000000 -8.165340
64876.000000 -6.999016
64878.000000 -3.500042
64880.000000 -0.001068
64882.000000 -12.094007
64884.000000 -12.412271
64886.000000 -12.730534
64888.000000 -13.048797
64890.000000 -13.367061
64892.000000 -13.685324
64894.000000 -14.003587
64896.000000 -14.321851
64898.000000 -14.640114
64900.000000 -14.958377
64902.000000 -15.276641
64904.000000 -15.594904
64906.000000 -15.913167
64908.000000 -16.231431
64910.000000 -16.549694
64912.000000 -16.867957
64914.000000 -17.186221
64916.000000 -17.504484
64918.000000 -17.504484
64920.000000 -17.504484
64922.000000 -17.504484
64924.000000 -17.504484
64926.000000 -17.504484
64928.000000 -17.504484
64930.000000 -17.504484
64932.000000 -17.504484
64934.000000 -17.504484
64936.000000 -17.504484
64938.000000 -17.504484
64940.000000 -17.504484
64942.000000 -17.504484
64944.000000 -17.504484
64946.000000 -17.504484
64948.000000 -17.504484
64950.000000 -17.504484
64952.000000 -17.504484
64954.000000 -17.504484
64956.000000 -17.504484
64958.000000 -17.504484
64960.000000 -17.504484
64962.000000 -17.504484
64964.000000 -17.504484
64966.000000 -17.504484
64968.000000 -17.504484
64970.000000 -17.504484
64972.000000 -17.504484
64974.000000 -17.504484
64976.000000 -17.504484
64978.000000 -17.504484
64980.000000 -17.504484
64982.000000 -17.504484
64984.000000 -17.504484
64986.000000 -17.504484
64988.000000 -17.504484
64990.000000 -17.504484
64992.000000 -17.504484
64994.000000 -17.504484
64996.000000 -17.504484
64998.000000 -17.504484
65000.000000 -17.504484
65002.000000 -17.504484
65004.000000 -17.504484
65006.000000 -17.504484
65008.000000 -17.504484
65010.000000 -17.504484
65012.000000 -17.504484
65014.000000 -17.504484
65016.000000 -17.504484
65018.000000 -17.504484
65020.000000 -17.504484
65022.000000 -17.504484
65024.000000 -17.504484
65026.000000 -17.504484
65028.000000 -17.504484
65030.000000 -17.504484
65032.000000 -17.504484
65034.000000 -17.504484
65036.000000 -17.504484
65038.000000 -17.504484
65040.000000 -17.504484
65042.000000 -17.504484
65044.000000 -17.504484
65046.000000 -17.504484
65048.000000 0.001295
65050.000000 -17.504484
65052.000000 -17.504484
65054.000000 -17.504484
65056.000000 -17.504484
65058.000000 1.414927
65060.000000 5.655823
65062.000000 11.321142
65064.000000 16.975671
65066.000000 18.389303
65068.000000 19.802935
65070.000000 18.389303
65072.000000 16.975671
65074.000000 12.723983
65076.000000 8.483087
65078.000000 -14.640114
65080.000000 -14.958377
65082.000000 -15.276641
65084.000000 -15.594904
65086.000000 -15.913167
65088.000000 -16.231431
65090.000000 -16.549694
65092.000000 -16.867957
65094.000000 -17.186221
65096.000000 -17.504484
65098.000000 -17.504484
65100.000000 -17.504484
65102.000000 -17.504484
65104.000000 -17.504484
65106.000000 -17.504484
65108.000000 -17.504484
65110.000000 -17.504484
65112.000000 -17.504484
65114.000000 -17.504484
65116.000000 -17.504484
65118.000000 -17.504484
65120.000000 -17.504484
65122.000000 -17.504484
65124.000000 -17.504484
65126.000000 -17.504484
65128.000000 -17.504484
65130.000000 -17.504484
65132.000000 -17.504484
65134.000000 -17.504484
65136.000000 -17.504484
65138.000000 -17.504484
65140.000000 2.828559
65142.000000 4.242191
65144.000000 5.655823
65146.000000 8.483087
65148.000000 11.310351
65150.000000 4.242191
65152.000000 -15.913167
65154.000000 -16.231431
65156.000000 -16.549694
65158.000000 -16.867957
65160.000000 -17.186221
65162.000000 -17.504484
65164.000000 -17.504484
65166.000000 -17.504484
65168.000000 -17.504484
65170.000000 -17.504484
65172.000000 -17.504484
65174.000000 -17.504484
65176.000000 -17.504484
65178.000000 -17.504484
65180.000000 -17.504484
65182.000000 -17.504484
65184.000000 -17.504484
65186.000000 -17.504484
65188.000000 -17.504484
65190.000000 -17.504484
65192.000000 -17.504484
65194.000000 -17.504484
65196.000000 -17.504484
65198.000000 -17.504484
65200.000000 -17.504484
65202.000000 7.069455
65204.000000 22.630199
65206.000000 28.284727
65208.000000 33.950046
65210.000000 35.363678
65212.000000 36.777310
65214.000000 35.363678
65216.000000 33.950046
65218.000000 36.777310
65220.000000 39.604574
65222.000000 38.190942
65224.000000 36.777310
65226.000000 38.903154
65228.000000 41.018206
65230.000000 43.133259
65232.000000 45.259102
65234.000000 48.086367
65236.000000 50.913631
65238.000000 46.672734
65240.000000 42.431838
65242.000000 43.845470
65244.000000 45.259102
65246.000000 42.431838
65248.000000 39.604574
65250.000000 38.190942
65252.000000 36.777310
65254.000000 32.536414
65256.000000 28.284727
65258.000000 36.766519
65260.000000 45.259102
65262.000000 39.604574
65264.000000 33.950046
65266.000000 35.363678
65268.000000 36.777310
65270.000000 35.363678
65272.000000 33.950046
65274.000000 28.284727
65276.000000 22.630199
65278.000000 18.389303
65280.000000 14.148406
65282.000000 11.321142
65284.000000 8.483087
65286.000000 5.655823
65288.000000 2.828559
65290.000000 7.069455
65292.000000 11.310351
65294.000000 7.069455
65296.000000 2.828559
65298.000000 9.896719
65300.000000 16.975671
65302.000000 14.849827
65304.000000 12.723983
65306.000000 10.608931
65308.000000 8.483087
65310.000000 2.828559
65312.000000 -0.318263
65314.000000 -0.636527
65316.000000 -0.954790
65318.000000 -1.273053
65320.000000 -1.591317
65322.000000 -1.909580
65324.000000 -2.227843
65326.000000 -2.546107
65328.000000 -2.864370
65330.000000 -3.182633
65332.000000 -3.500897
65334.000000 -3.819160
65336.000000 -4.137424
65338.000000 -4.455687
65340.000000 -4.773950
65342.000000 -5.092214
65344.000000 0.001295
65346.000000 4.242191
65348.000000 8.483087
65350.000000 14.148406
65352.000000 19.802935
65354.000000 22.630199
65356.000000 25.457463
65358.000000 26.871095
65360.000000 28.284727
65362.000000 25.457463
65364.000000 22.630199
65366.000000 20.515146
65368.000000 18.389303
65370.000000 16.263459
65372.000000 14.148406
65374.000000 15.562038
65376.000000 16.975671
65378.000000 15.087231
65380.000000 13.198791
65382.000000 11.321142
65384.000000 9.432703
65386.000000 7.544263
65388.000000 5.655823
65390.000000 2.828559
65392.000000 0.001295
65394.000000 -0.318263
65396.000000 -0.636527
65398.000000 -0.954790
65400.000000 -1.273053
65402.000000 -1.591317
65404.000000 -1.909580
65406.000000 -2.227843
65408.000000 -2.546107
65410.000000 -2.864370
65412.000000 -3.182633
65414.000000 -3.500897
65416.000000 -3.819160
65418.000000 -4.137424
65420.000000 -4.455687
65422.000000 -4.773950
65424.000000 -5.092214
65426.000000 -5.410477
65428.000000 -5.728740
65430.000000 -6.047004
65432.000000 -6.365267
65434.000000 -6.683530
65436.000000 -7.001794
65438.000000 -7.320057
65440.000000 -7.638320
65442.000000 -7.956584
65444.000000 -8.274847
65446.000000 -8.593110
65448.000000 -8.911374
65450.000000 -9.229637
65452.000000 -9.547900
65454.000000 -9.866164
65456.000000 -10.184427
65458.000000 -10.502690
65460.000000 -10.820954
65462.000000 -11.139217
65464.000000 -11.457481
65466.000000 -11.775744
65468.000000 -12.094007
65470.000000 -12.412271
65472.000000 -12.730534
65474.000000 -13.048797
65476.000000 -13.367061
65478.000000 -13.685324
65480.000000 -14.003587
65482.000000 -14.321851
65484.000000 -14.640114
65486.000000 2.828559
65488.000000 11.310351
65490.000000 16.975671
65492.000000 22.630199
65494.000000 25.457463
65496.000000 28.284727
65498.000000 22.630199
65500.000000 16.975671
65502.000000 14.148406
65504.000000 11.310351
65506.000000 12.723983
65508.000000 14.148406
65510.000000 12.723983
65512.000000 11.310351
65514.000000 16.975671
65516.000000 22.630199
65518.000000 25.457463
65520.000000 28.284727
65522.000000 29.698359
65524.000000 31.111991
65526.000000 32.536414
65528.000000 33.950046
65530.000000 35.363678
65532.000000 36.777310
65534.000000 32.536414
65536.000000 28.284727
65538.000000 26.871095
65540.000000 25.457463
65542.000000 24.043831
65544.000000 22.630199
65546.000000 20.515146
65548.000000 18.389303
65550.000000 16.263459
65552.000000 14.148406
65554.000000 12.723983
65556.000000 11.310351
65558.000000 12.723983
65560.000000 14.148406
65562.000000 11.321142
65564.000000 8.483087
65566.000000 7.069455
65568.000000 5.655823
65570.000000 7.069455
65572.000000 8.483087
65574.000000 5.655823
65576.000000 2.828559
65578.000000 0.001295
65580.000000 -0.318263
65582.000000 -0.636527
65584.000000 0.001295
65586.000000 1.414927
65588.000000 2.828559
65590.000000 1.414927
65592.000000 0.001295
65594.000000 4.242191
65596.000000 8.493878
65598.000000 12.734774
65600.000000 16.975671
65602.000000 22.630199
65604.000000 28.284727
65606.000000 27.572515
65608.000000 26.871095
65610.000000 26.169674
65612.000000 25.457463
65614.000000 21.216567
65616.000000 16.975671
65618.000000 14.849827
65620.000000 12.723983
65622.000000 10.608931
65624.000000 8.483087
65626.000000 7.069455
65628.000000 5.655823
65630.000000 7.069455
65632.000000 8.483087
65634.000000 9.896719
65636.000000 11.321142
65638.000000 12.734774
65640.000000 14.148406
65642.000000 18.389303
65644.000000 22.630199
65646.000000 25.457463
65648.000000 28.284727
65650.000000 26.871095
65652.000000 25.457463
65654.000000 22.630199
65656.000000 19.802935
65658.000000 21.216567
65660.000000 22.630199
65662.000000 24.043831
65664.000000 25.457463
65666.000000 26.871095
65668.000000 28.284727
65670.000000 31.824202
65672.000000 35.363678
65674.000000 38.892363
65676.000000 42.431838
65678.000000 41.018206
65680.000000 39.604574
65682.000000 38.190942
65684.000000 36.777310
65686.000000 39.604574
65688.000000 42.431838
65690.000000 38.190942
65692.000000 33.950046
65694.000000 39.604574
65696.000000 45.259102
65698.000000 46.672734
65700.000000 48.086367
65702.000000 46.672734
65704.000000 45.259102
65706.000000 43.845470
65708.000000 42.431838
65710.000000 38.190942
65712.000000 33.950046
65714.000000 35.363678
65716.000000 36.777310
65718.000000 34.651467
65720.000000 32.536414
65722.000000 30.410570
65724.000000 28.284727
65726.000000 19.802935
65728.000000 11.310351
65730.000000 4.242191
65732.000000 -0.318263
65734.000000 -0.636527
65736.000000 -0.954790
65738.000000 -1.273053
65740.000000 -1.591317
65742.000000 -1.909580
65744.000000 -2.227843
65746.000000 1.414927
65748.000000 11.310351
65750.000000 14.148406
65752.000000 16.975671
65754.000000 19.090723
65756.000000 21.216567
65758.000000 23.342410
65760.000000 25.457463
65762.000000 24.518638
65764.000000 23.569023
65766.000000 22.630199
65768.000000 21.691374
65770.000000 20.741759
65772.000000 19.802935
65774.000000 19.090723
65776.000000 18.389303
65778.000000 17.687882
65780.000000 16.975671
65782.000000 12.723983
65784.000000 8.483087
65786.000000 14.148406
65788.000000 19.802935
65790.000000 16.975671
65792.000000 14.148406
65794.000000 15.562038
65796.000000 16.975671
65798.000000 15.562038
65800.000000 14.148406
65802.000000 4.242191
65804.000000 -0.318263
65806.000000 -0.636527
65808.000000 -0.954790
65810.000000 -1.273053
65812.000000 -1.591317
65814.000000 -1.909580
65816.000000 -2.227843
65818.000000 -2.546107
65820.000000 -2.864370
65822.000000 -3.182633
65824.000000 -3.500897
65826.000000 -3.819160
65828.000000 -4.137424
65830.000000 -4.455687
65832.000000 0.001295
65834.000000 2.828559
65836.000000 5.655823
65838.000000 11.321142
65840.000000 16.975671
65842.000000 21.216567
65844.000000 25.457463
65846.000000 29.709150
65848.000000 33.950046
65850.000000 32.536414
65852.000000 31.111991
65854.000000 35.363678
65856.000000 39.604574
65858.000000 43.845470
65860.000000 48.086367
65862.000000 46.672734
65864.000000 45.259102
65866.000000 43.845470
65868.000000 42.431838
65870.000000 41.018206
65872.000000 39.604574
65874.000000 43.845470
65876.000000 48.086367
65878.000000 45.259102
65880.000000 42.431838
65882.000000 39.604574
65884.000000 36.777310
65886.000000 35.363678
65888.000000 33.950046
65890.000000 29.709150
65892.000000 25.457463
65894.000000 19.802935
65896.000000 14.148406
65898.000000 18.389303
65900.000000 22.630199
65902.000000 25.457463
65904.000000 28.284727
65906.000000 26.871095
65908.000000 25.457463
65910.000000 26.169674
65912.000000 26.871095
65914.000000 27.572515
65916.000000 28.284727
65918.000000 22.630199
65920.000000 16.975671
65922.000000 14.148406
65924.000000 11.310351
65926.000000 10.608931
65928.000000 9.896719
65930.000000 9.184508
65932.000000 8.483087
65934.000000 4.242191
65936.000000 0.001295
65938.000000 -0.318263
65940.000000 -0.636527
65942.000000 -0.954790
65944.000000 -1.273053
65946.000000 -1.591317
65948.000000 -1.909580
65950.000000 -2.227843
65952.000000 -2.546107
65954.000000 -2.864370
65956.000000 -3.182633
65958.000000 -3.500897
65960.000000 -3.819160
65962.000000 -4.137424
65964.000000 -4.455687
65966.000000 -4.773950
65968.000000 0.001295
65970.000000 1.414927
65972.000000 2.828559
65974.000000 0.001295
65976.000000 -3.819160
65978.000000 -4.137424
65980.000000 -4.455687
65982.000000 2.828559
65984.000000 14.148406
65986.000000 15.087231
65988.000000 16.036846
65990.000000 16.975671
65992.000000 17.914495
65994.000000 18.864110
65996.000000 19.802935
65998.000000 18.389303
66000.000000 16.975671
66002.000000 19.802935
66004.000000 22.630199
66006.000000 24.043831
66008.000000 25.457463
66010.000000 21.216567
66012.000000 16.975671
66014.000000 16.263459
66016.000000 15.562038
66018.000000 14.860618
66020.000000 14.148406
66022.000000 7.069455
66024.000000 0.001295
66026.000000 1.414927
66028.000000 2.828559
66030.000000 4.242191
66032.000000 5.655823
66034.000000 4.242191
66036.000000 2.828559
66038.000000 4.242191
66040.000000 5.655823
66042.000000 9.896719
66044.000000 14.148406
66046.000000 9.896719
66048.000000 5.655823
66050.000000 0.001295
66052.000000 -0.318263
66054.000000 -0.636527
66056.000000 -0.954790
66058.000000 0.001295
66060.000000 2.828559
66062.000000 7.069455
66064.000000 11.310351
66066.000000 9.896719
66068.000000 8.483087
66070.000000 9.896719
66072.000000 11.310351
66074.000000 19.802935
66076.000000 28.284727
66078.000000 27.928621
66080.000000 27.572515
66082.000000 27.227201
66084.000000 26.871095
66086.000000 26.514989
66088.000000 26.169674
66090.000000 25.813569
66092.000000 25.457463
66094.000000 22.630199
66096.000000 19.802935
66098.000000 21.216567
66100.000000 22.630199
66102.000000 25.457463
66104.000000 28.284727
66106.000000 25.457463
66108.000000 22.630199
66110.000000 21.216567
66112.000000 19.802935
66114.000000 22.630199
66116.000000 25.457463
66118.000000 28.284727
66120.000000 31.111991
66122.000000 28.284727
66124.000000 25.457463
66126.000000 22.630199
66128.000000 19.802935
66130.000000 16.975671
66132.000000 14.148406
66134.000000 16.975671
66136.000000 19.802935
66138.000000 14.148406
66140.000000 8.483087
66142.000000 6.357244
66144.000000 4.242191
66146.000000 2.127139
66148.000000 0.001295
66150.000000 7.069455
66152.000000 14.148406
66154.000000 19.802935
66156.000000 25.457463
66158.000000 22.630199
66160.000000 19.802935
66162.000000 12.723983
66164.000000 5.655823
66166.000000 1.414927
66168.000000 -0.318263
66170.000000 -0.636527
66172.000000 -0.954790
66174.000000 -1.273053
66176.000000 -1.591317
66178.000000 -1.909580
66180.000000 0.001295
66182.000000 5.655823
66184.000000 11.310351
66186.000000 8.483087
66188.000000 5.655823
66190.000000 7.069455
66192.000000 8.483087
66194.000000 11.321142
66196.000000 14.148406
66198.000000 18.389303
66200.000000 22.630199
66202.000000 24.043831
66204.000000 25.457463
66206.000000 26.871095
66208.000000 28.284727
66210.000000 29.698359
66212.000000 31.111991
66214.000000 32.536414
66216.000000 33.950046
66218.000000 28.284727
66220.000000 22.630199
66222.000000 14.148406
66224.000000 5.655823
66226.000000 4.242191
66228.000000 2.828559
66230.000000 4.242191
66232.000000 5.655823
66234.000000 7.069455
66236.000000 8.483087
66238.000000 14.148406
66240.000000 19.802935
66242.000000 29.709150
66244.000000 39.604574
66246.000000 42.431838
66248.000000 45.259102
66250.000000 44.784295
66252.000000 44.320278
66254.000000 43.845470
66256.000000 43.370663
66258.000000 42.906646
66260.000000 42.431838
66262.000000 41.018206
66264.000000 39.604574
66266.000000 38.190942
66268.000000 36.777310
66270.000000 35.363678
66272.000000 33.950046
66274.000000 36.777310
66276.000000 39.604574
66278.000000 42.431838
66280.000000 45.259102
66282.000000 46.672734
66284.000000 48.086367
66286.000000 41.018206
66288.000000 33.950046
66290.000000 22.630199
66292.000000 11.310351
66294.000000 7.069455
66296.000000 2.828559
66298.000000 3.303367
66300.000000 3.767383
66302.000000 4.242191
66304.000000 4.716999
66306.000000 5.181015
66308.000000 5.655823
66310.000000 7.069455
66312.000000 8.483087
66314.000000 1.414927
66316.000000 -0.318263
66318.000000 -0.636527
66320.000000 -0.954790
66322.000000 -1.273053
66324.000000 -1.591317
66326.000000 -1.909580
66328.000000 -2.227843
66330.000000 -2.546107
66332.000000 -2.864370
66334.000000 -3.182633
66336.000000 -3.500897
66338.000000 -3.819160
66340.000000 -4.137424
66342.000000 -4.455687
66344.000000 -4.773950
66346.000000 -5.092214
66348.000000 -5.410477
66350.000000 -5.728740
66352.000000 -6.047004
66354.000000 -6.365267
66356.000000 -6.683530
66358.000000 -7.001794
66360.000000 -7.320057
66362.000000 -7.638320
66364.000000 -7.956584
66366.000000 -8.274847
66368.000000 -8.593110
66370.000000 -8.911374
66372.000000 -9.229637
66374.000000 -9.547900
66376.000000 -9.866164
66378.000000 -10.184427
66380.000000 -10.502690
66382.000000 -10.820954
66384.000000 -11.139217
66386.000000 -11.457481
66388.000000 -11.775744
66390.000000 -12.094007
66392.000000 -12.412271
66394.000000 -12.730534
66396.000000 -13.048797
66398.000000 -13.367061
66400.000000 -13.685324
66402.000000 -14.003587
66404.000000 -14.321851
66406.000000 -14.640114
66408.000000 -14.958377
66410.000000 -15.276641
66412.000000 -15.594904
66414.000000 -15.913167
66416.000000 -16.231431
66418.000000 -16.549694
66420.000000 -16.867957
66422.000000 -17.186221
66424.000000 -17.504484
66426.000000 -17.504484
66428.000000 -17.504484
66430.000000 -17.504484
66432.000000 -17.504484
66434.000000 -17.504484
66436.000000 -17.504484
66438.000000 -17.504484
66440.000000 -17.504484
66442.000000 -17.504484
66444.000000 -17.504484
66446.000000 -17.504484
66448.000000 -17.504484
66450.000000 -17.504484
66452.000000 -17.504484
66454.000000 -17.504484
66456.000000 -17.504484
66458.000000 -17.504484
66460.000000 -17.504484
66462.000000 -17.504484
66464.000000 -17.504484
66466.000000 -17.504484
66468.000000 -17.504484
66470.000000 -17.504484
66472.000000 -17.504484
66474.000000 -17.504484
66476.000000 -17.504484
66478.000000 -17.504484
66480.000000 0.001295
66482.000000 2.828559
66484.000000 5.655823
66486.000000 1.414927
66488.000000 -16.549694
66490.000000 -16.867957
66492.000000 -17.186221
66494.000000 -17.504484
66496.000000 -17.504484
66498.000000 -17.504484
66500.000000 -17.504484
66502.000000 -17.504484
66504.000000 -17.504484
66506.000000 -17.504484
66508.000000 -17.504484
66510.000000 -17.504484
66512.000000 -17.504484
66514.000000 -17.504484
66516.000000 -17.504484
66518.000000 -17.504484
66520.000000 -17.504484
66522.000000 -17.504484
66524.000000 -17.504484
66526.000000 -17.504484
66528.000000 -17.504484
66530.000000 -17.504484
66532.000000 -17.504484
66534.000000 -17.504484
66536.000000 -17.504484
66538.000000 -17.504484
66540.000000 -17.504484
66542.000000 -17.504484
66544.000000 -17.504484
66546.000000 -17.504484
66548.000000 -17.504484
66550.000000 -17.504484
66552.000000 -17.504484
66554.000000 -17.504484
66556.000000 -17.504484
66558.000000 -17.504484
66560.000000 -17.504484
66562.000000 -17.504484
66564.000000 -17.504484
66566.000000 -17.504484
66568.000000 -17.504484
66570.000000 -17.504484
66572.000000 -17.504484
66574.000000 -17.504484
66576.000000 -17.504484
66578.000000 -17.504484
66580.000000 -17.504484
66582.000000 -17.504484
66584.000000 -17.504484
66586.000000 -17.504484
66588.000000 -17.504484
66590.000000 -17.504484
66592.000000 0.001295
66594.000000 -17.504484
66596.000000 -17.504484
66598.000000 4.242191
66600.000000 11.310351
66602.000000 5.655823
66604.000000 0.001295
66606.000000 -16.549694
66608.000000 -16.867957
66610.000000 -17.186221
66612.000000 -17.504484
66614.000000 -17.504484
66616.000000 -17.504484
66618.000000 -17.504484
66620.000000 -17.504484
66622.000000 -17.504484
66624.000000 -17.504484
66626.000000 -17.504484
66628.000000 -17.504484
66630.000000 -17.504484
66632.000000 -17.504484
66634.000000 -17.504484
66636.000000 -17.504484
66638.000000 -17.504484
66640.000000 -17.504484
66642.000000 -17.504484
66644.000000 -17.504484
66646.000000 -17.504484
66648.000000 -17.504484
66650.000000 -17.504484
66652.000000 -17.504484
66654.000000 -17.504484
66656.000000 -17.504484
66658.000000 -17.504484
66660.000000 -17.504484
66662.000000 -17.504484
66664.000000 -17.504484
66666.000000 -17.504484
66668.000000 -17.504484
66670.000000 -17.504484
66672.000000 -17.504484
66674.000000 -17.504484
66676.000000 -17.504484
66678.000000 -17.504484
66680.000000 -17.504484
66682.000000 -17.504484
66684.000000 -17.504484
66686.000000 -17.504484
66688.000000 -17.504484
66690.000000 -17.504484
66692.000000 -17.504484
66694.000000 -17.504484
66696.000000 -17.504484
66698.000000 -17.504484
66700.000000 -17.504484
66702.000000 -17.504484
66704.000000 2.828559
66706.000000 5.655823
66708.000000 8.483087
66710.000000 14.148406
66712.000000 19.802935
66714.000000 21.216567
66716.000000 22.630199
66718.000000 19.802935
66720.000000 16.975671
66722.000000 15.562038
66724.000000 14.148406
66726.000000 18.389303
66728.000000 22.630199
66730.000000 21.216567
66732.000000 19.802935
66734.000000 21.216567
66736.000000 22.630199
66738.000000 19.802935
66740.000000 16.975671
66742.000000 16.263459
66744.000000 15.562038
66746.000000 14.860618
66748.000000 14.148406
66750.000000 9.896719
66752.000000 5.655823
66754.000000 2.828559
66756.000000 0.001295
66758.000000 1.414927
66760.000000 2.828559
66762.000000 5.655823
66764.000000 8.483087
66766.000000 9.896719
66768.000000 11.310351
66770.000000 16.975671
66772.000000 22.630199
66774.000000 19.802935
66776.000000 16.975671
66778.000000 15.562038
66780.000000 14.148406
66782.000000 12.723983
66784.000000 11.310351
66786.000000 9.896719
66788.000000 8.483087
66790.000000 5.655823
66792.000000 2.828559
66794.000000 0.001295
66796.000000 -3.182633
66798.000000 -3.500897
66800.000000 0.001295
66802.000000 -3.500897
66804.000000 -3.819160
66806.000000 -4.137424
66808.000000 -4.455687
66810.000000 -4.773950
66812.000000 -5.092214
66814.000000 -5.410477
66816.000000 -5.728740
66818.000000 -6.047004
66820.000000 -6.365267
66822.000000 -6.683530
66824.000000 -7.001794
66826.000000 -7.320057
66828.000000 -7.638320
66830.000000 -7.956584
66832.000000 -8.274847
66834.000000 -8.593110
66836.000000 -8.911374
66838.000000 -9.229637
66840.000000 -9.547900
66842.000000 -9.866164
66844.000000 -10.184427
66846.000000 -10.502690
66848.000000 -10.820954
66850.000000 -11.139217
66852.000000 -11.457481
66854.000000 -11.775744
66856.000000 -12.094007
66858.000000 -12.412271
66860.000000 -12.730534
66862.000000 -13.048797
66864.000000 -13.367061
66866.000000 -13.685324
66868.000000 -14.003587
66870.000000 -14.321851
66872.000000 -14.640114
66874.000000 -14.958377
66876.000000 -15.276641
66878.000000 -15.594904
66880.000000 -15.913167
66882.000000 -16.231431
66884.000000 -16.549694
66886.000000 -16.867957
66888.000000 2.828559
66890.000000 8.493878
66892.000000 14.148406
66894.000000 18.389303
66896.000000 22.630199
66898.000000 26.871095
66900.000000 31.111991
66902.000000 26.871095
66904.000000 22.630199
66906.000000 19.802935
66908.000000 16.975671
66910.000000 19.802935
66912.000000 22.630199
66914.000000 20.515146
66916.000000 18.389303
66918.000000 16.263459
66920.000000 14.148406
66922.000000 15.562038
66924.000000 16.975671
66926.000000 18.389303
66928.000000 19.802935
66930.000000 16.975671
66932.000000 14.148406
66934.000000 11.310351
66936.000000 8.483087
66938.000000 5.655823
66940.000000 2.828559
66942.000000 1.414927
66944.000000 0.001295
66946.000000 -7.956584
66948.000000 -8.274847
66950.000000 -8.593110
66952.000000 -8.911374
66954.000000 -9.229637
66956.000000 -9.547900
66958.000000 -9.866164
66960.000000 -10.184427
66962.000000 -10.502690
66964.000000 -10.820954
66966.000000 -11.139217
66968.000000 -11.457481
66970.000000 -11.775744
66972.000000 -12.094007
66974.000000 -12.412271
66976.000000 -12.730534
66978.000000 -13.048797
66980.000000 -13.367061
66982.000000 -13.685324
66984.000000 2.828559
66986.000000 2.353751
66988.000000 1.889735
66990.000000 1.414927
66992.000000 0.940119
66994.000000 0.476103
66996.000000 0.001295
66998.000000 -11.775744
67000.000000 -12.094007
67002.000000 -12.412271
67004.000000 0.001295
67006.000000 -12.412271
67008.000000 -12.730534
67010.000000 0.001295
67012.000000 2.828559
67014.000000 0.001295
67016.000000 -12.094007
67018.000000 -12.412271
67020.000000 -12.730534
67022.000000 -13.048797
67024.000000 -13.367061
67026.000000 -13.685324
67028.000000 0.001295
67030.000000 -13.685324
67032.000000 -14.003587
67034.000000 -14.321851
67036.000000 -14.640114
67038.000000 -14.958377
67040.000000 -15.276641
67042.000000 -15.594904
67044.000000 -15.913167
67046.000000 -16.231431
67048.000000 -16.549694
67050.000000 -16.867957
67052.000000 -17.186221
67054.000000 -17.504484
67056.000000 -17.504484
67058.000000 -17.504484
67060.000000 -17.504484
67062.000000 -17.504484
67064.000000 -17.504484
67066.000000 -17.504484
67068.000000 -17.504484
67070.000000 -17.504484
67072.000000 -17.504484
67074.000000 -17.504484
67076.000000 -17.504484
67078.000000 -17.504484
67080.000000 5.655823
67082.000000 8.483087
67084.000000 11.310351
67086.000000 15.551247
67088.000000 19.802935
67090.000000 24.043831
67092.000000 28.284727
67094.000000 32.536414
67096.000000 36.777310
67098.000000 35.363678
67100.000000 33.950046
67102.000000 28.284727
67104.000000 22.630199
67106.000000 24.043831
67108.000000 25.457463
67110.000000 22.630199
67112.000000 19.802935
67114.000000 16.975671
67116.000000 14.148406
67118.000000 9.896719
67120.000000 5.655823
67122.000000 0.001295
67124.000000 -10.820954
67126.000000 0.001295
67128.000000 5.655823
67130.000000 7.069455
67132.000000 8.483087
67134.000000 4.242191
67136.000000 0.001295
67138.000000 4.242191
67140.000000 8.483087
67142.000000 9.184508
67144.000000 9.896719
67146.000000 10.608931
67148.000000 11.310351
67150.000000 18.378511
67152.000000 25.457463
67154.000000 26.871095
67156.000000 28.284727
67158.000000 22.630199
67160.000000 16.975671
67162.000000 15.562038
67164.000000 14.148406
67166.000000 16.975671
67168.000000 19.802935
67170.000000 18.389303
67172.000000 16.975671
67174.000000 18.389303
67176.000000 19.802935
67178.000000 26.881886
67180.000000 33.950046
67182.000000 39.604574
67184.000000 45.259102
67186.000000 43.845470
67188.000000 42.431838
67190.000000 39.604574
67192.000000 36.777310
67194.000000 32.536414
67196.000000 28.284727
67198.000000 31.111991
67200.000000 33.950046
67202.000000 31.111991
67204.000000 28.284727
67206.000000 31.111991
67208.000000 33.950046
67210.000000 28.284727
67212.000000 22.630199
67214.000000 16.975671
67216.000000 11.310351
67218.000000 15.551247
67220.000000 19.802935
67222.000000 24.043831
67224.000000 28.284727
67226.000000 32.536414
67228.000000 36.777310
67230.000000 34.651467
67232.000000 32.536414
67234.000000 30.410570
67236.000000 28.284727
67238.000000 31.111991
67240.000000 33.950046
67242.000000 31.111991
67244.000000 28.284727
67246.000000 26.871095
67248.000000 25.457463
67250.000000 24.745251
67252.000000 24.043831
67254.000000 23.342410
67256.000000 22.630199
67258.000000 15.551247
67260.000000 8.483087
67262.000000 7.069455
67264.000000 5.655823
67266.000000 4.954403
67268.000000 4.242191
67270.000000 3.529979
67272.000000 2.828559
67274.000000 4.242191
67276.000000 5.655823
67278.000000 4.242191
67280.000000 2.828559
67282.000000 1.414927
67284.000000 0.001295
67286.000000 9.896719
67288.000000 19.802935
67290.000000 21.216567
67292.000000 22.630199
67294.000000 19.802935
67296.000000 16.975671
67298.000000 5.666614
67300.000000 -0.318263
67302.000000 -0.636527
67304.000000 -0.954790
67306.000000 -1.273053
67308.000000 -1.591317
67310.000000 -1.909580
67312.000000 -2.227843
67314.000000 -2.546107
67316.000000 -2.864370
67318.000000 -3.182633
67320.000000 2.828559
67322.000000 1.414927
67324.000000 0.001295
67326.000000 -2.546107
67328.000000 -2.864370
67330.000000 -3.182633
67332.000000 -3.500897
67334.000000 -3.819160
67336.000000 -4.137424
67338.000000 -4.455687
67340.000000 -4.773950
67342.000000 -5.092214
67344.000000 -5.410477
67346.000000 -5.728740
67348.000000 -6.047004
67350.000000 -6.365267
67352.000000 -6.683530
67354.000000 -7.001794
67356.000000 -7.320057
67358.000000 0.001295
67360.000000 2.828559
67362.000000 1.414927
67364.000000 0.001295
67366.000000 1.414927
67368.000000 2.828559
67370.000000 4.242191
67372.000000 5.655823
67374.000000 7.069455
67376.000000 8.483087
67378.000000 2.828559
67380.000000 -4.137424
67382.000000 -4.455687
67384.000000 -4.773950
67386.000000 -5.092214
67388.000000 -5.410477
67390.000000 -5.728740
67392.000000 -6.047004
67394.000000 -6.365267
67396.000000 -6.683530
67398.000000 -7.001794
67400.000000 -7.320057
67402.000000 -7.638320
67404.000000 -7.956584
67406.000000 -8.274847
67408.000000 -8.593110
67410.000000 -8.911374
67412.000000 -9.229637
67414.000000 -9.547900
67416.000000 -9.866164
67418.000000 -10.184427
67420.000000 -10.502690
67422.000000 -10.820954
67424.000000 -11.139217
67426.000000 -11.457481
67428.000000 -11.775744
67430.000000 -12.094007
67432.000000 -12.412271
67434.000000 -12.730534
67436.000000 -13.048797
67438.000000 -13.367061
67440.000000 -13.685324
67442.000000 -14.003587
67444.000000 -14.321851
67446.000000 -14.640114
67448.000000 -14.958377
67450.000000 -15.276641
67452.000000 -15.594904
67454.000000 -15.913167
67456.000000 -16.231431
67458.000000 -16.549694
67460.000000 -16.867957
67462.000000 -17.186221
67464.000000 -17.504484
67466.000000 -17.504484
67468.000000 -17.504484
67470.000000 -17.504484
67472.000000 -17.504484
67474.000000 -17.504484
67476.000000 -17.504484
67478.000000 -17.504484
67480.000000 -17.504484
67482.000000 -17.504484
67484.000000 -17.504484
67486.000000 -17.504484
67488.000000 -17.504484
67490.000000 -17.504484
67492.000000 -17.504484
67494.000000 -17.504484
67496.000000 -17.504484
67498.000000 4.242191
67500.000000 14.148406
67502.000000 14.860618
67504.000000 15.562038
67506.000000 16.263459
67508.000000 16.975671
67510.000000 18.389303
67512.000000 19.802935
67514.000000 25.457463
67516.000000 31.111991
67518.000000 21.205776
67520.000000 11.310351
67522.000000 8.483087
67524.000000 5.655823
67526.000000 0.001295
67528.000000 -13.048797
67530.000000 -13.367061
67532.000000 -13.685324
67534.000000 -14.003587
67536.000000 -14.321851
67538.000000 -14.640114
67540.000000 -14.958377
67542.000000 -15.276641
67544.000000 -15.594904
67546.000000 -15.913167
67548.000000 -16.231431
67550.000000 -16.549694
67552.000000 -16.867957
67554.000000 -17.186221
67556.000000 0.001295
67558.000000 7.069455
67560.000000 14.148406
67562.000000 19.802935
67564.000000 25.457463
67566.000000 21.216567
67568.000000 16.975671
67570.000000 14.148406
67572.000000 11.310351
67574.000000 5.655823
67576.000000 0.001295
67578.000000 5.655823
67580.000000 11.310351
67582.000000 15.551247
67584.000000 19.802935
67586.000000 24.043831
67588.000000 28.284727
67590.000000 31.111991
67592.000000 33.950046
67594.000000 26.881886
67596.000000 19.802935
67598.000000 21.216567
67600.000000 22.630199
67602.000000 19.802935
67604.000000 16.975671
67606.000000 18.389303
67608.000000 19.802935
67610.000000 25.457463
67612.000000 31.111991
67614.000000 33.939255
67616.000000 36.777310
67618.000000 45.269894
67620.000000 53.751686
67622.000000 55.165318
67624.000000 56.578950
67626.000000 57.992582
67628.000000 59.406214
67630.000000 53.751686
67632.000000 48.086367
67634.000000 46.672734
67636.000000 45.259102
67638.000000 42.431838
67640.000000 39.604574
67642.000000 35.363678
67644.000000 31.111991
67646.000000 28.996938
67648.000000 26.871095
67650.000000 24.745251
67652.000000 22.630199
67654.000000 16.975671
67656.000000 11.310351
67658.000000 9.896719
67660.000000 8.483087
67662.000000 2.828559
67664.000000 -0.318263
67666.000000 -0.636527
67668.000000 0.001295
67670.000000 1.414927
67672.000000 2.828559
67674.000000 0.001295
67676.000000 -0.318263
67678.000000 -0.636527
67680.000000 0.001295
67682.000000 7.069455
67684.000000 14.148406
67686.000000 15.562038
67688.000000 16.975671
67690.000000 17.687882
67692.000000 18.389303
67694.000000 19.090723
67696.000000 19.802935
67698.000000 22.630199
67700.000000 25.457463
67702.000000 19.802935
67704.000000 14.148406
67706.000000 8.493878
67708.000000 2.828559
67710.000000 0.001295
67712.000000 -0.318263
67714.000000 0.001295
67716.000000 2.828559
67718.000000 4.242191
67720.000000 5.655823
67722.000000 6.130631
67724.000000 6.594647
67726.000000 7.069455
67728.000000 7.544263
67730.000000 8.008279
67732.000000 8.483087
67734.000000 11.321142
67736.000000 14.148406
67738.000000 16.975671
67740.000000 19.802935
67742.000000 18.389303
67744.000000 16.975671
67746.000000 21.216567
67748.000000 25.457463
67750.000000 28.284727
67752.000000 31.111991
67754.000000 26.871095
67756.000000 22.630199
67758.000000 14.148406
67760.000000 5.655823
67762.000000 2.828559
67764.000000 0.001295
67766.000000 2.828559
67768.000000 5.655823
67770.000000 7.069455
67772.000000 8.483087
67774.000000 11.321142
67776.000000 14.148406
67778.000000 12.723983
67780.000000 11.310351
67782.000000 4.242191
67784.000000 -0.318263
67786.000000 -0.636527
67788.000000 -0.954790
67790.000000 -1.273053
67792.000000 -1.591317
67794.000000 -1.909580
67796.000000 -2.227843
67798.000000 -2.546107
67800.000000 -2.864370
67802.000000 -3.182633
67804.000000 -3.500897
67806.000000 -3.819160
67808.000000 -4.137424
67810.000000 -4.455687
67812.000000 -4.773950
67814.000000 -5.092214
67816.000000 -5.410477
67818.000000 -5.728740
67820.000000 -6.047004
67822.000000 -6.365267
67824.000000 -6.683530
67826.000000 -7.001794
67828.000000 -7.320057
67830.000000 -7.638320
67832.000000 -7.956584
67834.000000 -8.274847
67836.000000 -8.593110
67838.000000 -8.911374
67840.000000 -9.229637
67842.000000 -9.547900
67844.000000 -9.866164
67846.000000 -10.184427
67848.000000 -10.502690
67850.000000 -10.820954
67852.000000 -11.139217
67854.000000 -11.457481
67856.000000 -11.775744
67858.000000 -12.094007
67860.000000 -12.412271
67862.000000 -12.730534
67864.000000 -13.048797
67866.000000 -13.367061
67868.000000 -13.685324
67870.000000 -14.003587
67872.000000 -14.321851
67874.000000 -14.640114
67876.000000 -14.958377
67878.000000 -15.276641
67880.000000 -15.594904
67882.000000 -15.913167
67884.000000 -16.231431
67886.000000 -16.549694
67888.000000 -16.867957
67890.000000 -17.186221
67892.000000 -17.504484
67894.000000 -17.504484
67896.000000 -17.504484
67898.000000 -17.504484
67900.000000 -17.504484
67902.000000 -17.504484
67904.000000 -17.504484
67906.000000 -17.504484
67908.000000 -17.504484
67910.000000 -17.504484
67912.000000 -17.504484
67914.000000 -17.504484
67916.000000 0.001295
67918.000000 5.655823
67920.000000 11.310351
67922.000000 9.896719
67924.000000 8.483087
67926.000000 7.069455
67928.000000 5.655823
67930.000000 4.242191
67932.000000 2.828559
67934.000000 4.242191
67936.000000 5.655823
67938.000000 2.828559
67940.000000 0.001295
67942.000000 2.828559
67944.000000 5.655823
67946.000000 0.001295
67948.000000 -12.730534
67950.000000 -13.048797
67952.000000 -13.367061
67954.000000 -13.685324
67956.000000 -14.003587
67958.000000 -14.321851
67960.000000 -14.640114
67962.000000 -14.958377
67964.000000 -15.276641
67966.000000 -15.594904
67968.000000 -15.913167
67970.000000 -16.231431
67972.000000 -16.549694
67974.000000 -16.867957
67976.000000 -17.186221
67978.000000 -17.504484
67980.000000 -17.504484
67982.000000 -17.504484
67984.000000 -17.504484
67986.000000 -17.504484
67988.000000 -17.504484
67990.000000 -17.504484
67992.000000 -17.504484
67994.000000 -17.504484
67996.000000 -17.504484
67998.000000 -17.504484
68000.000000 -17.504484
68002.000000 -17.504484
68004.000000 -17.504484
68006.000000 -17.504484
68008.000000 -17.504484
68010.000000 -17.504484
68012.000000 -17.504484
68014.000000 -17.504484
68016.000000 -17.504484
68018.000000 -17.504484
68020.000000 -17.504484
68022.000000 -17.504484
68024.000000 -17.504484
68026.000000 -17.504484
68028.000000 -17.504484
68030.000000 -17.504484
68032.000000 -17.504484
68034.000000 -17.504484
68036.000000 -17.504484
68038.000000 -17.504484
68040.000000 -17.504484
68042.000000 -17.504484
68044.000000 -17.504484
68046.000000 -17.504484
68048.000000 -17.504484
68050.000000 -17.504484
68052.000000 -17.504484
68054.000000 -17.504484
68056.000000 -17.504484
68058.000000 -17.504484
68060.000000 -17.504484
68062.000000 -17.504484
68064.000000 -17.504484
68066.000000 -17.504484
68068.000000 -17.504484
68070.000000 -17.504484
68072.000000 -17.504484
68074.000000 -17.504484
68076.000000 -17.504484
68078.000000 -17.504484
68080.000000 -17.504484
68082.000000 -17.504484
68084.000000 -17.504484
68086.000000 -17.504484
68088.000000 -17.504484
68090.000000 -17.504484
68092.000000 -17.504484
68094.000000 -17.504484
68096.000000 -17.504484
68098.000000 -17.504484
68100.000000 -17.504484
68102.000000 -17.504484
68104.000000 -17.504484
68106.000000 -17.504484
68108.000000 -17.504484
68110.000000 -17.504484
68112.000000 -17.504484
68114.000000 -17.504484
68116.000000 -17.504484
68118.000000 -17.504484
68120.000000 -17.504484
68122.000000 -17.504484
68124.000000 -17.504484
68126.000000 -17.504484
68128.000000 -17.504484
68130.000000 -17.504484
68132.000000 -17.504484
68134.000000 -17.504484
68136.000000 -17.504484
68138.000000 -17.504484
68140.000000 -17.504484
68142.000000 -17.504484
68144.000000 -17.504484
68146.000000 -17.504484
68148.000000 -17.504484
68150.000000 -17.504484
68152.000000 -17.504484
68154.000000 -17.504484
68156.000000 -17.504484
68158.000000 -17.504484
68160.000000 -17.504484
68162.000000 -17.504484
68164.000000 -17.504484
68166.000000 -17.504484
68168.000000 0.001295
68170.000000 1.414927
68172.000000 2.828559
68174.000000 4.242191
68176.000000 5.655823
68178.000000 4.954403
68180.000000 4.242191
68182.000000 3.529979
68184.000000 2.828559
68186.000000 0.001295
68188.000000 -14.640114
68190.000000 -14.958377
68192.000000 -15.276641
68194.000000 -15.594904
68196.000000 -15.913167
68198.000000 -16.231431
68200.000000 0.001295
68202.000000 -16.231431
68204.000000 -16.549694
68206.000000 -16.867957
68208.000000 -17.186221
68210.000000 -17.504484
68212.000000 -17.504484
68214.000000 -17.504484
68216.000000 -17.504484
68218.000000 -17.504484
68220.000000 -17.504484
68222.000000 -17.504484
68224.000000 -17.504484
68226.000000 -17.504484
68228.000000 -17.504484
68230.000000 -17.504484
68232.000000 -17.504484
68234.000000 -17.504484
68236.000000 -17.504484
68238.000000 -17.504484
68240.000000 -17.504484
68242.000000 -17.504484
68244.000000 -17.504484
68246.000000 -17.504484
68248.000000 -17.504484
68250.000000 -17.504484
68252.000000 -17.504484
68254.000000 -17.504484
68256.000000 -17.504484
68258.000000 -17.504484
68260.000000 -17.504484
68262.000000 -17.504484
68264.000000 -17.504484
68266.000000 -17.504484
68268.000000 -17.504484
68270.000000 -17.504484
68272.000000 -17.504484
68274.000000 0.001295
68276.000000 5.655823
68278.000000 8.483087
68280.000000 11.310351
68282.000000 12.723983
68284.000000 14.148406
68286.000000 15.562038
68288.000000 16.975671
68290.000000 14.849827
68292.000000 12.723983
68294.000000 10.608931
68296.000000 8.483087
68298.000000 7.069455
68300.000000 5.655823
68302.000000 1.414927
68304.000000 -13.048797
68306.000000 -13.367061
68308.000000 -13.685324
68310.000000 -14.003587
68312.000000 -14.321851
68314.000000 -14.640114
68316.000000 -14.958377
68318.000000 -15.276641
68320.000000 -15.594904
68322.000000 -15.913167
68324.000000 -16.231431
68326.000000 -16.549694
68328.000000 -16.867957
68330.000000 -17.186221
68332.000000 -17.504484
68334.000000 -17.504484
68336.000000 -17.504484
68338.000000 -17.504484
68340.000000 -17.504484
68342.000000 -17.504484
68344.000000 -17.504484
68346.000000 -17.504484
68348.000000 -17.504484
68350.000000 -17.504484
68352.000000 -17.504484
68354.000000 -17.504484
68356.000000 -17.504484
68358.000000 -17.504484
68360.000000 -17.504484
68362.000000 -17.504484
68364.000000 -17.504484
68366.000000 -17.504484
68368.000000 -17.504484
68370.000000 -17.504484
68372.000000 -17.504484
68374.000000 -17.504484
68376.000000 -17.504484
68378.000000 -17.504484
68380.000000 -17.504484
68382.000000 -17.504484
68384.000000 -17.504484
68386.000000 -17.504484
68388.000000 -17.504484
68390.000000 -17.504484
68392.000000 -17.504484
68394.000000 -17.504484
68396.000000 -17.504484
68398.000000 -17.504484
68400.000000 -17.504484
68402.000000 -17.504484
68404.000000 -17.504484
68406.000000 -17.504484
68408.000000 -17.504484
68410.000000 -17.504484
68412.000000 -17.504484
68414.000000 -17.504484
68416.000000 -17.504484
68418.000000 -17.504484
68420.000000 2.828559
68422.000000 5.655823
68424.000000 8.483087
68426.000000 11.321142
68428.000000 14.148406
68430.000000 15.562038
68432.000000 16.975671
68434.000000 14.148406
68436.000000 11.310351
68438.000000 7.069455
68440.000000 2.828559
68442.000000 5.655823
68444.000000 8.483087
68446.000000 11.321142
68448.000000 14.148406
68450.000000 13.198791
68452.000000 12.259967
68454.000000 11.321142
68456.000000 10.371527
68458.000000 9.421912
68460.000000 8.483087
68462.000000 4.242191
68464.000000 0.001295
68466.000000 -10.502690
68468.000000 -10.820954
68470.000000 1.414927
68472.000000 5.655823
68474.000000 8.483087
68476.000000 11.310351
68478.000000 8.483087
68480.000000 5.655823
68482.000000 7.069455
68484.000000 8.483087
68486.000000 9.896719
68488.000000 11.310351
68490.000000 16.975671
68492.000000 22.630199
68494.000000 25.457463
68496.000000 28.284727
68498.000000 32.536414
68500.000000 36.777310
68502.000000 39.604574
68504.000000 42.431838
68506.000000 46.672734
68508.000000 50.913631
68510.000000 49.499999
68512.000000 48.086367
68514.000000 45.259102
68516.000000 42.431838
68518.000000 48.097158
68520.000000 53.751686
68522.000000 52.327263
68524.000000 50.913631
68526.000000 49.499999
68528.000000 48.086367
68530.000000 45.259102
68532.000000 42.431838
68534.000000 45.259102
68536.000000 48.086367
68538.000000 48.787787
68540.000000 49.499999
68542.000000 50.212210
68544.000000 50.913631
68546.000000 46.672734
68548.000000 42.431838
68550.000000 38.190942
68552.000000 33.950046
68554.000000 32.536414
68556.000000 31.111991
68558.000000 22.630199
68560.000000 14.148406
68562.000000 7.069455
68564.000000 0.001295
68566.000000 -0.318263
68568.000000 -0.636527
68570.000000 -0.954790
68572.000000 -1.273053
68574.000000 -1.591317
68576.000000 -1.909580
68578.000000 -2.227843
68580.000000 -2.546107
68582.000000 -2.864370
68584.000000 -3.182633
68586.000000 -3.500897
68588.000000 8.483087
68590.000000 11.321142
68592.000000 14.148406
68594.000000 9.896719
68596.000000 5.655823
68598.000000 7.069455
68600.000000 8.483087
68602.000000 7.069455
68604.000000 5.655823
68606.000000 2.828559
68608.000000 0.001295
68610.000000 0.702715
68612.000000 1.414927
68614.000000 2.127139
68616.000000 2.828559
68618.000000 0.702715
68620.000000 -0.318263
68622.000000 -0.636527
68624.000000 -0.954790
68626.000000 -1.273053
68628.000000 -1.591317
68630.000000 -1.909580
68632.000000 -2.227843
68634.000000 -2.546107
68636.000000 -2.864370
68638.000000 -3.182633
68640.000000 -3.500897
68642.000000 -3.819160
68644.000000 -4.137424
68646.000000 -4.455687
68648.000000 -4.773950
68650.000000 -5.092214
68652.000000 -5.410477
68654.000000 -5.728740
68656.000000 -6.047004
68658.000000 -6.365267
68660.000000 -6.683530
68662.000000 -7.001794
68664.000000 -7.320057
68666.000000 -7.638320
68668.000000 -7.956584
68670.000000 -8.274847
68672.000000 -8.593110
68674.000000 -8.911374
68676.000000 -9.229637
68678.000000 -9.547900
68680.000000 -9.866164
68682.000000 -10.184427
68684.000000 -10.502690
68686.000000 -10.820954
68688.000000 -11.139217
68690.000000 -11.457481
68692.000000 -11.775744
68694.000000 -12.094007
68696.000000 -12.412271
68698.000000 -12.730534
68700.000000 -13.048797
68702.000000 -13.367061
68704.000000 -13.685324
68706.000000 -14.003587
68708.000000 -14.321851
68710.000000 -14.640114
68712.000000 -14.958377
68714.000000 -15.276641
68716.000000 -15.594904
68718.000000 -15.913167
68720.000000 -16.231431
68722.000000 -16.549694
68724.000000 -16.867957
68726.000000 -17.186221
68728.000000 -17.504484
68730.000000 -17.504484
68732.000000 -17.504484
68734.000000 -17.504484
68736.000000 -17.504484
68738.000000 -17.504484
68740.000000 -17.504484
68742.000000 -17.504484
68744.000000 -17.504484
68746.000000 -17.504484
68748.000000 -17.504484
68750.000000 -17.504484
68752.000000 -17.504484
68754.000000 -17.504484
68756.000000 -17.504484
68758.000000 -17.504484
68760.000000 -17.504484
68762.000000 -17.504484
68764.000000 -17.504484
68766.000000 -17.504484
68768.000000 -17.504484
68770.000000 -17.504484
68772.000000 -17.504484
68774.000000 -17.504484
68776.000000 -17.504484
68778.000000 -17.504484
68780.000000 -17.504484
68782.000000 -17.504484
68784.000000 -17.504484
68786.000000 -17.504484
68788.000000 0.001295
68790.000000 1.414927
68792.000000 2.828559
68794.000000 4.242191
68796.000000 5.655823
68798.000000 4.242191
68800.000000 2.828559
68802.000000 4.242191
68804.000000 5.655823
68806.000000 1.414927
68808.000000 -14.640114
68810.000000 -14.958377
68812.000000 -15.276641
68814.000000 -15.594904
68816.000000 -15.913167
68818.000000 -16.231431
68820.000000 -16.549694
68822.000000 -16.867957
68824.000000 -17.186221
68826.000000 -17.504484
68828.000000 -17.504484
68830.000000 -17.504484
68832.000000 -17.504484
68834.000000 -17.504484
68836.000000 -17.504484
68838.000000 -17.504484
68840.000000 -17.504484
68842.000000 -17.504484
68844.000000 -17.504484
68846.000000 -17.504484
68848.000000 -17.504484
68850.000000 -17.504484
68852.000000 -17.504484
68854.000000 -17.504484
68856.000000 -17.504484
68858.000000 -17.504484
68860.000000 -17.504484
68862.000000 -17.504484
68864.000000 -17.504484
68866.000000 -17.504484
68868.000000 -17.504484
68870.000000 -17.504484
68872.000000 -17.504484
68874.000000 -17.504484
68876.000000 -17.504484
68878.000000 -17.504484
68880.000000 -17.504484
68882.000000 -17.504484
68884.000000 -17.504484
68886.000000 -17.504484
68888.000000 -17.504484
68890.000000 -17.504484
68892.000000 -17.504484
68894.000000 -17.504484
68896.000000 -17.504484
68898.000000 -17.504484
68900.000000 -17.504484
68902.000000 -17.504484
68904.000000 -17.504484
68906.000000 -17.504484
68908.000000 -17.504484
68910.000000 -17.504484
68912.000000 -17.504484
68914.000000 -17.504484
68916.000000 -17.504484
68918.000000 -17.504484
68920.000000 -17.504484
68922.000000 -17.504484
68924.000000 -17.504484
68926.000000 -17.504484
68928.000000 -17.504484
68930.000000 -17.504484
68932.000000 -17.504484
68934.000000 -17.504484
68936.000000 -17.504484
68938.000000 -17.504484
68940.000000 -17.504484
68942.000000 -17.504484
68944.000000 -17.504484
68946.000000 -17.504484
68948.000000 0.001295
68950.000000 7.069455
68952.000000 14.148406
68954.000000 11.321142
68956.000000 8.493878
68958.000000 5.666614
68960.000000 2.828559
68962.000000 0.001295
68964.000000 -15.276641
68966.000000 -15.594904
68968.000000 -15.913167
68970.000000 -16.231431
68972.000000 -16.549694
68974.000000 -16.867957
68976.000000 -17.186221
68978.000000 -17.504484
68980.000000 -17.504484
68982.000000 -17.504484
68984.000000 -17.504484
68986.000000 -17.504484
68988.000000 -17.504484
68990.000000 -17.504484
68992.000000 -17.504484
68994.000000 -17.504484
68996.000000 -17.504484
68998.000000 -17.504484
69000.000000 -17.504484
69002.000000 -17.504484
69004.000000 -17.504484
69006.000000 -17.504484
69008.000000 -17.504484
69010.000000 -17.504484
69012.000000 -17.504484
69014.000000 -17.504484
69016.000000 -17.504484
69018.000000 -17.504484
69020.000000 -17.504484
69022.000000 -17.504484
69024.000000 -17.504484
69026.000000 -17.504484
69028.000000 -17.504484
69030.000000 -17.504484
69032.000000 -17.504484
69034.000000 -17.504484
69036.000000 -17.504484
69038.000000 -17.504484
69040.000000 -17.504484
69042.000000 -17.504484
69044.000000 -17.504484
69046.000000 -17.504484
69048.000000 -17.504484
69050.000000 -17.504484
69052.000000 -17.504484
69054.000000 -17.504484
69056.000000 -17.504484
69058.000000 -17.504484
69060.000000 -17.504484
69062.000000 -17.504484
69064.000000 -17.504484
69066.000000 -17.504484
69068.000000 -17.504484
69070.000000 -17.504484
69072.000000 -17.504484
69074.000000 -17.504484
69076.000000 -17.504484
69078.000000 0.001295
69080.000000 2.828559
69082.000000 3.529979
69084.000000 4.242191
69086.000000 4.954403
69088.000000 5.655823
69090.000000 2.828559
69092.000000 0.001295
69094.000000 0.702715
69096.000000 1.414927
69098.000000 2.127139
69100.000000 2.828559
69102.000000 5.655823
69104.000000 8.483087
69106.000000 12.723983
69108.000000 16.975671
69110.000000 15.562038
69112.000000 14.148406
69114.000000 8.493878
69116.000000 2.828559
69118.000000 -11.457481
69120.000000 -11.775744
69122.000000 -12.094007
69124.000000 -12.412271
69126.000000 -12.730534
69128.000000 -13.048797
69130.000000 -13.367061
69132.000000 -13.685324
69134.000000 -14.003587
69136.000000 -14.321851
69138.000000 -14.640114
69140.000000 -14.958377
69142.000000 -15.276641
69144.000000 -15.594904
69146.000000 -15.913167
69148.000000 -16.231431
69150.000000 -16.549694
69152.000000 -16.867957
69154.000000 -17.186221
69156.000000 -17.504484
69158.000000 -17.504484
69160.000000 -17.504484
69162.000000 -17.504484
69164.000000 -17.504484
69166.000000 -17.504484
69168.000000 -17.504484
69170.000000 -17.504484
69172.000000 -17.504484
69174.000000 -17.504484
69176.000000 -17.504484
69178.000000 -17.504484
69180.000000 -17.504484
69182.000000 -17.504484
69184.000000 -17.504484
69186.000000 -17.504484
69188.000000 -17.504484
69190.000000 -17.504484
69192.000000 -17.504484
69194.000000 -17.504484
69196.000000 -17.504484
69198.000000 -17.504484
69200.000000 -17.504484
69202.000000 2.828559
69204.000000 8.483087
69206.000000 9.896719
69208.000000 11.321142
69210.000000 12.734774
69212.000000 14.148406
69214.000000 13.436195
69216.000000 12.723983
69218.000000 12.022563
69220.000000 11.310351
69222.000000 12.022563
69224.000000 12.723983
69226.000000 13.436195
69228.000000 14.148406
69230.000000 14.849827
69232.000000 15.562038
69234.000000 16.263459
69236.000000 16.975671
69238.000000 13.436195
69240.000000 9.896719
69242.000000 6.368035
69244.000000 2.828559
69246.000000 0.001295
69248.000000 -10.502690
69250.000000 -10.820954
69252.000000 -11.139217
69254.000000 -11.457481
69256.000000 -11.775744
69258.000000 -12.094007
69260.000000 -12.412271
69262.000000 -12.730534
69264.000000 -13.048797
69266.000000 -13.367061
69268.000000 -13.685324
69270.000000 -14.003587
69272.000000 -14.321851
69274.000000 -14.640114
69276.000000 -14.958377
69278.000000 -15.276641
69280.000000 -15.594904
69282.000000 -15.913167
69284.000000 -16.231431
69286.000000 -16.549694
69288.000000 -16.867957
69290.000000 -17.186221
69292.000000 0.001295
69294.000000 -17.186221
69296.000000 -17.504484
69298.000000 -17.504484
69300.000000 -17.504484
69302.000000 -17.504484
69304.000000 0.001295
69306.000000 2.127139
69308.000000 4.242191
69310.000000 6.357244
69312.000000 8.483087
69314.000000 11.321142
69316.000000 14.148406
69318.000000 22.630199
69320.000000 31.111991
69322.000000 32.536414
69324.000000 33.950046
69326.000000 39.604574
69328.000000 45.259102
69330.000000 43.845470
69332.000000 42.431838
69334.000000 45.259102
69336.000000 48.086367
69338.000000 46.672734
69340.000000 45.259102
69342.000000 43.845470
69344.000000 42.431838
69346.000000 41.018206
69348.000000 39.604574
69350.000000 43.845470
69352.000000 48.086367
69354.000000 46.672734
69356.000000 45.259102
69358.000000 41.018206
69360.000000 36.766519
69362.000000 32.525623
69364.000000 28.284727
69366.000000 31.111991
69368.000000 33.950046
69370.000000 38.190942
69372.000000 42.431838
69374.000000 36.766519
69376.000000 31.111991
69378.000000 28.284727
69380.000000 25.457463
69382.000000 31.111991
69384.000000 36.777310
69386.000000 38.190942
69388.000000 39.604574
69390.000000 38.190942
69392.000000 36.777310
69394.000000 42.431838
69396.000000 48.086367
69398.000000 43.845470
69400.000000 39.604574
69402.000000 38.190942
69404.000000 36.777310
69406.000000 33.939255
69408.000000 31.111991
69410.000000 30.399779
69412.000000 29.698359
69414.000000 28.996938
69416.000000 28.284727
69418.000000 26.871095
69420.000000 25.457463
69422.000000 24.043831
69424.000000 22.630199
69426.000000 18.389303
69428.000000 14.148406
69430.000000 8.493878
69432.000000 2.828559
69434.000000 5.655823
69436.000000 8.483087
69438.000000 7.069455
69440.000000 5.655823
69442.000000 7.069455
69444.000000 8.483087
69446.000000 11.321142
69448.000000 14.148406
69450.000000 12.723983
69452.000000 11.310351
69454.000000 9.896719
69456.000000 8.483087
69458.000000 5.655823
69460.000000 2.828559
69462.000000 -0.318263
69464.000000 -0.636527
69466.000000 -0.954790
69468.000000 -1.273053
69470.000000 -1.591317
69472.000000 -1.909580
69474.000000 -2.227843
69476.000000 -2.546107
69478.000000 -2.864370
69480.000000 -3.182633
69482.000000 -3.500897
69484.000000 -3.819160
69486.000000 -4.137424
69488.000000 -4.455687
69490.000000 -4.773950
69492.000000 -5.092214
69494.000000 -5.410477
69496.000000 -5.728740
69498.000000 -6.047004
69500.000000 -6.365267
69502.000000 -6.683530
69504.000000 -7.001794
69506.000000 -7.320057
69508.000000 -7.638320
69510.000000 -7.956584
69512.000000 -8.274847
69514.000000 -8.593110
69516.000000 -8.911374
69518.000000 -9.229637
69520.000000 -9.547900
69522.000000 -9.866164
69524.000000 -10.184427
69526.000000 -10.502690
69528.000000 -10.820954
69530.000000 -11.139217
69532.000000 -11.457481
69534.000000 -11.775744
69536.000000 -12.094007
69538.000000 -12.412271
69540.000000 -12.730534
69542.000000 -13.048797
69544.000000 -13.367061
69546.000000 -13.685324
69548.000000 -14.003587
69550.000000 -14.321851
69552.000000 -14.640114
69554.000000 -14.958377
69556.000000 -15.276641
69558.000000 -15.594904
69560.000000 -15.913167
69562.000000 -16.231431
69564.000000 -16.549694
69566.000000 -16.867957
69568.000000 -17.186221
69570.000000 -17.504484
69572.000000 -17.504484
69574.000000 -17.504484
69576.000000 -17.504484
69578.000000 -17.504484
69580.000000 2.828559
69582.000000 5.655823
69584.000000 8.483087
69586.000000 5.655823
69588.000000 2.828559
69590.000000 -16.231431
69592.000000 -16.549694
69594.000000 1.414927
69596.000000 8.483087
69598.000000 9.896719
69600.000000 11.310351
69602.000000 4.242191
69604.000000 -15.276641
69606.000000 -15.594904
69608.000000 0.001295
69610.000000 2.828559
69612.000000 5.655823
69614.000000 4.242191
69616.000000 2.828559
69618.000000 -14.321851
69620.000000 -14.640114
69622.000000 -14.958377
69624.000000 -15.276641
69626.000000 -15.594904
69628.000000 -15.913167
69630.000000 -16.231431
69632.000000 -16.549694
69634.000000 -16.867957
69636.000000 -17.186221
69638.000000 -17.504484
69640.000000 -17.504484
69642.000000 -17.504484
69644.000000 -17.504484
69646.000000 -17.504484
69648.000000 -17.504484
69650.000000 -17.504484
69652.000000 -17.504484
69654.000000 -17.504484
69656.000000 -17.504484
69658.000000 -17.504484
69660.000000 -17.504484
69662.000000 -17.504484
69664.000000 -17.504484
69666.000000 -17.504484
69668.000000 -17.504484
69670.000000 -17.504484
69672.000000 -17.504484
69674.000000 -17.504484
69676.000000 -17.504484
69678.000000 -17.504484
69680.000000 -17.504484
69682.000000 -17.504484
69684.000000 -17.504484
69686.000000 -17.504484
69688.000000 -17.504484
69690.000000 -17.504484
69692.000000 -17.504484
69694.000000 -17.504484
69696.000000 -17.504484
69698.000000 -17.504484
69700.000000 -17.504484
69702.000000 -17.504484
69704.000000 -17.504484
69706.000000 -17.504484
69708.000000 -17.504484
69710.000000 -17.504484
69712.000000 -17.504484
69714.000000 -17.504484
69716.000000 -17.504484
69718.000000 -17.504484
69720.000000 -17.504484
69722.000000 -17.504484
69724.000000 -17.504484
69726.000000 -17.504484
69728.000000 -17.504484
69730.000000 -17.504484
69732.000000 -17.504484
69734.000000 -17.504484
69736.000000 -17.504484
69738.000000 -17.504484
69740.000000 -17.504484
69742.000000 -17.504484
69744.000000 -17.504484
69746.000000 -17.504484
69748.000000 -17.504484
69750.000000 -17.504484
69752.000000 -17.504484
69754.000000 -17.504484
69756.000000 -17.504484
69758.000000 -17.504484
69760.000000 -17.504484
69762.000000 -17.504484
69764.000000 -17.504484
69766.000000 -17.504484
69768.000000 -17.504484
69770.000000 -17.504484
69772.000000 -17.504484
69774.000000 -17.504484
69776.000000 -17.504484
69778.000000 -17.504484
69780.000000 -17.504484
69782.000000 -17.504484
69784.000000 -17.504484
69786.000000 -17.504484
69788.000000 -17.504484
69790.000000 -17.504484
69792.000000 -17.504484
69794.000000 -17.504484
69796.000000 -17.504484
69798.000000 -17.504484
69800.000000 -17.504484
69802.000000 -17.504484
69804.000000 -17.504484
69806.000000 -17.504484
69808.000000 -17.504484
69810.000000 -17.504484
69812.000000 -17.504484
69814.000000 -17.504484
69816.000000 -17.504484
69818.000000 -17.504484
69820.000000 -17.504484
69822.000000 -17.504484
69824.000000 -17.504484
69826.000000 -17.504484
69828.000000 -17.504484
69830.000000 -17.504484
69832.000000 -17.504484
69834.000000 -17.504484
69836.000000 -17.504484
69838.000000 -17.504484
69840.000000 -17.504484
69842.000000 -17.504484
69844.000000 -17.504484
69846.000000 -17.504484
69848.000000 -17.504484
69850.000000 -17.504484
69852.000000 -17.504484
69854.000000 -17.504484
69856.000000 -17.504484
69858.000000 -17.504484
69860.000000 -17.504484
69862.000000 -17.504484
69864.000000 5.655823
69866.000000 8.483087
69868.000000 11.310351
69870.000000 14.148406
69872.000000 16.975671
69874.000000 14.148406
69876.000000 11.310351
69878.000000 16.975671
69880.000000 22.630199
69882.000000 24.043831
69884.000000 25.457463
69886.000000 26.871095
69888.000000 28.284727
69890.000000 22.630199
69892.000000 16.975671
69894.000000 15.562038
69896.000000 14.148406
69898.000000 11.321142
69900.000000 8.483087
69902.000000 1.414927
69904.000000 -11.457481
69906.000000 -11.775744
69908.000000 -12.094007
69910.000000 -12.412271
69912.000000 -12.730534
69914.000000 -13.048797
69916.000000 -13.367061
69918.000000 -13.685324
69920.000000 -14.003587
69922.000000 -14.321851
69924.000000 -14.640114
69926.000000 -14.958377
69928.000000 -15.276641
69930.000000 -15.594904
69932.000000 -15.913167
69934.000000 -16.231431
69936.000000 -16.549694
69938.000000 -16.867957
69940.000000 -17.186221
69942.000000 -17.504484
69944.000000 -17.504484
69946.000000 -17.504484
69948.000000 -17.504484
69950.000000 -17.504484
69952.000000 -17.504484
69954.000000 -17.504484
69956.000000 -17.504484
69958.000000 -17.504484
69960.000000 -17.504484
69962.000000 -17.504484
69964.000000 -17.504484
69966.000000 -17.504484
69968.000000 -17.504484
69970.000000 -17.504484
69972.000000 -17.504484
69974.000000 -17.504484
69976.000000 -17.504484
69978.000000 -17.504484
69980.000000 -17.504484
69982.000000 -17.504484
69984.000000 -17.504484
69986.000000 -17.504484
69988.000000 -17.504484
69990.000000 -17.504484
69992.000000 -17.504484
69994.000000 -17.504484
69996.000000 -17.504484
69998.000000 -17.504484
70000.000000 -17.504484
70002.000000 -17.504484
70004.000000 -17.504484
70006.000000 -17.504484
70008.000000 -17.504484
70010.000000 -17.504484
70012.000000 -17.504484
70014.000000 -17.504484
70016.000000 -17.504484
70018.000000 -17.504484
70020.000000 -17.504484
70022.000000 -17.504484
70024.000000 -17.504484
70026.000000 -17.504484
70028.000000 -17.504484
70030.000000 -17.504484
70032.000000 -17.504484
70034.000000 -17.504484
70036.000000 -17.504484
70038.000000 -17.504484
70040.000000 -17.504484
70042.000000 -17.504484
70044.000000 -17.504484
70046.000000 -17.504484
70048.000000 -17.504484
70050.000000 -17.504484
70052.000000 -17.504484
70054.000000 -17.504484
70056.000000 -17.504484
70058.000000 -17.504484
70060.000000 -17.504484
70062.000000 -17.504484
70064.000000 -17.504484
70066.000000 -17.504484
70068.000000 -17.504484
70070.000000 -17.504484
70072.000000 -17.504484
70074.000000 -17.504484
70076.000000 -17.504484
70078.000000 -17.504484
70080.000000 -17.504484
70082.000000 -17.504484
70084.000000 -17.504484
70086.000000 -17.504484
70088.000000 -17.504484
70090.000000 -17.504484
70092.000000 -17.504484
70094.000000 -17.504484
70096.000000 -17.504484
70098.000000 -17.504484
70100.000000 -17.504484
70102.000000 -17.504484
70104.000000 -17.504484
70106.000000 -17.504484
70108.000000 -17.504484
70110.000000 -17.504484
70112.000000 -17.504484
70114.000000 -17.504484
70116.000000 -17.504484
70118.000000 -17.504484
70120.000000 -17.504484
70122.000000 -17.504484
70124.000000 -17.504484
70126.000000 -17.504484
70128.000000 -17.504484
70130.000000 -17.504484
70132.000000 -17.504484
70134.000000 -17.504484
70136.000000 -17.504484
70138.000000 -17.504484
70140.000000 -17.504484
70142.000000 -17.504484
70144.000000 -17.504484
70146.000000 -17.504484
70148.000000 -0.001068
70150.000000 -3.500042
70152.000000 -6.999016
70154.000000 -5.832691
70156.000000 -4.666367
70158.000000 -2.333718
70160.000000 -0.001068
70162.000000 -15.594904
70164.000000 -15.913167
70166.000000 -16.231431
70168.000000 -16.549694
70170.000000 -16.867957
70172.000000 -17.186221
70174.000000 -17.504484
70176.000000 -17.504484
70178.000000 -17.504484
70180.000000 -17.504484
70182.000000 -17.504484
70184.000000 -17.504484
70186.000000 -17.504484
70188.000000 -17.504484
70190.000000 -17.504484
70192.000000 -17.504484
70194.000000 -17.504484
70196.000000 -17.504484
70198.000000 -17.504484
70200.000000 -17.504484
70202.000000 -17.504484
70204.000000 -17.504484
70206.000000 -17.504484
70208.000000 -17.504484
70210.000000 -17.504484
70212.000000 -17.504484
70214.000000 -17.504484
70216.000000 -17.504484
70218.000000 -17.504484
70220.000000 -17.504484
70222.000000 -17.504484
70224.000000 -17.504484
70226.000000 -17.504484
70228.000000 -17.504484
70230.000000 -17.504484
70232.000000 -17.504484
70234.000000 -17.504484
70236.000000 -17.504484
70238.000000 -17.504484
70240.000000 -17.504484
70242.000000 -17.504484
70244.000000 -17.504484
70246.000000 -17.504484
70248.000000 -17.504484
70250.000000 -17.504484
70252.000000 -17.504484
70254.000000 -17.504484
70256.000000 -17.504484
70258.000000 -17.504484
70260.000000 -17.504484
70262.000000 -17.504484
70264.000000 -17.504484
70266.000000 -17.504484
70268.000000 -17.504484
70270.000000 -17.504484
70272.000000 -17.504484
70274.000000 -17.504484
70276.000000 -17.504484
70278.000000 -17.504484
70280.000000 -17.504484
70282.000000 -17.504484
70284.000000 -17.504484
70286.000000 -17.504484
70288.000000 -17.504484
70290.000000 -17.504484
70292.000000 -17.504484
70294.000000 -17.504484
70296.000000 -17.504484
70298.000000 -17.504484
70300.000000 -17.504484
70302.000000 -17.504484
70304.000000 -17.504484
70306.000000 -17.504484
70308.000000 -17.504484
70310.000000 -17.504484
70312.000000 -17.504484
70314.000000 -17.504484
70316.000000 -17.504484
70318.000000 -17.504484
70320.000000 -17.504484
70322.000000 -17.504484
70324.000000 -17.504484
70326.000000 0.001295
70328.000000 2.828559
70330.000000 -17.186221
70332.000000 -17.504484
70334.000000 -17.504484
70336.000000 -17.504484
70338.000000 -17.504484
70340.000000 -17.504484
70342.000000 -17.504484
70344.000000 -17.504484
70346.000000 -17.504484
70348.000000 2.828559
70350.000000 5.655823
70352.000000 8.493878
70354.000000 11.321142
70356.000000 14.148406
70358.000000 14.860618
70360.000000 15.562038
70362.000000 16.263459
70364.000000 16.975671
70366.000000 15.562038
70368.000000 14.148406
70370.000000 11.321142
70372.000000 8.483087
70374.000000 7.069455
70376.000000 5.655823
70378.000000 9.896719
70380.000000 14.148406
70382.000000 12.723983
70384.000000 11.310351
70386.000000 9.896719
70388.000000 8.483087
70390.000000 4.242191
70392.000000 0.001295
70394.000000 1.414927
70396.000000 2.828559
70398.000000 4.242191
70400.000000 5.655823
70402.000000 7.069455
70404.000000 8.483087
70406.000000 7.069455
70408.000000 5.655823
70410.000000 -7.956584
70412.000000 -8.274847
70414.000000 -8.593110
70416.000000 -8.911374
70418.000000 -9.229637
70420.000000 -9.547900
70422.000000 -9.866164
70424.000000 -10.184427
70426.000000 -10.502690
70428.000000 -10.820954
70430.000000 -11.139217
70432.000000 -11.457481
70434.000000 -11.775744
70436.000000 2.828559
70438.000000 8.493878
70440.000000 14.148406
70442.000000 15.562038
70444.000000 16.975671
70446.000000 14.148406
70448.000000 11.310351
70450.000000 5.655823
70452.000000 0.001295
70454.000000 -9.229637
70456.000000 -9.547900
70458.000000 -9.866164
70460.000000 -10.184427
70462.000000 -10.502690
70464.000000 -10.820954
70466.000000 -11.139217
70468.000000 -11.457481
70470.000000 -11.775744
70472.000000 -12.094007
70474.000000 -12.412271
70476.000000 -12.730534
70478.000000 -13.048797
70480.000000 -13.367061
70482.000000 -13.685324
70484.000000 -14.003587
70486.000000 -14.321851
70488.000000 -14.640114
70490.000000 -14.958377
70492.000000 -15.276641
70494.000000 -15.594904
70496.000000 -15.913167
70498.000000 -16.231431
70500.000000 -16.549694
70502.000000 -16.867957
70504.000000 -17.186221
70506.000000 -17.504484
70508.000000 -17.504484
70510.000000 -17.504484
70512.000000 -17.504484
70514.000000 -17.504484
70516.000000 0.001295
70518.000000 5.655823
70520.000000 11.310351
70522.000000 14.148406
70524.000000 16.975671
70526.000000 21.216567
70528.000000 25.457463
70530.000000 29.709150
70532.000000 33.950046
70534.000000 41.018206
70536.000000 48.086367
70538.000000 43.845470
70540.000000 39.604574
70542.000000 41.018206
70544.000000 42.431838
70546.000000 43.845470
70548.000000 45.259102
70550.000000 41.018206
70552.000000 36.777310
70554.000000 36.075890
70556.000000 35.363678
70558.000000 34.651467
70560.000000 33.950046
70562.000000 32.536414
70564.000000 31.111991
70566.000000 29.698359
70568.000000 28.284727
70570.000000 26.871095
70572.000000 25.457463
70574.000000 26.871095
70576.000000 28.284727
70578.000000 28.996938
70580.000000 29.698359
70582.000000 30.399779
70584.000000 31.111991
70586.000000 32.525623
70588.000000 33.939255
70590.000000 35.363678
70592.000000 36.777310
70594.000000 38.190942
70596.000000 39.604574
70598.000000 41.018206
70600.000000 42.431838
70602.000000 39.604574
70604.000000 36.777310
70606.000000 28.284727
70608.000000 19.802935
70610.000000 16.975671
70612.000000 14.148406
70614.000000 11.321142
70616.000000 8.483087
70618.000000 7.544263
70620.000000 6.594647
70622.000000 5.655823
70624.000000 4.716999
70626.000000 3.767383
70628.000000 2.828559
70630.000000 4.242191
70632.000000 5.655823
70634.000000 4.242191
70636.000000 2.828559
70638.000000 1.414927
70640.000000 0.001295
70642.000000 -0.318263
70644.000000 -0.636527
70646.000000 -0.954790
70648.000000 -1.273053
70650.000000 -1.591317
70652.000000 -1.909580
70654.000000 0.001295
70656.000000 2.828559
70658.000000 8.493878
70660.000000 14.148406
70662.000000 15.562038
70664.000000 16.975671
70666.000000 15.562038
70668.000000 14.148406
70670.000000 8.493878
70672.000000 2.828559
70674.000000 5.655823
70676.000000 8.483087
70678.000000 2.828559
70680.000000 -0.318263
70682.000000 -0.636527
70684.000000 0.001295
70686.000000 -0.636527
70688.000000 -0.954790
70690.000000 -1.273053
70692.000000 -1.591317
70694.000000 -1.909580
70696.000000 -2.227843
70698.000000 -2.546107
70700.000000 -2.864370
70702.000000 -3.182633
70704.000000 -3.500897
70706.000000 -3.819160
70708.000000 -4.137424
70710.000000 -4.455687
70712.000000 -4.773950
70714.000000 -5.092214
70716.000000 -5.410477
70718.000000 -5.728740
70720.000000 -6.047004
70722.000000 -6.365267
70724.000000 -6.683530
70726.000000 -7.001794
70728.000000 -7.320057
70730.000000 -7.638320
70732.000000 -7.956584
70734.000000 -8.274847
70736.000000 -8.593110
70738.000000 -8.911374
70740.000000 -9.229637
70742.000000 -9.547900
70744.000000 -9.866164
70746.000000 -10.184427
70748.000000 -10.502690
70750.000000 -10.820954
70752.000000 -11.139217
70754.000000 -11.457481
70756.000000 -11.775744
70758.000000 -12.094007
70760.000000 0.001295
70762.000000 4.242191
70764.000000 8.483087
70766.000000 12.723983
70768.000000 16.975671
70770.000000 18.389303
70772.000000 19.802935
70774.000000 21.216567
70776.000000 22.630199
70778.000000 20.515146
70780.000000 18.389303
70782.000000 16.263459
70784.000000 14.148406
70786.000000 16.500863
70788.000000 18.864110
70790.000000 21.216567
70792.000000 23.569023
70794.000000 25.932270
70796.000000 28.284727
70798.000000 33.939255
70800.000000 39.604574
70802.000000 33.939255
70804.000000 28.284727
70806.000000 29.234342
70808.000000 30.173167
70810.000000 31.111991
70812.000000 32.061606
70814.000000 33.011222
70816.000000 33.950046
70818.000000 39.604574
70820.000000 45.259102
70822.000000 41.018206
70824.000000 36.777310
70826.000000 37.478731
70828.000000 38.190942
70830.000000 38.903154
70832.000000 39.604574
70834.000000 40.305995
70836.000000 41.018206
70838.000000 41.730418
70840.000000 42.431838
70842.000000 43.845470
70844.000000 45.259102
70846.000000 42.431838
70848.000000 39.604574
70850.000000 41.018206
70852.000000 42.431838
70854.000000 39.604574
70856.000000 36.777310
70858.000000 35.363678
70860.000000 33.950046
70862.000000 32.536414
70864.000000 31.111991
70866.000000 28.284727
70868.000000 25.457463
70870.000000 22.630199
70872.000000 19.802935
70874.000000 18.389303
70876.000000 16.975671
70878.000000 14.148406
70880.000000 11.310351
70882.000000 10.608931
70884.000000 9.896719
70886.000000 9.184508
70888.000000 8.483087
70890.000000 11.321142
70892.000000 14.148406
70894.000000 12.723983
70896.000000 11.310351
70898.000000 12.723983
70900.000000 14.148406
70902.000000 15.562038
70904.000000 16.975671
70906.000000 15.562038
70908.000000 14.148406
70910.000000 12.723983
70912.000000 11.310351
70914.000000 9.896719
70916.000000 8.483087
70918.000000 7.069455
70920.000000 5.655823
70922.000000 -0.318263
70924.000000 -0.636527
70926.000000 -0.954790
70928.000000 -1.273053
70930.000000 -1.591317
70932.000000 -1.909580
70934.000000 -2.227843
70936.000000 -2.546107
70938.000000 -2.864370
70940.000000 0.001295
70942.000000 -2.864370
70944.000000 -3.182633
70946.000000 -3.500897
70948.000000 -3.819160
70950.000000 -4.137424
70952.000000 -4.455687
70954.000000 -4.773950
70956.000000 -5.092214
70958.000000 -5.410477
70960.000000 -5.728740
70962.000000 -6.047004
70964.000000 -6.365267
70966.000000 -6.683530
70968.000000 -7.001794
70970.000000 -7.320057
70972.000000 -7.638320
70974.000000 -7.956584
70976.000000 -8.274847
70978.000000 -8.593110
70980.000000 -8.911374
70982.000000 -9.229637
70984.000000 -9.547900
70986.000000 -9.866164
70988.000000 -10.184427
70990.000000 -10.502690
70992.000000 -10.820954
70994.000000 -11.139217
70996.000000 -11.457481
70998.000000 -11.775744
71000.000000 -12.094007
71002.000000 -12.412271
71004.000000 -12.730534
71006.000000 -13.048797
71008.000000 -13.367061
71010.000000 -13.685324
71012.000000 -14.003587
71014.000000 -14.321851
71016.000000 -14.640114
71018.000000 -14.958377
71020.000000 -15.276641
71022.000000 -15.594904
71024.000000 -15.913167
71026.000000 -16.231431
71028.000000 -16.549694
71030.000000 -16.867957
71032.000000 -17.186221
71034.000000 -17.504484
71036.000000 -17.504484
71038.000000 -17.504484
71040.000000 -17.504484
71042.000000 -17.504484
71044.000000 -17.504484
71046.000000 0.001295
71048.000000 5.655823
71050.000000 2.828559
71052.000000 0.001295
71054.000000 -16.549694
71056.000000 -16.867957
71058.000000 -17.186221
71060.000000 -17.504484
71062.000000 -17.504484
71064.000000 0.001295
71066.000000 0.476103
71068.000000 0.940119
71070.000000 1.414927
71072.000000 1.889735
71074.000000 2.353751
71076.000000 2.828559
71078.000000 0.001295
71080.000000 -15.276641
71082.000000 -15.594904
71084.000000 -15.913167
71086.000000 -16.231431
71088.000000 -16.549694
71090.000000 -16.867957
71092.000000 -17.186221
71094.000000 -17.504484
71096.000000 -17.504484
71098.000000 -17.504484
71100.000000 -17.504484
71102.000000 -17.504484
71104.000000 -17.504484
71106.000000 -17.504484
71108.000000 -17.504484
71110.000000 -17.504484
71112.000000 -17.504484
71114.000000 -17.504484
71116.000000 -17.504484
71118.000000 -17.504484
71120.000000 -17.504484
71122.000000 -17.504484
71124.000000 -17.504484
71126.000000 -17.504484
71128.000000 -17.504484
71130.000000 -17.504484
71132.000000 -17.504484
71134.000000 -17.504484
71136.000000 -17.504484
71138.000000 -17.504484
71140.000000 -17.504484
71142.000000 -17.504484
71144.000000 -17.504484
71146.000000 -17.504484
71148.000000 -17.504484
71150.000000 -17.504484
71152.000000 -17.504484
71154.000000 -17.504484
71156.000000 -17.504484
71158.000000 -17.504484
71160.000000 -17.504484
71162.000000 -17.504484
71164.000000 -17.504484
71166.000000 -17.504484
71168.000000 -17.504484
71170.000000 -17.504484
71172.000000 -17.504484
71174.000000 -17.504484
71176.000000 -17.504484
71178.000000 -17.504484
71180.000000 -17.504484
71182.000000 -17.504484
71184.000000 -17.504484
71186.000000 -17.504484
71188.000000 -17.504484
71190.000000 -17.504484
71192.000000 -17.504484
71194.000000 -17.504484
71196.000000 -17.504484
71198.000000 -17.504484
71200.000000 -17.504484
71202.000000 -17.504484
71204.000000 -17.504484
71206.000000 -17.504484
71208.000000 -17.504484
71210.000000 -17.504484
71212.000000 -17.504484
71214.000000 -17.504484
71216.000000 -17.504484
71218.000000 -17.504484
71220.000000 -17.504484
71222.000000 -17.504484
71224.000000 -17.504484
71226.000000 -17.504484
71228.000000 -17.504484
71230.000000 -17.504484
71232.000000 -17.504484
71234.000000 -17.504484
71236.000000 -17.504484
71238.000000 -17.504484
71240.000000 -17.504484
71242.000000 -17.504484
71244.000000 -17.504484
71246.000000 -17.504484
71248.000000 -17.504484
71250.000000 -17.504484
71252.000000 -17.504484
71254.000000 -17.504484
71256.000000 -17.504484
71258.000000 -17.504484
71260.000000 -17.504484
71262.000000 -17.504484
71264.000000 0.001295
71266.000000 4.242191
71268.000000 8.483087
71270.000000 5.655823
71272.000000 2.828559
71274.000000 0.001295
71276.000000 -15.913167
71278.000000 -16.231431
71280.000000 -16.549694
71282.000000 -16.867957
71284.000000 -17.186221
71286.000000 -17.504484
71288.000000 -17.504484
71290.000000 -17.504484
71292.000000 -17.504484
71294.000000 -17.504484
71296.000000 -17.504484
71298.000000 -17.504484
71300.000000 0.001295
71302.000000 1.414927
71304.000000 2.828559
71306.000000 5.655823
71308.000000 8.483087
71310.000000 11.321142
71312.000000 14.148406
71314.000000 16.975671
71316.000000 19.802935
71318.000000 18.389303
71320.000000 16.975671
71322.000000 12.723983
71324.000000 8.483087
71326.000000 11.321142
71328.000000 14.148406
71330.000000 12.723983
71332.000000 11.310351
71334.000000 5.655823
71336.000000 0.001295
71338.000000 1.414927
71340.000000 2.828559
71342.000000 4.242191
71344.000000 5.655823
71346.000000 7.069455
71348.000000 8.483087
71350.000000 5.655823
71352.000000 2.828559
71354.000000 -9.229637
71356.000000 -9.547900
71358.000000 -9.866164
71360.000000 -10.184427
71362.000000 -10.502690
71364.000000 -10.820954
71366.000000 -11.139217
71368.000000 -11.457481
71370.000000 -11.775744
71372.000000 -12.094007
71374.000000 -12.412271
71376.000000 -12.730534
71378.000000 -13.048797
71380.000000 -13.367061
71382.000000 -13.685324
71384.000000 -14.003587
71386.000000 -14.321851
71388.000000 -14.640114
71390.000000 -14.958377
71392.000000 0.001295
71394.000000 2.828559
71396.000000 5.655823
71398.000000 12.723983
71400.000000 19.802935
71402.000000 18.389303
71404.000000 16.975671
71406.000000 15.562038
71408.000000 14.148406
71410.000000 12.723983
71412.000000 11.310351
71414.000000 14.148406
71416.000000 16.975671
71418.000000 15.562038
71420.000000 14.148406
71422.000000 5.666614
71424.000000 -10.184427
71426.000000 -10.502690
71428.000000 -10.820954
71430.000000 -11.139217
71432.000000 -11.457481
71434.000000 -11.775744
71436.000000 -12.094007
71438.000000 -12.412271
71440.000000 -12.730534
71442.000000 -13.048797
71444.000000 -13.367061
71446.000000 -13.685324
71448.000000 -14.003587
71450.000000 -14.321851
71452.000000 -14.640114
71454.000000 -14.958377
71456.000000 -15.276641
71458.000000 -15.594904
71460.000000 -15.913167
71462.000000 0.001295
71464.000000 5.655823
71466.000000 4.954403
71468.000000 4.242191
71470.000000 3.529979
71472.000000 2.828559
71474.000000 -14.321851
71476.000000 -14.640114
71478.000000 -14.958377
71480.000000 -15.276641
71482.000000 -15.594904
71484.000000 0.001295
71486.000000 -15.594904
71488.000000 -15.913167
71490.000000 -16.231431
71492.000000 -16.549694
71494.000000 -16.867957
71496.000000 -17.186221
71498.000000 -17.504484
71500.000000 -17.504484
71502.000000 -17.504484
71504.000000 -17.504484
71506.000000 -17.504484
71508.000000 -17.504484
71510.000000 -17.504484
71512.000000 -17.504484
71514.000000 -17.504484
71516.000000 -17.504484
71518.000000 -17.504484
71520.000000 -17.504484
71522.000000 -17.504484
71524.000000 -17.504484
71526.000000 -17.504484
71528.000000 -17.504484
71530.000000 -17.504484
71532.000000 -17.504484
71534.000000 -17.504484
71536.000000 -17.504484
71538.000000 -17.504484
71540.000000 -17.504484
71542.000000 -17.504484
71544.000000 -17.504484
71546.000000 -17.504484
71548.000000 -17.504484
71550.000000 -17.504484
71552.000000 -17.504484
71554.000000 -17.504484
71556.000000 -17.504484
71558.000000 -17.504484
71560.000000 -17.504484
71562.000000 -17.504484
71564.000000 -17.504484
71566.000000 -17.504484
71568.000000 -17.504484
71570.000000 -17.504484
71572.000000 -17.504484
71574.000000 -17.504484
71576.000000 -17.504484
71578.000000 -17.504484
71580.000000 -17.504484
71582.000000 -17.504484
71584.000000 -17.504484
71586.000000 -17.504484
71588.000000 -17.504484
71590.000000 -17.504484
71592.000000 -17.504484
71594.000000 -17.504484
71596.000000 -17.504484
71598.000000 -17.504484
71600.000000 -17.504484
71602.000000 -17.504484
71604.000000 -17.504484
71606.000000 -17.504484
71608.000000 -17.504484
71610.000000 -17.504484
71612.000000 -17.504484
71614.000000 -17.504484
71616.000000 -17.504484
71618.000000 -17.504484
71620.000000 -17.504484
71622.000000 -17.504484
71624.000000 -17.504484
71626.000000 -17.504484
71628.000000 -17.504484
71630.000000 -17.504484
71632.000000 -17.504484
71634.000000 -17.504484
71636.000000 -17.504484
71638.000000 -17.504484
71640.000000 -17.504484
71642.000000 -17.504484
71644.000000 -17.504484
71646.000000 -17.504484
71648.000000 -17.504484
71650.000000 -17.504484
71652.000000 -17.504484
71654.000000 -17.504484
71656.000000 -17.504484
71658.000000 -17.504484
71660.000000 -17.504484
71662.000000 -17.504484
71664.000000 -17.504484
71666.000000 -17.504484
71668.000000 -17.504484
71670.000000 -17.504484
71672.000000 -17.504484
71674.000000 -17.504484
71676.000000 -17.504484
71678.000000 -17.504484
71680.000000 -17.504484
71682.000000 -17.504484
71684.000000 -17.504484
71686.000000 -17.504484
71688.000000 -17.504484
71690.000000 -17.504484
71692.000000 -17.504484
71694.000000 -17.504484
71696.000000 -17.504484
71698.000000 -17.504484
71700.000000 -17.504484
71702.000000 -17.504484
71704.000000 -17.504484
71706.000000 0.702715
71708.000000 2.828559
71710.000000 -17.186221
71712.000000 -17.504484
71714.000000 -17.504484
71716.000000 -17.504484
71718.000000 -17.504484
71720.000000 -17.504484
71722.000000 -17.504484
71724.000000 2.828559
71726.000000 1.414927
71728.000000 0.001295
71730.000000 -16.867957
71732.000000 -17.186221
71734.000000 -17.504484
71736.000000 -17.504484
71738.000000 -17.504484
71740.000000 -17.504484
71742.000000 -17.504484
71744.000000 -17.504484
71746.000000 -17.504484
71748.000000 -17.504484
71750.000000 -17.504484
71752.000000 -17.504484
71754.000000 -17.504484
71756.000000 -17.504484
71758.000000 -17.504484
71760.000000 -17.504484
71762.000000 -17.504484
71764.000000 -17.504484
71766.000000 -17.504484
71768.000000 -17.504484
71770.000000 -0.001068
71772.000000 -2.333718
71774.000000 -0.001068
71776.000000 -16.867957
71778.000000 -17.186221
71780.000000 -17.504484
71782.000000 -17.504484
71784.000000 -17.504484
71786.000000 -17.504484
71788.000000 -17.504484
71790.000000 -17.504484
71792.000000 -17.504484
71794.000000 -17.504484
71796.000000 -17.504484
71798.000000 -17.504484
71800.000000 -17.504484
71802.000000 -17.504484
71804.000000 -17.504484
71806.000000 -17.504484
71808.000000 -17.504484
71810.000000 -17.504484
71812.000000 -17.504484
71814.000000 -17.504484
71816.000000 -17.504484
71818.000000 -17.504484
71820.000000 -17.504484
71822.000000 -17.504484
71824.000000 -17.504484
71826.000000 -17.504484
71828.000000 -17.504484
71830.000000 -17.504484
71832.000000 -17.504484
71834.000000 -17.504484
71836.000000 -17.504484
71838.000000 -17.504484
71840.000000 -17.504484
71842.000000 -17.504484
71844.000000 -17.504484
71846.000000 -17.504484
71848.000000 -17.504484
71850.000000 -17.504484
71852.000000 -17.504484
71854.000000 -17.504484
71856.000000 -17.504484
71858.000000 -17.504484
71860.000000 -17.504484
71862.000000 -17.504484
71864.000000 -17.504484
71866.000000 -17.186221
71868.000000 -16.867957
71870.000000 -16.549694
71872.000000 -16.231431
71874.000000 -15.913167
71876.000000 -15.594904
71878.000000 -15.276641
71880.000000 -14.958377
71882.000000 -14.640114
71884.000000 -14.321851
71886.000000 -14.003587
71888.000000 -13.685324
71890.000000 -13.367061
71892.000000 -13.048797
71894.000000 -12.730534
71896.000000 -12.412271
71898.000000 -12.094007
71900.000000 -11.775744
71902.000000 -11.457481
71904.000000 -11.139217
71906.000000 -10.820954
71908.000000 -10.502690
71910.000000 -10.184427
71912.000000 -9.866164
71914.000000 -9.547900
71916.000000 -9.229637
71918.000000 -8.911374
71920.000000 -8.752242
71922.000000 -8.752242
71924.000000 -8.752242
71926.000000 -8.752242
71928.000000 -8.752242
71930.000000 -8.752242
71932.000000 -8.752242
71934.000000 -8.752242
71936.000000 -8.752242
71938.000000 -8.752242
71940.000000 -8.752242
71942.000000 -8.752242
71944.000000 -8.752242
71946.000000 -8.752242
71948.000000 -8.752242
71950.000000 -8.752242
71952.000000 -8.752242
71954.000000 -8.752242
71956.000000 -0.001068
71958.000000 -2.333718
71960.000000 -4.666367
71962.000000 -6.999016
71964.000000 -9.331665
71966.000000 -16.338516
71968.000000 -23.336463
71970.000000 -21.003814
71972.000000 -18.671165
71974.000000 -16.338516
71976.000000 -14.005867
71978.000000 -12.839542
71980.000000 -11.673217
71982.000000 -11.085603
71984.000000 -10.497990
71986.000000 -9.919279
71988.000000 -9.331665
71990.000000 -3.500042
71992.000000 -3.341765
71994.000000 -0.001068
71996.000000 -2.333718
71998.000000 -0.001068
72000.000000 -2.705238
72002.000000 -3.023502
72004.000000 -3.341765
72006.000000 -3.660029
72008.000000 -3.978292
72010.000000 -4.296555
72012.000000 -4.614819
72014.000000 -4.933082
72016.000000 -5.251345
72018.000000 -5.569609
72020.000000 -5.887872
72022.000000 -6.206135
72024.000000 -6.524399
72026.000000 -6.842662
72028.000000 -7.160925
72030.000000 -7.479189
72032.000000 -7.797452
72034.000000 -8.115715
72036.000000 -8.433979
72038.000000 -8.752242
72040.000000 -8.752242
72042.000000 -8.752242
72044.000000 -8.752242
72046.000000 -8.752242
72048.000000 -8.752242
72050.000000 -8.752242
72052.000000 -8.752242
72054.000000 -8.752242
72056.000000 -8.752242
72058.000000 -8.752242
72060.000000 -8.752242
72062.000000 -8.752242
72064.000000 -8.752242
72066.000000 -8.752242
72068.000000 -8.752242
72070.000000 -8.752242
72072.000000 -8.752242
72074.000000 -8.752242
72076.000000 -8.752242
72078.000000 -8.752242
72080.000000 -8.752242
72082.000000 -8.752242
72084.000000 -8.752242
72086.000000 -8.752242
72088.000000 -8.752242
72090.000000 -8.752242
72092.000000 -0.001068
72094.000000 -8.752242
72096.000000 -8.752242
72098.000000 -8.752242
72100.000000 -8.752242
72102.000000 -8.752242
72104.000000 -8.752242
72106.000000 -8.752242
72108.000000 -8.752242
72110.000000 -8.752242
72112.000000 -8.752242
72114.000000 -8.752242
72116.000000 -8.752242
72118.000000 -8.752242
72120.000000 -8.752242
72122.000000 -8.752242
72124.000000 -8.752242
72126.000000 -8.752242
72128.000000 -8.752242
72130.000000 -8.752242
72132.000000 -8.752242
72134.000000 -8.752242
72136.000000 -8.752242
72138.000000 -8.752242
72140.000000 -8.752242
72142.000000 -8.752242
72144.000000 -8.752242
72146.000000 -8.752242
72148.000000 -8.752242
72150.000000 -8.752242
72152.000000 -8.752242
72154.000000 -8.752242
72156.000000 -8.752242
72158.000000 -8.752242
72160.000000 -8.752242
72162.000000 -8.752242
72164.000000 -8.752242
72166.000000 -8.752242
72168.000000 -8.752242
72170.000000 -8.752242
72172.000000 -8.752242
72174.000000 -8.752242
72176.000000 -8.752242
72178.000000 -8.752242
72180.000000 0.001295
72182.000000 -8.752242
72184.000000 -8.752242
72186.000000 -8.752242
72188.000000 -8.752242
72190.000000 -8.752242
72192.000000 -8.752242
72194.000000 -8.752242
72196.000000 -8.752242
72198.000000 -8.752242
72200.000000 -8.752242
72202.000000 -8.752242
72204.000000 0.001295
72206.000000 -8.752242
72208.000000 -8.752242
72210.000000 -8.752242
72212.000000 -8.752242
72214.000000 -8.752242
72216.000000 -8.752242
72218.000000 -8.752242
72220.000000 0.001295
72222.000000 2.828559
72224.000000 5.655823
72226.000000 9.896719
72228.000000 14.148406
72230.000000 15.562038
72232.000000 16.975671
72234.000000 18.389303
72236.000000 19.802935
72238.000000 21.216567
72240.000000 22.630199
72242.000000 29.709150
72244.000000 36.777310
72246.000000 39.604574
72248.000000 42.431838
72250.000000 41.018206
72252.000000 39.604574
72254.000000 41.018206
72256.000000 42.431838
72258.000000 48.097158
72260.000000 53.751686
72262.000000 55.165318
72264.000000 56.578950
72266.000000 55.165318
72268.000000 53.751686
72270.000000 55.165318
72272.000000 56.578950
72274.000000 65.060742
72276.000000 73.553325
72278.000000 69.312429
72280.000000 65.060742
72282.000000 60.819846
72284.000000 56.578950
72286.000000 59.406214
72288.000000 62.233478
72290.000000 67.888006
72292.000000 73.553325
72294.000000 70.715270
72296.000000 67.888006
72298.000000 66.474374
72300.000000 65.060742
72302.000000 65.535550
72304.000000 65.999566
72306.000000 66.474374
72308.000000 66.949182
72310.000000 67.413198
72312.000000 67.888006
72314.000000 63.647110
72316.000000 59.406214
72318.000000 55.154527
72320.000000 50.913631
72322.000000 49.499999
72324.000000 48.086367
72326.000000 52.327263
72328.000000 56.578950
72330.000000 55.165318
72332.000000 53.751686
72334.000000 52.338054
72336.000000 50.924422
72338.000000 49.499999
72340.000000 48.086367
72342.000000 46.672734
72344.000000 45.259102
72346.000000 48.086367
72348.000000 50.913631
72350.000000 49.499999
72352.000000 48.086367
72354.000000 48.787787
72356.000000 49.499999
72358.000000 50.212210
72360.000000 50.913631
72362.000000 55.154527
72364.000000 59.406214
72366.000000 56.578950
72368.000000 53.751686
72370.000000 54.463897
72372.000000 55.165318
72374.000000 55.866738
72376.000000 56.578950
72378.000000 62.233478
72380.000000 67.888006
72382.000000 70.715270
72384.000000 73.553325
72386.000000 70.715270
72388.000000 67.888006
72390.000000 65.060742
72392.000000 62.233478
72394.000000 65.060742
72396.000000 67.888006
72398.000000 70.726061
72400.000000 73.553325
72402.000000 76.380590
72404.000000 79.207854
72406.000000 74.966957
72408.000000 70.715270
72410.000000 67.888006
72412.000000 65.060742
72414.000000 66.474374
72416.000000 67.888006
72418.000000 62.934899
72420.000000 57.981791
72422.000000 53.039474
72424.000000 48.086367
72426.000000 50.924422
72428.000000 53.751686
72430.000000 56.578950
72432.000000 59.406214
72434.000000 60.819846
72436.000000 62.233478
72438.000000 60.819846
72440.000000 59.406214
72442.000000 62.233478
72444.000000 65.060742
72446.000000 67.888006
72448.000000 70.715270
72450.000000 69.301638
72452.000000 67.888006
72454.000000 65.060742
72456.000000 62.233478
72458.000000 65.060742
72460.000000 67.888006
72462.000000 63.647110
72464.000000 59.406214
72466.000000 60.819846
72468.000000 62.233478
72470.000000 63.647110
72472.000000 65.060742
72474.000000 63.647110
72476.000000 62.233478
72478.000000 60.819846
72480.000000 59.406214
72482.000000 57.992582
72484.000000 56.578950
72486.000000 59.406214
72488.000000 62.233478
72490.000000 61.521266
72492.000000 60.819846
72494.000000 60.118426
72496.000000 59.406214
72498.000000 62.233478
72500.000000 65.060742
72502.000000 69.312429
72504.000000 73.553325
72506.000000 72.139693
72508.000000 70.715270
72510.000000 72.139693
72512.000000 73.553325
72514.000000 74.966957
72516.000000 76.380590
72518.000000 75.679169
72520.000000 74.966957
72522.000000 74.254746
72524.000000 73.553325
72526.000000 70.715270
72528.000000 67.888006
72530.000000 69.301638
72532.000000 70.715270
72534.000000 70.003059
72536.000000 69.301638
72538.000000 68.600218
72540.000000 67.888006
72542.000000 65.060742
72544.000000 62.233478
72546.000000 63.647110
72548.000000 65.060742
72550.000000 63.647110
72552.000000 62.233478
72554.000000 63.647110
72556.000000 65.060742
72558.000000 66.474374
72560.000000 67.888006
72562.000000 73.542534
72564.000000 79.207854
72566.000000 76.380590
72568.000000 73.553325
72570.000000 72.139693
72572.000000 70.715270
72574.000000 69.301638
72576.000000 67.888006
72578.000000 69.301638
72580.000000 70.715270
72582.000000 66.474374
72584.000000 62.233478
72586.000000 65.060742
72588.000000 67.888006
72590.000000 65.060742
72592.000000 62.233478
72594.000000 65.060742
72596.000000 67.888006
72598.000000 67.175795
72600.000000 66.474374
72602.000000 65.772954
72604.000000 65.060742
72606.000000 59.406214
72608.000000 53.751686
72610.000000 53.039474
72612.000000 52.338054
72614.000000 51.625842
72616.000000 50.924422
72618.000000 50.212210
72620.000000 49.499999
72622.000000 48.798578
72624.000000 48.086367
72626.000000 52.327263
72628.000000 56.578950
72630.000000 54.690510
72632.000000 52.802070
72634.000000 50.924422
72636.000000 49.035982
72638.000000 47.147542
72640.000000 45.259102
72642.000000 48.086367
72644.000000 50.913631
72646.000000 45.259102
72648.000000 39.604574
72650.000000 38.190942
72652.000000 36.777310
72654.000000 38.190942
72656.000000 39.604574
72658.000000 48.097158
72660.000000 56.578950
72662.000000 53.751686
72664.000000 50.924422
72666.000000 48.086367
72668.000000 45.259102
72670.000000 41.018206
72672.000000 36.777310
72674.000000 35.363678
72676.000000 33.950046
72678.000000 35.363678
72680.000000 36.777310
72682.000000 38.190942
72684.000000 39.604574
72686.000000 36.777310
72688.000000 33.950046
72690.000000 38.190942
72692.000000 42.431838
72694.000000 41.018206
72696.000000 39.604574
72698.000000 41.018206
72700.000000 42.431838
72702.000000 43.845470
72704.000000 45.259102
72706.000000 52.327263
72708.000000 59.406214
72710.000000 63.647110
72712.000000 67.888006
72714.000000 67.413198
72716.000000 66.949182
72718.000000 66.474374
72720.000000 65.999566
72722.000000 65.535550
72724.000000 65.060742
72726.000000 62.233478
72728.000000 59.406214
72730.000000 60.118426
72732.000000 60.819846
72734.000000 61.521266
72736.000000 62.233478
72738.000000 61.521266
72740.000000 60.819846
72742.000000 60.118426
72744.000000 59.406214
72746.000000 58.694002
72748.000000 57.992582
72750.000000 57.291161
72752.000000 56.578950
72754.000000 57.992582
72756.000000 59.406214
72758.000000 57.992582
72760.000000 56.578950
72762.000000 57.992582
72764.000000 59.406214
72766.000000 60.819846
72768.000000 62.233478
72770.000000 57.992582
72772.000000 53.751686
72774.000000 49.499999
72776.000000 45.259102
72778.000000 49.499999
72780.000000 53.751686
72782.000000 52.327263
72784.000000 50.913631
72786.000000 52.327263
72788.000000 53.751686
72790.000000 55.165318
72792.000000 56.578950
72794.000000 52.327263
72796.000000 48.086367
72798.000000 49.499999
72800.000000 50.913631
72802.000000 57.981791
72804.000000 65.060742
72806.000000 63.647110
72808.000000 62.233478
72810.000000 56.578950
72812.000000 50.913631
72814.000000 53.751686
72816.000000 56.578950
72818.000000 59.406214
72820.000000 62.233478
72822.000000 65.060742
72824.000000 67.888006
72826.000000 67.175795
72828.000000 66.474374
72830.000000 65.772954
72832.000000 65.060742
72834.000000 63.647110
72836.000000 62.233478
72838.000000 65.060742
72840.000000 67.888006
72842.000000 59.406214
72844.000000 50.913631
72846.000000 46.672734
72848.000000 42.431838
72850.000000 39.604574
72852.000000 36.777310
72854.000000 31.111991
72856.000000 25.457463
72858.000000 26.871095
72860.000000 28.284727
72862.000000 21.216567
72864.000000 14.148406
72866.000000 7.069455
72868.000000 0.001295
72870.000000 -0.318263
72872.000000 -0.636527
72874.000000 -0.954790
72876.000000 -1.273053
72878.000000 -1.591317
72880.000000 0.001295
72882.000000 -1.591317
72884.000000 -1.909580
72886.000000 -2.227843
72888.000000 -2.546107
72890.000000 -2.864370
72892.000000 -3.182633
72894.000000 -3.500897
72896.000000 -3.819160
72898.000000 -4.137424
72900.000000 0.001295
72902.000000 1.414927
72904.000000 2.828559
72906.000000 0.702715
72908.000000 -3.182633
72910.000000 -3.500897
72912.000000 -3.819160
72914.000000 -4.137424
72916.000000 0.001295
72918.000000 4.242191
72920.000000 8.483087
72922.000000 11.321142
72924.000000 14.148406
72926.000000 12.723983
72928.000000 11.310351
72930.000000 14.148406
72932.000000 16.975671
72934.000000 21.216567
72936.000000 25.457463
72938.000000 24.043831
72940.000000 22.630199
72942.000000 18.389303
72944.000000 14.148406
72946.000000 12.022563
72948.000000 9.896719
72950.000000 7.781667
72952.000000 5.655823
72954.000000 7.069455
72956.000000 8.483087
72958.000000 15.551247
72960.000000 22.630199
72962.000000 25.457463
72964.000000 28.284727
72966.000000 24.043831
72968.000000 19.802935
72970.000000 16.975671
72972.000000 14.148406
72974.000000 11.321142
72976.000000 8.483087
72978.000000 7.069455
72980.000000 5.655823
72982.000000 2.828559
72984.000000 0.001295
72986.000000 2.828559
72988.000000 5.655823
72990.000000 9.896719
72992.000000 14.148406
72994.000000 16.975671
72996.000000 19.802935
72998.000000 14.148406
73000.000000 8.483087
73002.000000 1.414927
73004.000000 -0.318263
73006.000000 -0.636527
73008.000000 -0.954790
73010.000000 -1.273053
73012.000000 -1.591317
73014.000000 -1.909580
73016.000000 -2.227843
73018.000000 -2.546107
73020.000000 -2.864370
73022.000000 -3.182633
73024.000000 -3.500897
73026.000000 -3.819160
73028.000000 -4.137424
73030.000000 -4.455687
73032.000000 0.001295
73034.000000 1.414927
73036.000000 2.828559
73038.000000 -3.819160
73040.000000 -4.137424
73042.000000 -4.455687
73044.000000 -4.773950
73046.000000 -5.092214
73048.000000 -5.410477
73050.000000 -5.728740
73052.000000 -6.047004
73054.000000 -6.365267
73056.000000 -6.683530
73058.000000 -7.001794
73060.000000 -7.320057
73062.000000 -7.638320
73064.000000 -7.956584
73066.000000 -8.274847
73068.000000 -8.593110
73070.000000 -8.911374
73072.000000 -9.229637
73074.000000 -9.547900
73076.000000 -9.866164
73078.000000 -10.184427
73080.000000 0.001295
73082.000000 8.493878
73084.000000 16.975671
73086.000000 19.802935
73088.000000 22.630199
73090.000000 19.802935
73092.000000 16.975671
73094.000000 16.263459
73096.000000 15.562038
73098.000000 14.860618
73100.000000 14.148406
73102.000000 9.896719
73104.000000 5.655823
73106.000000 2.828559
73108.000000 0.001295
73110.000000 -5.728740
73112.000000 -6.047004
73114.000000 -6.365267
73116.000000 -6.683530
73118.000000 -7.001794
73120.000000 -7.320057
73122.000000 -7.638320
73124.000000 -7.956584
73126.000000 -8.274847
73128.000000 -8.593110
73130.000000 -8.911374
73132.000000 -9.229637
73134.000000 -9.547900
73136.000000 -9.866164
73138.000000 -10.184427
73140.000000 -10.502690
73142.000000 -10.820954
73144.000000 -11.139217
73146.000000 -11.457481
73148.000000 -11.775744
73150.000000 -12.094007
73152.000000 -12.412271
73154.000000 -12.730534
73156.000000 -13.048797
73158.000000 -13.367061
73160.000000 -13.685324
73162.000000 -14.003587
73164.000000 -14.321851
73166.000000 0.001295
73168.000000 5.655823
73170.000000 14.148406
73172.000000 22.630199
73174.000000 25.457463
73176.000000 28.284727
73178.000000 35.363678
73180.000000 42.431838
73182.000000 41.018206
73184.000000 39.604574
73186.000000 35.363678
73188.000000 31.111991
73190.000000 28.284727
73192.000000 25.457463
73194.000000 28.284727
73196.000000 31.111991
73198.000000 33.939255
73200.000000 36.777310
73202.000000 35.363678
73204.000000 33.950046
73206.000000 29.709150
73208.000000 25.457463
73210.000000 24.043831
73212.000000 22.630199
73214.000000 15.551247
73216.000000 8.483087
73218.000000 7.781667
73220.000000 7.069455
73222.000000 6.357244
73224.000000 5.655823
73226.000000 4.242191
73228.000000 2.828559
73230.000000 4.242191
73232.000000 5.655823
73234.000000 4.242191
73236.000000 2.828559
73238.000000 2.127139
73240.000000 1.414927
73242.000000 0.702715
73244.000000 0.001295
73246.000000 4.242191
73248.000000 8.483087
73250.000000 9.896719
73252.000000 11.310351
73254.000000 9.896719
73256.000000 8.483087
73258.000000 11.321142
73260.000000 14.148406
73262.000000 19.802935
73264.000000 25.457463
73266.000000 28.284727
73268.000000 31.111991
73270.000000 33.939255
73272.000000 36.777310
73274.000000 35.363678
73276.000000 33.950046
73278.000000 35.363678
73280.000000 36.777310
73282.000000 32.536414
73284.000000 28.284727
73286.000000 26.871095
73288.000000 25.457463
73290.000000 22.630199
73292.000000 19.802935
73294.000000 21.216567
73296.000000 22.630199
73298.000000 19.802935
73300.000000 16.975671
73302.000000 9.896719
73304.000000 2.828559
73306.000000 -0.318263
73308.000000 -0.636527
73310.000000 -0.954790
73312.000000 -1.273053
73314.000000 -1.591317
73316.000000 -1.909580
73318.000000 -2.227843
73320.000000 -2.546107
73322.000000 -2.864370
73324.000000 0.001295
73326.000000 1.414927
73328.000000 2.828559
73330.000000 4.242191
73332.000000 5.655823
73334.000000 4.242191
73336.000000 2.828559
73338.000000 -0.954790
73340.000000 -1.273053
73342.000000 -1.591317
73344.000000 -1.909580
73346.000000 -2.227843
73348.000000 -2.546107
73350.000000 -2.864370
73352.000000 -3.182633
73354.000000 -3.500897
73356.000000 -3.819160
73358.000000 -4.137424
73360.000000 -4.455687
73362.000000 -4.773950
73364.000000 -5.092214
73366.000000 -5.410477
73368.000000 -5.728740
73370.000000 -6.047004
73372.000000 -6.365267
73374.000000 -6.683530
73376.000000 -7.001794
73378.000000 -7.320057
73380.000000 -7.638320
73382.000000 -7.956584
73384.000000 -8.274847
73386.000000 -8.593110
73388.000000 -8.911374
73390.000000 -9.229637
73392.000000 -9.547900
73394.000000 -9.866164
73396.000000 -10.184427
73398.000000 -10.502690
73400.000000 -10.820954
73402.000000 -11.139217
73404.000000 -11.457481
73406.000000 -11.775744
73408.000000 -12.094007
73410.000000 -12.412271
73412.000000 -12.730534
73414.000000 -13.048797
73416.000000 -13.367061
73418.000000 -13.685324
73420.000000 -14.003587
73422.000000 -14.321851
73424.000000 -14.640114
73426.000000 -14.958377
73428.000000 -15.276641
73430.000000 -15.594904
73432.000000 -15.913167
73434.000000 -16.231431
73436.000000 -16.549694
73438.000000 -16.867957
73440.000000 -17.186221
73442.000000 -17.504484
73444.000000 -17.504484
73446.000000 -17.504484
73448.000000 -17.504484
73450.000000 -17.504484
73452.000000 -17.504484
73454.000000 -17.504484
73456.000000 -17.504484
73458.000000 -17.504484
73460.000000 -17.504484
73462.000000 -17.504484
73464.000000 -17.504484
73466.000000 0.001295
73468.000000 2.828559
73470.000000 1.414927
73472.000000 0.001295
73474.000000 2.828559
73476.000000 5.655823
73478.000000 11.321142
73480.000000 16.975671
73482.000000 21.216567
73484.000000 25.457463
73486.000000 24.043831
73488.000000 22.630199
73490.000000 26.871095
73492.000000 31.111991
73494.000000 32.536414
73496.000000 33.950046
73498.000000 32.536414
73500.000000 31.111991
73502.000000 29.698359
73504.000000 28.284727
73506.000000 25.457463
73508.000000 22.630199
73510.000000 21.216567
73512.000000 19.802935
73514.000000 18.389303
73516.000000 16.975671
73518.000000 15.562038
73520.000000 14.148406
73522.000000 11.321142
73524.000000 8.483087
73526.000000 4.242191
73528.000000 0.001295
73530.000000 -7.638320
73532.000000 -7.956584
73534.000000 -8.274847
73536.000000 -8.593110
73538.000000 -8.911374
73540.000000 -9.229637
73542.000000 -9.547900
73544.000000 -9.866164
73546.000000 -10.184427
73548.000000 -10.502690
73550.000000 -10.820954
73552.000000 -11.139217
73554.000000 2.828559
73556.000000 14.148406
73558.000000 21.216567
73560.000000 28.284727
73562.000000 32.536414
73564.000000 36.777310
73566.000000 33.939255
73568.000000 31.111991
73570.000000 29.698359
73572.000000 28.284727
73574.000000 26.169674
73576.000000 24.043831
73578.000000 21.917987
73580.000000 19.802935
73582.000000 18.389303
73584.000000 16.975671
73586.000000 19.802935
73588.000000 22.630199
73590.000000 19.802935
73592.000000 16.975671
73594.000000 15.562038
73596.000000 14.148406
73598.000000 15.562038
73600.000000 16.975671
73602.000000 18.389303
73604.000000 19.802935
73606.000000 21.216567
73608.000000 22.630199
73610.000000 24.043831
73612.000000 25.457463
73614.000000 28.284727
73616.000000 31.111991
73618.000000 38.190942
73620.000000 45.259102
73622.000000 46.672734
73624.000000 48.086367
73626.000000 46.672734
73628.000000 45.259102
73630.000000 43.845470
73632.000000 42.431838
73634.000000 39.604574
73636.000000 36.766519
73638.000000 33.939255
73640.000000 31.111991
73642.000000 29.698359
73644.000000 28.284727
73646.000000 24.043831
73648.000000 19.802935
73650.000000 18.389303
73652.000000 16.975671
73654.000000 14.148406
73656.000000 11.321142
73658.000000 8.493878
73660.000000 5.655823
73662.000000 2.828559
73664.000000 0.001295
73666.000000 -0.318263
73668.000000 -0.636527
73670.000000 -0.954790
73672.000000 0.001295
73674.000000 2.828559
73676.000000 5.655823
73678.000000 11.321142
73680.000000 16.975671
73682.000000 17.687882
73684.000000 18.389303
73686.000000 19.090723
73688.000000 19.802935
73690.000000 21.216567
73692.000000 22.630199
73694.000000 23.105006
73696.000000 23.569023
73698.000000 24.043831
73700.000000 24.518638
73702.000000 24.982655
73704.000000 25.457463
73706.000000 24.043831
73708.000000 22.630199
73710.000000 21.216567
73712.000000 19.802935
73714.000000 18.389303
73716.000000 16.975671
73718.000000 15.562038
73720.000000 14.148406
73722.000000 8.493878
73724.000000 2.828559
73726.000000 -0.318263
73728.000000 -0.636527
73730.000000 -0.954790
73732.000000 -1.273053
73734.000000 -1.591317
73736.000000 -1.909580
73738.000000 -2.227843
73740.000000 -2.546107
73742.000000 -2.864370
73744.000000 -3.182633
73746.000000 -3.500897
73748.000000 -3.819160
73750.000000 -4.137424
73752.000000 -4.455687
73754.000000 -4.773950
73756.000000 -5.092214
73758.000000 -5.410477
73760.000000 -5.728740
73762.000000 -6.047004
73764.000000 -6.365267
73766.000000 -6.683530
73768.000000 -7.001794
73770.000000 -7.320057
73772.000000 -7.638320
73774.000000 -7.956584
73776.000000 -8.274847
73778.000000 -8.593110
73780.000000 -8.911374
73782.000000 -9.229637
73784.000000 -9.547900
73786.000000 -9.866164
73788.000000 -10.184427
73790.000000 -10.502690
73792.000000 -10.820954
73794.000000 -11.139217
73796.000000 -11.457481
73798.000000 -11.775744
73800.000000 -12.094007
73802.000000 -12.412271
73804.000000 -12.730534
73806.000000 -13.048797
73808.000000 -13.367061
73810.000000 -13.685324
73812.000000 -14.003587
73814.000000 -14.321851
73816.000000 -14.640114
73818.000000 -14.958377
73820.000000 0.001295
73822.000000 2.828559
73824.000000 5.655823
73826.000000 8.483087
73828.000000 11.310351
73830.000000 5.655823
73832.000000 0.001295
73834.000000 2.127139
73836.000000 4.242191
73838.000000 6.357244
73840.000000 8.483087
73842.000000 12.723983
73844.000000 16.975671
73846.000000 16.263459
73848.000000 15.562038
73850.000000 14.860618
73852.000000 14.148406
73854.000000 16.975671
73856.000000 19.802935
73858.000000 22.630199
73860.000000 25.457463
73862.000000 29.709150
73864.000000 33.950046
73866.000000 35.363678
73868.000000 36.777310
73870.000000 38.190942
73872.000000 39.604574
73874.000000 38.190942
73876.000000 36.777310
73878.000000 35.363678
73880.000000 33.950046
73882.000000 32.536414
73884.000000 31.111991
73886.000000 21.205776
73888.000000 11.310351
73890.000000 5.655823
73892.000000 0.001295
73894.000000 -3.500897
73896.000000 -3.819160
73898.000000 -4.137424
73900.000000 -4.455687
73902.000000 -4.773950
73904.000000 -5.092214
73906.000000 -5.410477
73908.000000 -5.728740
73910.000000 -6.047004
73912.000000 0.001295
73914.000000 0.702715
73916.000000 1.414927
73918.000000 2.127139
73920.000000 2.828559
73922.000000 4.242191
73924.000000 5.655823
73926.000000 7.069455
73928.000000 8.483087
73930.000000 7.069455
73932.000000 5.655823
73934.000000 4.242191
73936.000000 2.828559
73938.000000 0.001295
73940.000000 -1.909580
73942.000000 -2.227843
73944.000000 -2.546107
73946.000000 -2.864370
73948.000000 -3.182633
73950.000000 -3.500897
73952.000000 -3.819160
73954.000000 -4.137424
73956.000000 -4.455687
73958.000000 -4.773950
73960.000000 -5.092214
73962.000000 -5.410477
73964.000000 -5.728740
73966.000000 -6.047004
73968.000000 -6.365267
73970.000000 -6.683530
73972.000000 -7.001794
73974.000000 -7.320057
73976.000000 -7.638320
73978.000000 -7.956584
73980.000000 -8.274847
73982.000000 -8.593110
73984.000000 -8.911374
73986.000000 -9.229637
73988.000000 -9.547900
73990.000000 -9.866164
73992.000000 -10.184427
73994.000000 -10.502690
73996.000000 -10.820954
73998.000000 -11.139217
74000.000000 -11.457481
74002.000000 -11.775744
74004.000000 -12.094007
74006.000000 -12.412271
74008.000000 -12.730534
74010.000000 -13.048797
74012.000000 -13.367061
74014.000000 -13.685324
74016.000000 -14.003587
74018.000000 -14.321851
74020.000000 -14.640114
74022.000000 -14.958377
74024.000000 -15.276641
74026.000000 -15.594904
74028.000000 -15.913167
74030.000000 -16.231431
74032.000000 -16.549694
74034.000000 -16.867957
74036.000000 2.828559
74038.000000 7.069455
74040.000000 11.310351
74042.000000 8.483087
74044.000000 5.655823
74046.000000 7.069455
74048.000000 8.483087
74050.000000 9.896719
74052.000000 11.310351
74054.000000 14.148406
74056.000000 16.975671
74058.000000 18.389303
74060.000000 19.802935
74062.000000 11.321142
74064.000000 2.828559
74066.000000 0.001295
74068.000000 -12.094007
74070.000000 -12.412271
74072.000000 0.001295
74074.000000 2.127139
74076.000000 4.242191
74078.000000 6.357244
74080.000000 8.483087
74082.000000 10.608931
74084.000000 12.723983
74086.000000 14.849827
74088.000000 16.975671
74090.000000 22.630199
74092.000000 28.284727
74094.000000 29.698359
74096.000000 31.111991
74098.000000 36.766519
74100.000000 42.431838
74102.000000 41.018206
74104.000000 39.604574
74106.000000 35.363678
74108.000000 31.111991
74110.000000 29.698359
74112.000000 28.284727
74114.000000 26.871095
74116.000000 25.457463
74118.000000 24.043831
74120.000000 22.630199
74122.000000 24.043831
74124.000000 25.457463
74126.000000 18.378511
74128.000000 11.310351
74130.000000 8.483087
74132.000000 5.655823
74134.000000 6.357244
74136.000000 7.069455
74138.000000 7.781667
74140.000000 8.483087
74142.000000 7.069455
74144.000000 5.655823
74146.000000 4.242191
74148.000000 2.828559
74150.000000 1.414927
74152.000000 0.001295
74154.000000 -0.318263
74156.000000 -0.636527
74158.000000 -0.954790
74160.000000 -1.273053
74162.000000 2.828559
74164.000000 8.483087
74166.000000 12.723983
74168.000000 16.975671
74170.000000 18.389303
74172.000000 19.802935
74174.000000 16.975671
74176.000000 14.148406
74178.000000 15.562038
74180.000000 16.975671
74182.000000 18.389303
74184.000000 19.802935
74186.000000 28.284727
74188.000000 36.777310
74190.000000 41.018206
74192.000000 45.259102
74194.000000 46.672734
74196.000000 48.086367
74198.000000 50.924422
74200.000000 53.751686
74202.000000 55.165318
74204.000000 56.578950
74206.000000 50.924422
74208.000000 45.259102
74210.000000 42.431838
74212.000000 39.604574
74214.000000 42.431838
74216.000000 45.259102
74218.000000 41.018206
74220.000000 36.777310
74222.000000 32.536414
74224.000000 28.284727
74226.000000 29.698359
74228.000000 31.111991
74230.000000 30.173167
74232.000000 29.223551
74234.000000 28.284727
74236.000000 27.345903
74238.000000 26.396287
74240.000000 25.457463
74242.000000 29.709150
74244.000000 33.950046
74246.000000 38.190942
74248.000000 42.431838
74250.000000 41.018206
74252.000000 39.604574
74254.000000 38.190942
74256.000000 36.777310
74258.000000 36.075890
74260.000000 35.363678
74262.000000 34.651467
74264.000000 33.950046
74266.000000 31.824202
74268.000000 29.709150
74270.000000 27.583306
74272.000000 25.457463
74274.000000 22.630199
74276.000000 19.802935
74278.000000 21.216567
74280.000000 22.630199
74282.000000 21.917987
74284.000000 21.216567
74286.000000 20.515146
74288.000000 19.802935
74290.000000 14.148406
74292.000000 8.483087
74294.000000 1.414927
74296.000000 -0.318263
74298.000000 -0.636527
74300.000000 -0.954790
74302.000000 -1.273053
74304.000000 -1.591317
74306.000000 -1.909580
74308.000000 -2.227843
74310.000000 -2.546107
74312.000000 -2.864370
74314.000000 4.242191
74316.000000 11.310351
74318.000000 16.975671
74320.000000 22.630199
74322.000000 28.284727
74324.000000 33.950046
74326.000000 39.604574
74328.000000 45.259102
74330.000000 48.086367
74332.000000 50.913631
74334.000000 52.327263
74336.000000 53.751686
74338.000000 55.165318
74340.000000 56.578950
74342.000000 50.924422
74344.000000 45.259102
74346.000000 46.672734
74348.000000 48.086367
74350.000000 47.384946
74352.000000 46.672734
74354.000000 45.960523
74356.000000 45.259102
74358.000000 48.086367
74360.000000 50.913631
74362.000000 50.212210
74364.000000 49.499999
74366.000000 48.787787
74368.000000 48.086367
74370.000000 49.025191
74372.000000 49.974806
74374.000000 50.924422
74376.000000 51.863246
74378.000000 52.802070
74380.000000 53.751686
74382.000000 49.499999
74384.000000 45.259102
74386.000000 41.018206
74388.000000 36.777310
74390.000000 28.284727
74392.000000 19.802935
74394.000000 15.551247
74396.000000 11.310351
74398.000000 12.723983
74400.000000 14.148406
74402.000000 9.896719
74404.000000 5.655823
74406.000000 -0.318263
74408.000000 -0.636527
74410.000000 -0.954790
74412.000000 -1.273053
74414.000000 -1.591317
74416.000000 -1.909580
74418.000000 -2.227843
74420.000000 -2.546107
74422.000000 -2.864370
74424.000000 -3.182633
74426.000000 -3.500897
74428.000000 -3.819160
74430.000000 -4.137424
74432.000000 -4.455687
74434.000000 -4.773950
74436.000000 -5.092214
74438.000000 -5.410477
74440.000000 -5.728740
74442.000000 -6.047004
74444.000000 5.655823
74446.000000 7.069455
74448.000000 8.483087
74450.000000 11.321142
74452.000000 14.148406
74454.000000 16.263459
74456.000000 18.389303
74458.000000 20.515146
74460.000000 22.630199
74462.000000 24.043831
74464.000000 25.457463
74466.000000 24.982655
74468.000000 24.518638
74470.000000 24.043831
74472.000000 23.569023
74474.000000 23.105006
74476.000000 22.630199
74478.000000 25.457463
74480.000000 28.284727
74482.000000 31.111991
74484.000000 33.950046
74486.000000 31.111991
74488.000000 28.284727
74490.000000 25.457463
74492.000000 22.630199
74494.000000 19.802935
74496.000000 16.975671
74498.000000 19.802935
74500.000000 22.630199
74502.000000 25.457463
74504.000000 28.284727
74506.000000 32.536414
74508.000000 36.777310
74510.000000 41.018206
74512.000000 45.259102
74514.000000 46.672734
74516.000000 48.086367
74518.000000 45.259102
74520.000000 42.431838
74522.000000 38.190942
74524.000000 33.950046
74526.000000 28.284727
74528.000000 22.630199
74530.000000 19.802935
74532.000000 16.975671
74534.000000 14.148406
74536.000000 11.310351
74538.000000 7.069455
74540.000000 2.828559
74542.000000 1.414927
74544.000000 0.001295
74546.000000 2.828559
74548.000000 5.655823
74550.000000 8.483087
74552.000000 11.310351
74554.000000 12.723983
74556.000000 14.148406
74558.000000 16.975671
74560.000000 19.802935
74562.000000 21.216567
74564.000000 22.630199
74566.000000 16.975671
74568.000000 11.310351
74570.000000 9.184508
74572.000000 7.069455
74574.000000 4.954403
74576.000000 2.828559
74578.000000 -0.318263
74580.000000 -0.636527
74582.000000 -0.954790
74584.000000 -1.273053
74586.000000 -1.591317
74588.000000 -1.909580
74590.000000 -2.227843
74592.000000 -2.546107
74594.000000 -2.864370
74596.000000 -3.182633
74598.000000 -3.500897
74600.000000 -3.819160
74602.000000 -4.137424
74604.000000 -4.455687
74606.000000 -4.773950
74608.000000 -5.092214
74610.000000 -5.410477
74612.000000 -5.728740
74614.000000 -6.047004
74616.000000 -6.365267
74618.000000 -6.683530
74620.000000 -7.001794
74622.000000 -7.320057
74624.000000 0.001295
74626.000000 1.414927
74628.000000 2.828559
74630.000000 4.242191
74632.000000 5.655823
74634.000000 7.069455
74636.000000 8.483087
74638.000000 9.896719
74640.000000 11.310351
74642.000000 14.148406
74644.000000 16.975671
74646.000000 14.148406
74648.000000 11.310351
74650.000000 5.655823
74652.000000 0.001295
74654.000000 -2.864370
74656.000000 -3.182633
74658.000000 -3.500897
74660.000000 -3.819160
74662.000000 -4.137424
74664.000000 -4.455687
74666.000000 -4.773950
74668.000000 -5.092214
74670.000000 -5.410477
74672.000000 -5.728740
74674.000000 -6.047004
74676.000000 -6.365267
74678.000000 -6.683530
74680.000000 -7.001794
74682.000000 -7.320057
74684.000000 -7.638320
74686.000000 -7.956584
74688.000000 -8.274847
74690.000000 -8.593110
74692.000000 -8.911374
74694.000000 -9.229637
74696.000000 -9.547900
74698.000000 0.001295
74700.000000 5.655823
74702.000000 11.310351
74704.000000 16.975671
74706.000000 22.630199
74708.000000 28.284727
74710.000000 29.698359
74712.000000 31.111991
74714.000000 32.536414
74716.000000 33.950046
74718.000000 31.111991
74720.000000 28.284727
74722.000000 29.698359
74724.000000 31.111991
74726.000000 33.939255
74728.000000 36.777310
74730.000000 36.075890
74732.000000 35.363678
74734.000000 34.651467
74736.000000 33.950046
74738.000000 34.651467
74740.000000 35.363678
74742.000000 36.075890
74744.000000 36.777310
74746.000000 36.075890
74748.000000 35.363678
74750.000000 34.651467
74752.000000 33.950046
74754.000000 34.651467
74756.000000 35.363678
74758.000000 36.075890
74760.000000 36.777310
74762.000000 38.190942
74764.000000 39.604574
74766.000000 41.018206
74768.000000 42.431838
74770.000000 41.018206
74772.000000 39.604574
74774.000000 38.190942
74776.000000 36.777310
74778.000000 39.604574
74780.000000 42.431838
74782.000000 43.845470
74784.000000 45.259102
74786.000000 46.672734
74788.000000 48.086367
74790.000000 49.499999
74792.000000 50.913631
74794.000000 49.499999
74796.000000 48.086367
74798.000000 50.924422
74800.000000 53.751686
74802.000000 55.165318
74804.000000 56.578950
74806.000000 59.406214
74808.000000 62.233478
74810.000000 59.406214
74812.000000 56.578950
74814.000000 50.924422
74816.000000 45.259102
74818.000000 43.845470
74820.000000 42.431838
74822.000000 43.133259
74824.000000 43.845470
74826.000000 44.557682
74828.000000 45.259102
74830.000000 42.431838
74832.000000 39.604574
74834.000000 31.111991
74836.000000 22.630199
74838.000000 16.975671
74840.000000 11.310351
74842.000000 8.483087
74844.000000 5.655823
74846.000000 4.242191
74848.000000 2.828559
74850.000000 0.001295
74852.000000 -0.318263
74854.000000 -0.636527
74856.000000 -0.954790
74858.000000 -1.273053
74860.000000 -1.591317
74862.000000 -1.909580
74864.000000 -2.227843
74866.000000 -2.546107
74868.000000 -2.864370
74870.000000 -3.182633
74872.000000 -3.500897
74874.000000 -3.819160
74876.000000 -4.137424
74878.000000 -4.455687
74880.000000 -4.773950
74882.000000 -5.092214
74884.000000 -5.410477
74886.000000 -5.728740
74888.000000 -6.047004
74890.000000 0.001295
74892.000000 2.828559
74894.000000 0.001295
74896.000000 -5.410477
74898.000000 1.414927
74900.000000 5.655823
74902.000000 7.069455
74904.000000 8.483087
74906.000000 16.975671
74908.000000 25.457463
74910.000000 26.871095
74912.000000 28.284727
74914.000000 28.996938
74916.000000 29.698359
74918.000000 30.399779
74920.000000 31.111991
74922.000000 26.871095
74924.000000 22.630199
74926.000000 19.802935
74928.000000 16.975671
74930.000000 12.723983
74932.000000 8.483087
74934.000000 2.828559
74936.000000 -0.318263
74938.000000 -0.636527
74940.000000 -0.954790
74942.000000 -1.273053
74944.000000 -1.591317
74946.000000 -1.909580
74948.000000 -2.227843
74950.000000 -2.546107
74952.000000 -2.864370
74954.000000 -3.182633
74956.000000 -3.500897
74958.000000 -3.819160
74960.000000 -4.137424
74962.000000 0.001295
74964.000000 2.828559
74966.000000 0.001295
74968.000000 -3.500897
74970.000000 -3.819160
74972.000000 -4.137424
74974.000000 -4.455687
74976.000000 -4.773950
74978.000000 1.414927
74980.000000 5.655823
74982.000000 4.242191
74984.000000 2.828559
74986.000000 1.414927
74988.000000 0.001295
74990.000000 -3.182633
74992.000000 -3.500897
74994.000000 -3.819160
74996.000000 -4.137424
74998.000000 -4.455687
75000.000000 -4.773950
75002.000000 -5.092214
75004.000000 -5.410477
75006.000000 1.414927
75008.000000 8.483087
75010.000000 7.069455
75012.000000 5.655823
75014.000000 4.242191
75016.000000 2.828559
75018.000000 1.414927
75020.000000 0.001295
75022.000000 4.242191
75024.000000 8.483087
75026.000000 12.723983
75028.000000 16.975671
75030.000000 14.849827
75032.000000 12.723983
75034.000000 10.608931
75036.000000 8.483087
75038.000000 7.781667
75040.000000 7.069455
75042.000000 6.357244
75044.000000 5.655823
75046.000000 2.828559
75048.000000 0.001295
75050.000000 1.414927
75052.000000 2.828559
75054.000000 4.242191
75056.000000 5.655823
75058.000000 4.242191
75060.000000 2.828559
75062.000000 1.414927
75064.000000 0.001295
75066.000000 -0.318263
75068.000000 -0.636527
75070.000000 -0.954790
75072.000000 -1.273053
75074.000000 0.001295
75076.000000 0.940119
75078.000000 1.889735
75080.000000 2.828559
75082.000000 1.414927
75084.000000 0.001295
75086.000000 -0.318263
75088.000000 -0.636527
75090.000000 -0.954790
75092.000000 -1.273053
75094.000000 -1.591317
75096.000000 -1.909580
75098.000000 -2.227843
75100.000000 -2.546107
75102.000000 -2.864370
75104.000000 -3.182633
75106.000000 -3.500897
75108.000000 -3.819160
75110.000000 -4.137424
75112.000000 -4.455687
75114.000000 -4.773950
75116.000000 -5.092214
75118.000000 -5.410477
75120.000000 -5.728740
75122.000000 -6.047004
75124.000000 -6.365267
75126.000000 -6.683530
75128.000000 -7.001794
75130.000000 -7.320057
75132.000000 -7.638320
75134.000000 -7.956584
75136.000000 -8.274847
75138.000000 -8.593110
75140.000000 -8.911374
75142.000000 -9.229637
75144.000000 -9.547900
75146.000000 -9.866164
75148.000000 -10.184427
75150.000000 -10.502690
75152.000000 -10.820954
75154.000000 -11.139217
75156.000000 -11.457481
75158.000000 -11.775744
75160.000000 -12.094007
75162.000000 -12.412271
75164.000000 -12.730534
75166.000000 -13.048797
75168.000000 -13.367061
75170.000000 -13.685324
75172.000000 -14.003587
75174.000000 -14.321851
75176.000000 -14.640114
75178.000000 -14.958377
75180.000000 -15.276641
75182.000000 -15.594904
75184.000000 -15.913167
75186.000000 -16.231431
75188.000000 -16.549694
75190.000000 -16.867957
75192.000000 -17.186221
75194.000000 0.001295
75196.000000 0.940119
75198.000000 1.889735
75200.000000 2.828559
75202.000000 7.069455
75204.000000 11.310351
75206.000000 9.896719
75208.000000 8.483087
75210.000000 7.069455
75212.000000 5.655823
75214.000000 2.828559
75216.000000 0.001295
75218.000000 2.828559
75220.000000 5.655823
75222.000000 3.529979
75224.000000 1.414927
75226.000000 -12.412271
75228.000000 -12.730534
75230.000000 1.414927
75232.000000 5.655823
75234.000000 8.483087
75236.000000 11.321142
75238.000000 14.148406
75240.000000 16.975671
75242.000000 18.389303
75244.000000 19.802935
75246.000000 20.515146
75248.000000 21.216567
75250.000000 21.917987
75252.000000 22.630199
75254.000000 24.043831
75256.000000 25.457463
75258.000000 24.043831
75260.000000 22.630199
75262.000000 21.216567
75264.000000 19.802935
75266.000000 21.216567
75268.000000 22.630199
75270.000000 24.043831
75272.000000 25.457463
75274.000000 24.043831
75276.000000 22.630199
75278.000000 16.975671
75280.000000 11.310351
75282.000000 7.069455
75284.000000 2.828559
75286.000000 1.414927
75288.000000 0.001295
75290.000000 -3.500897
75292.000000 -3.819160
75294.000000 -4.137424
75296.000000 -4.455687
75298.000000 -4.773950
75300.000000 0.001295
75302.000000 -4.773950
75304.000000 -5.092214
75306.000000 -5.410477
75308.000000 -5.728740
75310.000000 -6.047004
75312.000000 -6.365267
75314.000000 -6.683530
75316.000000 -7.001794
75318.000000 -7.320057
75320.000000 -7.638320
75322.000000 -7.956584
75324.000000 -8.274847
75326.000000 -8.593110
75328.000000 -8.911374
75330.000000 -9.229637
75332.000000 -9.547900
75334.000000 -9.866164
75336.000000 -10.184427
75338.000000 -10.502690
75340.000000 -10.820954
75342.000000 -11.139217
75344.000000 -11.457481
75346.000000 -11.775744
75348.000000 0.001295
75350.000000 -11.775744
75352.000000 -12.094007
75354.000000 -12.412271
75356.000000 -12.730534
75358.000000 -13.048797
75360.000000 0.001295
75362.000000 2.828559
75364.000000 5.655823
75366.000000 8.483087
75368.000000 11.310351
75370.000000 8.483087
75372.000000 5.655823
75374.000000 -11.139217
75376.000000 -11.457481
75378.000000 -11.775744
75380.000000 -12.094007
75382.000000 -12.412271
75384.000000 -12.730534
75386.000000 -13.048797
75388.000000 -13.367061
75390.000000 -13.685324
75392.000000 -14.003587
75394.000000 -14.321851
75396.000000 -14.640114
75398.000000 -14.958377
75400.000000 -15.276641
75402.000000 -15.594904
75404.000000 -15.913167
75406.000000 -16.231431
75408.000000 -16.549694
75410.000000 -16.867957
75412.000000 -17.186221
75414.000000 -17.504484
75416.000000 -17.504484
75418.000000 -17.504484
75420.000000 -17.504484
75422.000000 -17.504484
75424.000000 -17.504484
75426.000000 -17.504484
75428.000000 -17.504484
75430.000000 -17.504484
75432.000000 -17.504484
75434.000000 -17.504484
75436.000000 -17.504484
75438.000000 0.001295
75440.000000 2.828559
75442.000000 7.069455
75444.000000 11.310351
75446.000000 14.148406
75448.000000 16.975671
75450.000000 19.802935
75452.000000 22.630199
75454.000000 19.802935
75456.000000 16.975671
75458.000000 14.148406
75460.000000 11.310351
75462.000000 12.723983
75464.000000 14.148406
75466.000000 15.562038
75468.000000 16.975671
75470.000000 18.389303
75472.000000 19.802935
75474.000000 21.216567
75476.000000 22.630199
75478.000000 18.389303
75480.000000 14.148406
75482.000000 12.723983
75484.000000 11.310351
75486.000000 14.148406
75488.000000 16.975671
75490.000000 24.043831
75492.000000 31.111991
75494.000000 29.698359
75496.000000 28.284727
75498.000000 26.871095
75500.000000 25.457463
75502.000000 22.630199
75504.000000 19.802935
75506.000000 12.723983
75508.000000 5.655823
75510.000000 0.001295
75512.000000 -6.047004
75514.000000 -6.365267
75516.000000 -6.683530
75518.000000 -7.001794
75520.000000 -7.320057
75522.000000 -7.638320
75524.000000 -7.956584
75526.000000 -8.274847
75528.000000 -8.593110
75530.000000 -8.911374
75532.000000 -9.229637
75534.000000 -9.547900
75536.000000 -9.866164
75538.000000 -10.184427
75540.000000 -10.502690
75542.000000 -10.820954
75544.000000 -11.139217
75546.000000 -11.457481
75548.000000 -11.775744
75550.000000 -12.094007
75552.000000 -12.412271
75554.000000 -12.730534
75556.000000 -13.048797
75558.000000 -13.367061
75560.000000 -13.685324
75562.000000 -14.003587
75564.000000 -14.321851
75566.000000 -14.640114
75568.000000 -14.958377
75570.000000 -15.276641
75572.000000 -15.594904
75574.000000 -15.913167
75576.000000 -16.231431
75578.000000 -16.549694
75580.000000 -16.867957
75582.000000 -17.186221
75584.000000 -17.504484
75586.000000 -17.504484
75588.000000 -17.504484
75590.000000 -17.504484
75592.000000 -17.504484
75594.000000 -17.504484
75596.000000 -17.504484
75598.000000 -17.504484
75600.000000 -17.504484
75602.000000 4.242191
75604.000000 16.975671
75606.000000 26.881886
75608.000000 36.777310
75610.000000 39.604574
75612.000000 42.431838
75614.000000 43.133259
75616.000000 43.845470
75618.000000 44.557682
75620.000000 45.259102
75622.000000 50.924422
75624.000000 56.578950
75626.000000 59.406214
75628.000000 62.233478
75630.000000 63.647110
75632.000000 65.060742
75634.000000 63.647110
75636.000000 62.233478
75638.000000 59.406214
75640.000000 56.578950
75642.000000 57.992582
75644.000000 59.406214
75646.000000 57.280370
75648.000000 55.154527
75650.000000 53.039474
75652.000000 50.913631
75654.000000 55.154527
75656.000000 59.406214
75658.000000 63.647110
75660.000000 67.888006
75662.000000 70.715270
75664.000000 73.553325
75666.000000 74.966957
75668.000000 76.380590
75670.000000 77.794222
75672.000000 79.207854
75674.000000 74.966957
75676.000000 70.715270
75678.000000 73.542534
75680.000000 76.380590
75682.000000 77.794222
75684.000000 79.207854
75686.000000 83.448750
75688.000000 84.864540
75690.000000 84.864540
75692.000000 84.864540
75694.000000 84.864540
75696.000000 84.864540
75698.000000 84.864540
75700.000000 84.862382
75702.000000 84.864540
75704.000000 84.864540
75706.000000 84.864540
75708.000000 84.864540
75710.000000 84.864540
75712.000000 84.864540
75714.000000 84.864540
75716.000000 84.862382
75718.000000 83.448750
75720.000000 82.035118
75722.000000 83.448750
75724.000000 84.862382
75726.000000 84.864540
75728.000000 84.864540
75730.000000 84.864540
75732.000000 84.864540
75734.000000 84.864540
75736.000000 84.864540
75738.000000 84.862382
75740.000000 82.035118
75742.000000 82.509925
75744.000000 82.973942
75746.000000 83.448750
75748.000000 83.923557
75750.000000 84.387574
75752.000000 84.862382
75754.000000 84.864540
75756.000000 84.864540
75758.000000 84.864540
75760.000000 84.862382
75762.000000 84.864540
75764.000000 84.864540
75766.000000 84.864540
75768.000000 84.864540
75770.000000 84.864540
75772.000000 84.864540
75774.000000 84.864540
75776.000000 84.864540
75778.000000 84.864540
75780.000000 84.864540
75782.000000 84.864540
75784.000000 84.864540
75786.000000 84.864540
75788.000000 84.864540
75790.000000 84.864540
75792.000000 84.864540
75794.000000 84.864540
75796.000000 84.864540
75798.000000 84.864540
75800.000000 84.864540
75802.000000 84.864540
75804.000000 84.864540
75806.000000 84.864540
75808.000000 84.864540
75810.000000 84.864540
75812.000000 84.864540
75814.000000 84.864540
75816.000000 84.864540
75818.000000 84.864540
75820.000000 84.864540
75822.000000 84.864540
75824.000000 84.864540
75826.000000 84.864540
75828.000000 84.864540
75830.000000 84.864540
75832.000000 84.864540
75834.000000 84.864540
75836.000000 84.864540
75838.000000 84.864540
75840.000000 84.864540
75842.000000 84.864540
75844.000000 84.864540
75846.000000 84.864540
75848.000000 84.864540
75850.000000 84.864540
75852.000000 84.864540
75854.000000 84.864540
75856.000000 84.864540
75858.000000 84.864540
75860.000000 84.864540
75862.000000 84.864540
75864.000000 84.864540
75866.000000 84.864540
75868.000000 84.864540
75870.000000 84.864540
75872.000000 84.864540
75874.000000 84.864540
75876.000000 84.864540
75878.000000 84.864540
75880.000000 84.864540
75882.000000 84.864540
75884.000000 84.864540
75886.000000 84.864540
75888.000000 84.864540
75890.000000 84.864540
75892.000000 84.864540
75894.000000 84.864540
75896.000000 84.864540
75898.000000 84.864540
75900.000000 84.864540
75902.000000 84.864540
75904.000000 84.864540
75906.000000 84.864540
75908.000000 84.864540
75910.000000 84.864540
75912.000000 84.864540
75914.000000 84.864540
75916.000000 84.864540
75918.000000 84.864540
75920.000000 84.864540
75922.000000 84.864540
75924.000000 84.864540
75926.000000 84.864540
75928.000000 84.864540
75930.000000 84.864540
75932.000000 84.864540
75934.000000 84.864540
75936.000000 84.864540
75938.000000 84.864540
75940.000000 84.864540
75942.000000 84.864540
75944.000000 84.864540
75946.000000 84.864540
75948.000000 84.864540
75950.000000 84.864540
75952.000000 84.864540
75954.000000 84.864540
75956.000000 84.864540
75958.000000 84.864540
75960.000000 84.864540
75962.000000 84.864540
75964.000000 84.864540
75966.000000 84.864540
75968.000000 84.864540
75970.000000 84.862382
75972.000000 82.035118
75974.000000 80.621486
75976.000000 79.207854
75978.000000 73.542534
75980.000000 67.888006
75982.000000 63.647110
75984.000000 59.406214
75986.000000 55.154527
75988.000000 50.913631
75990.000000 49.499999
75992.000000 48.086367
75994.000000 49.499999
75996.000000 50.913631
75998.000000 49.499999
76000.000000 48.086367
76002.000000 49.499999
76004.000000 50.924422
76006.000000 52.338054
76008.000000 53.751686
76010.000000 49.499999
76012.000000 45.259102
76014.000000 52.327263
76016.000000 59.406214
76018.000000 63.647110
76020.000000 67.888006
76022.000000 69.301638
76024.000000 70.715270
76026.000000 73.542534
76028.000000 76.380590
76030.000000 72.139693
76032.000000 67.888006
76034.000000 63.647110
76036.000000 59.406214
76038.000000 62.233478
76040.000000 65.060742
76042.000000 63.647110
76044.000000 62.233478
76046.000000 60.819846
76048.000000 59.406214
76050.000000 56.578950
76052.000000 53.751686
76054.000000 52.327263
76056.000000 50.913631
76058.000000 48.086367
76060.000000 45.259102
76062.000000 43.845470
76064.000000 42.431838
76066.000000 43.845470
76068.000000 45.259102
76070.000000 46.672734
76072.000000 48.086367
76074.000000 49.499999
76076.000000 50.913631
76078.000000 53.751686
76080.000000 56.578950
76082.000000 57.992582
76084.000000 59.406214
76086.000000 57.280370
76088.000000 55.154527
76090.000000 53.039474
76092.000000 50.913631
76094.000000 53.751686
76096.000000 56.578950
76098.000000 60.819846
76100.000000 65.060742
76102.000000 63.647110
76104.000000 62.233478
76106.000000 63.647110
76108.000000 65.060742
76110.000000 67.186586
76112.000000 69.312429
76114.000000 71.427482
76116.000000 73.553325
76118.000000 80.621486
76120.000000 84.864540
76122.000000 83.448750
76124.000000 79.207854
76126.000000 78.506433
76128.000000 77.794222
76130.000000 77.082010
76132.000000 76.380590
76134.000000 77.794222
76136.000000 79.207854
76138.000000 82.035118
76140.000000 84.862382
76142.000000 84.864540
76144.000000 84.864540
76146.000000 84.864540
76148.000000 84.864540
76150.000000 84.862382
76152.000000 82.035118
76154.000000 77.794222
76156.000000 73.553325
76158.000000 72.139693
76160.000000 70.715270
76162.000000 73.542534
76164.000000 76.380590
76166.000000 73.542534
76168.000000 70.715270
76170.000000 71.427482
76172.000000 72.139693
76174.000000 72.841114
76176.000000 73.553325
76178.000000 70.715270
76180.000000 67.888006
76182.000000 63.647110
76184.000000 59.406214
76186.000000 60.819846
76188.000000 62.233478
76190.000000 60.819846
76192.000000 59.406214
76194.000000 56.578950
76196.000000 53.751686
76198.000000 50.924422
76200.000000 48.086367
76202.000000 50.924422
76204.000000 53.751686
76206.000000 56.578950
76208.000000 59.406214
76210.000000 60.819846
76212.000000 62.233478
76214.000000 57.992582
76216.000000 53.751686
76218.000000 57.992582
76220.000000 62.233478
76222.000000 63.647110
76224.000000 65.060742
76226.000000 66.474374
76228.000000 67.888006
76230.000000 70.715270
76232.000000 73.553325
76234.000000 71.427482
76236.000000 69.312429
76238.000000 67.186586
76240.000000 65.060742
76242.000000 60.819846
76244.000000 56.578950
76246.000000 57.992582
76248.000000 59.406214
76250.000000 57.992582
76252.000000 56.578950
76254.000000 50.924422
76256.000000 45.259102
76258.000000 43.845470
76260.000000 42.431838
76262.000000 39.604574
76264.000000 36.777310
76266.000000 33.950046
76268.000000 31.111991
76270.000000 28.284727
76272.000000 25.457463
76274.000000 22.630199
76276.000000 19.802935
76278.000000 12.723983
76280.000000 5.655823
76282.000000 7.069455
76284.000000 8.483087
76286.000000 14.148406
76288.000000 19.802935
76290.000000 18.389303
76292.000000 16.975671
76294.000000 14.148406
76296.000000 11.310351
76298.000000 12.022563
76300.000000 12.723983
76302.000000 13.436195
76304.000000 14.148406
76306.000000 16.975671
76308.000000 19.802935
76310.000000 15.551247
76312.000000 11.310351
76314.000000 12.723983
76316.000000 14.148406
76318.000000 16.975671
76320.000000 19.802935
76322.000000 22.630199
76324.000000 25.457463
76326.000000 31.111991
76328.000000 36.777310
76330.000000 39.604574
76332.000000 42.431838
76334.000000 39.604574
76336.000000 36.777310
76338.000000 33.237835
76340.000000 29.709150
76342.000000 26.169674
76344.000000 22.630199
76346.000000 18.389303
76348.000000 14.148406
76350.000000 9.896719
76352.000000 5.655823
76354.000000 2.828559
76356.000000 0.001295
76358.000000 4.242191
76360.000000 8.483087
76362.000000 11.321142
76364.000000 14.148406
76366.000000 9.896719
76368.000000 5.655823
76370.000000 7.069455
76372.000000 8.483087
76374.000000 9.896719
76376.000000 11.310351
76378.000000 16.975671
76380.000000 22.630199
76382.000000 25.457463
76384.000000 28.284727
76386.000000 29.698359
76388.000000 31.111991
76390.000000 29.698359
76392.000000 28.284727
76394.000000 30.410570
76396.000000 32.536414
76398.000000 34.651467
76400.000000 36.777310
76402.000000 35.363678
76404.000000 33.950046
76406.000000 36.777310
76408.000000 39.604574
76410.000000 42.431838
76412.000000 45.259102
76414.000000 48.086367
76416.000000 50.913631
76418.000000 46.672734
76420.000000 42.431838
76422.000000 31.111991
76424.000000 19.802935
76426.000000 26.881886
76428.000000 33.950046
76430.000000 41.018206
76432.000000 48.086367
76434.000000 47.611559
76436.000000 47.147542
76438.000000 46.672734
76440.000000 46.197927
76442.000000 45.733910
76444.000000 45.259102
76446.000000 46.672734
76448.000000 48.086367
76450.000000 46.672734
76452.000000 45.259102
76454.000000 42.431838
76456.000000 39.604574
76458.000000 41.018206
76460.000000 42.431838
76462.000000 38.190942
76464.000000 33.950046
76466.000000 31.111991
76468.000000 28.284727
76470.000000 25.457463
76472.000000 22.630199
76474.000000 19.802935
76476.000000 16.975671
76478.000000 15.562038
76480.000000 14.148406
76482.000000 12.723983
76484.000000 11.310351
76486.000000 10.608931
76488.000000 9.896719
76490.000000 9.184508
76492.000000 8.483087
76494.000000 12.723983
76496.000000 16.975671
76498.000000 21.216567
76500.000000 25.457463
76502.000000 28.284727
76504.000000 31.111991
76506.000000 33.950046
76508.000000 36.777310
76510.000000 41.018206
76512.000000 45.259102
76514.000000 48.086367
76516.000000 50.913631
76518.000000 52.327263
76520.000000 53.751686
76522.000000 55.165318
76524.000000 56.578950
76526.000000 57.291161
76528.000000 57.992582
76530.000000 58.694002
76532.000000 59.406214
76534.000000 56.578950
76536.000000 53.751686
76538.000000 57.992582
76540.000000 62.233478
76542.000000 61.521266
76544.000000 60.819846
76546.000000 60.118426
76548.000000 59.406214
76550.000000 55.154527
76552.000000 50.913631
76554.000000 43.845470
76556.000000 36.777310
76558.000000 26.881886
76560.000000 16.975671
76562.000000 14.148406
76564.000000 11.310351
76566.000000 8.483087
76568.000000 5.655823
76570.000000 8.483087
76572.000000 11.310351
76574.000000 8.483087
76576.000000 5.655823
76578.000000 1.414927
76580.000000 -0.318263
76582.000000 -0.636527
76584.000000 0.001295
76586.000000 -0.636527
76588.000000 -0.954790
76590.000000 -1.273053
76592.000000 -1.591317
76594.000000 -1.909580
76596.000000 0.001295
76598.000000 -1.909580
76600.000000 -2.227843
76602.000000 -2.546107
76604.000000 -2.864370
76606.000000 -3.182633
76608.000000 -3.500897
76610.000000 -3.819160
76612.000000 -4.137424
76614.000000 -4.455687
76616.000000 -4.773950
76618.000000 -5.092214
76620.000000 -5.410477
76622.000000 0.001295
76624.000000 2.828559
76626.000000 7.069455
76628.000000 11.310351
76630.000000 9.896719
76632.000000 8.483087
76634.000000 11.321142
76636.000000 14.148406
76638.000000 12.723983
76640.000000 11.310351
76642.000000 8.483087
76644.000000 5.655823
76646.000000 1.414927
76648.000000 -1.591317
76650.000000 -1.909580
76652.000000 0.001295
76654.000000 1.414927
76656.000000 2.828559
76658.000000 0.001295
76660.000000 -0.954790
76662.000000 -1.273053
76664.000000 -1.591317
76666.000000 -1.909580
76668.000000 -2.227843
76670.000000 -2.546107
76672.000000 -2.864370
76674.000000 -3.182633
76676.000000 -3.500897
76678.000000 -3.819160
76680.000000 -4.137424
76682.000000 -4.455687
76684.000000 -4.773950
76686.000000 -5.092214
76688.000000 -5.410477
76690.000000 -5.728740
76692.000000 -6.047004
76694.000000 -6.365267
76696.000000 -6.683530
76698.000000 -7.001794
76700.000000 -7.320057
76702.000000 -7.638320
76704.000000 -7.956584
76706.000000 -8.274847
76708.000000 -8.593110
76710.000000 -8.911374
76712.000000 -9.229637
76714.000000 -9.547900
76716.000000 -9.866164
76718.000000 -10.184427
76720.000000 -10.502690
76722.000000 -10.820954
76724.000000 -11.139217
76726.000000 -11.457481
76728.000000 -11.775744
76730.000000 -12.094007
76732.000000 -12.412271
76734.000000 -12.730534
76736.000000 -13.048797
76738.000000 -13.367061
76740.000000 -13.685324
76742.000000 -14.003587
76744.000000 -14.321851
76746.000000 -14.640114
76748.000000 -14.958377
76750.000000 -15.276641
76752.000000 -15.594904
76754.000000 -15.913167
76756.000000 -16.231431
76758.000000 -16.549694
76760.000000 -16.867957
76762.000000 -17.186221
76764.000000 -17.504484
76766.000000 -17.822748
76768.000000 -18.141011
76770.000000 -18.459274
76772.000000 -18.777538
76774.000000 -19.095801
76776.000000 -19.414064
76778.000000 -19.732328
76780.000000 -20.050591
76782.000000 -20.368854
76784.000000 -20.687118
76786.000000 -21.005381
76788.000000 -21.323644
76790.000000 -21.641908
76792.000000 -21.960171
76794.000000 -22.278434
76796.000000 -22.596698
76798.000000 -22.914961
76800.000000 -23.233224
76802.000000 -23.551488
76804.000000 -23.869751
76806.000000 -24.188014
76808.000000 -24.506278
76810.000000 -24.824541
76812.000000 -25.142805
76814.000000 -25.461068
76816.000000 -25.779331
76818.000000 -26.097595
76820.000000 -26.256726
76822.000000 -26.256726
76824.000000 -26.256726
76826.000000 -26.256726
76828.000000 -26.256726
76830.000000 -26.256726
76832.000000 -26.256726
76834.000000 -26.256726
76836.000000 -26.256726
76838.000000 -26.256726
76840.000000 -26.256726
76842.000000 -26.256726
76844.000000 -26.256726
76846.000000 -26.256726
76848.000000 -26.256726
76850.000000 -26.256726
76852.000000 -26.256726
76854.000000 -26.256726
76856.000000 -26.256726
76858.000000 -26.256726
76860.000000 -26.256726
76862.000000 -26.256726
76864.000000 -26.256726
76866.000000 -26.256726
76868.000000 -26.256726
76870.000000 -26.256726
76872.000000 -26.256726
76874.000000 -26.256726
76876.000000 -26.256726
76878.000000 -26.256726
76880.000000 -26.256726
76882.000000 -26.256726
76884.000000 -26.256726
76886.000000 -26.256726
76888.000000 -26.256726
76890.000000 -26.256726
76892.000000 -26.256726
76894.000000 -26.256726
76896.000000 -0.001068
76898.000000 -1.167393
76900.000000 -2.333718
76902.000000 -3.500042
76904.000000 -4.666367
76906.000000 -24.983673
76908.000000 -25.301936
76910.000000 -25.620200
76912.000000 -25.938463
76914.000000 -26.256726
76916.000000 -26.256726
76918.000000 -26.256726
76920.000000 -26.256726
76922.000000 -26.256726
76924.000000 -26.256726
76926.000000 -3.500042
76928.000000 -9.331665
76930.000000 -12.830639
76932.000000 -16.338516
76934.000000 -14.584577
76936.000000 -12.830639
76938.000000 -11.085603
76940.000000 -9.331665
76942.000000 -5.832691
76944.000000 -2.333718
76946.000000 -1.167393
76948.000000 -0.001068
76950.000000 -22.755829
76952.000000 -23.074093
76954.000000 -23.392356
76956.000000 -23.710619
76958.000000 -24.028883
76960.000000 -24.347146
76962.000000 -24.665410
76964.000000 -24.983673
76966.000000 -25.301936
76968.000000 -25.620200
76970.000000 -25.938463
76972.000000 -26.256726
76974.000000 -26.256726
76976.000000 -26.256726
76978.000000 -26.256726
76980.000000 -26.256726
76982.000000 -26.256726
76984.000000 -26.256726
76986.000000 -26.256726
76988.000000 -26.256726
76990.000000 -26.256726
76992.000000 -26.256726
76994.000000 -26.256726
76996.000000 -26.256726
76998.000000 -26.256726
77000.000000 -26.256726
77002.000000 -26.256726
77004.000000 -26.256726
77006.000000 -26.256726
77008.000000 -26.256726
77010.000000 0.001295
77012.000000 2.828559
77014.000000 5.655823
77016.000000 8.483087
77018.000000 11.321142
77020.000000 14.148406
77022.000000 8.493878
77024.000000 2.828559
77026.000000 4.242191
77028.000000 5.655823
77030.000000 7.069455
77032.000000 8.483087
77034.000000 12.723983
77036.000000 16.975671
77038.000000 9.896719
77040.000000 2.828559
77042.000000 1.414927
77044.000000 0.001295
77046.000000 -20.846249
77048.000000 -21.164513
77050.000000 -21.482776
77052.000000 -21.801039
77054.000000 -22.119303
77056.000000 -22.437566
77058.000000 -22.755829
77060.000000 -23.074093
77062.000000 -23.392356
77064.000000 -23.710619
77066.000000 -24.028883
77068.000000 -24.347146
77070.000000 -24.665410
77072.000000 -24.983673
77074.000000 -25.301936
77076.000000 -25.620200
77078.000000 -25.938463
77080.000000 -26.256726
77082.000000 -26.256726
77084.000000 -26.256726
77086.000000 -26.256726
77088.000000 -26.256726
77090.000000 -26.256726
77092.000000 -26.256726
77094.000000 -26.256726
77096.000000 -26.256726
77098.000000 -26.256726
77100.000000 -26.256726
77102.000000 -26.256726
77104.000000 -26.256726
77106.000000 -26.256726
77108.000000 -26.256726
77110.000000 -26.256726
77112.000000 -26.256726
77114.000000 -26.256726
77116.000000 -26.256726
77118.000000 -26.256726
77120.000000 -26.256726
77122.000000 -26.256726
77124.000000 -26.256726
77126.000000 -26.256726
77128.000000 -26.256726
77130.000000 -26.256726
77132.000000 -26.256726
77134.000000 -26.256726
77136.000000 -26.256726
77138.000000 -26.256726
77140.000000 -26.256726
77142.000000 -26.256726
77144.000000 -26.256726
77146.000000 -26.256726
77148.000000 -26.256726
77150.000000 -26.256726
77152.000000 -26.256726
77154.000000 0.001295
77156.000000 5.655823
77158.000000 2.828559
77160.000000 0.001295
77162.000000 1.414927
77164.000000 2.828559
77166.000000 5.655823
77168.000000 8.483087
77170.000000 12.723983
77172.000000 16.975671
77174.000000 22.630199
77176.000000 28.284727
77178.000000 24.043831
77180.000000 19.802935
77182.000000 14.148406
77184.000000 8.483087
77186.000000 9.896719
77188.000000 11.321142
77190.000000 12.734774
77192.000000 14.148406
77194.000000 16.975671
77196.000000 19.802935
77198.000000 22.630199
77200.000000 25.457463
77202.000000 26.871095
77204.000000 28.284727
77206.000000 25.457463
77208.000000 22.630199
77210.000000 18.389303
77212.000000 14.148406
77214.000000 11.321142
77216.000000 8.483087
77218.000000 7.069455
77220.000000 5.655823
77222.000000 0.001295
77224.000000 -15.435772
77226.000000 -15.754036
77228.000000 -16.072299
77230.000000 -16.390562
77232.000000 -16.708826
77234.000000 -17.027089
77236.000000 0.001295
77238.000000 2.828559
77240.000000 5.655823
77242.000000 7.069455
77244.000000 8.483087
77246.000000 12.723983
77248.000000 16.975671
77250.000000 24.043831
77252.000000 31.111991
77254.000000 29.698359
77256.000000 28.284727
77258.000000 28.996938
77260.000000 29.698359
77262.000000 30.399779
77264.000000 31.111991
77266.000000 29.698359
77268.000000 28.284727
77270.000000 31.111991
77272.000000 33.950046
77274.000000 36.777310
77276.000000 39.604574
77278.000000 43.845470
77280.000000 48.086367
77282.000000 46.672734
77284.000000 45.259102
77286.000000 49.499999
77288.000000 53.751686
77290.000000 52.327263
77292.000000 50.913631
77294.000000 49.499999
77296.000000 48.086367
77298.000000 52.327263
77300.000000 56.578950
77302.000000 57.992582
77304.000000 59.406214
77306.000000 52.327263
77308.000000 45.259102
77310.000000 46.672734
77312.000000 48.086367
77314.000000 49.499999
77316.000000 50.913631
77318.000000 55.154527
77320.000000 59.406214
77322.000000 56.578950
77324.000000 53.751686
77326.000000 50.924422
77328.000000 48.086367
77330.000000 46.672734
77332.000000 45.259102
77334.000000 43.845470
77336.000000 42.431838
77338.000000 39.604574
77340.000000 36.777310
77342.000000 32.536414
77344.000000 28.284727
77346.000000 25.457463
77348.000000 22.630199
77350.000000 21.216567
77352.000000 19.802935
77354.000000 20.515146
77356.000000 21.216567
77358.000000 21.917987
77360.000000 22.630199
77362.000000 21.917987
77364.000000 21.216567
77366.000000 20.515146
77368.000000 19.802935
77370.000000 19.090723
77372.000000 18.389303
77374.000000 17.687882
77376.000000 16.975671
77378.000000 19.090723
77380.000000 21.216567
77382.000000 23.342410
77384.000000 25.457463
77386.000000 28.284727
77388.000000 31.111991
77390.000000 32.061606
77392.000000 33.000431
77394.000000 33.939255
77396.000000 34.888870
77398.000000 35.838486
77400.000000 36.777310
77402.000000 35.363678
77404.000000 33.950046
77406.000000 28.284727
77408.000000 22.630199
77410.000000 16.975671
77412.000000 11.310351
77414.000000 4.242191
77416.000000 -0.318263
77418.000000 -0.636527
77420.000000 -0.954790
77422.000000 -1.273053
77424.000000 -1.591317
77426.000000 -1.909580
77428.000000 -2.227843
77430.000000 -2.546107
77432.000000 -2.864370
77434.000000 -3.182633
77436.000000 -3.500897
77438.000000 -3.819160
77440.000000 -4.137424
77442.000000 -4.455687
77444.000000 -4.773950
77446.000000 -5.092214
77448.000000 -5.410477
77450.000000 -5.728740
77452.000000 -6.047004
77454.000000 -6.365267
77456.000000 -6.683530
77458.000000 -7.001794
77460.000000 -7.320057
77462.000000 -7.638320
77464.000000 -7.956584
77466.000000 -8.274847
77468.000000 -8.593110
77470.000000 -8.911374
77472.000000 -9.229637
77474.000000 -9.547900
77476.000000 0.001295
77478.000000 2.828559
77480.000000 5.655823
77482.000000 8.483087
77484.000000 11.310351
77486.000000 12.022563
77488.000000 12.723983
77490.000000 13.436195
77492.000000 14.148406
77494.000000 14.860618
77496.000000 15.562038
77498.000000 16.263459
77500.000000 16.975671
77502.000000 16.263459
77504.000000 15.562038
77506.000000 14.860618
77508.000000 14.148406
77510.000000 15.562038
77512.000000 16.975671
77514.000000 18.389303
77516.000000 19.802935
77518.000000 25.457463
77520.000000 31.111991
77522.000000 33.939255
77524.000000 36.777310
77526.000000 38.190942
77528.000000 39.604574
77530.000000 38.190942
77532.000000 36.777310
77534.000000 33.950046
77536.000000 31.111991
77538.000000 28.284727
77540.000000 25.457463
77542.000000 26.871095
77544.000000 28.284727
77546.000000 26.871095
77548.000000 25.457463
77550.000000 22.630199
77552.000000 19.802935
77554.000000 21.216567
77556.000000 22.630199
77558.000000 21.216567
77560.000000 19.802935
77562.000000 22.630199
77564.000000 25.457463
77566.000000 21.216567
77568.000000 16.975671
77570.000000 11.321142
77572.000000 5.655823
77574.000000 2.828559
77576.000000 0.001295
77578.000000 -0.318263
77580.000000 -0.636527
77582.000000 -0.954790
77584.000000 -1.273053
77586.000000 -1.591317
77588.000000 -1.909580
77590.000000 -2.227843
77592.000000 -2.546107
77594.000000 -2.864370
77596.000000 0.001295
77598.000000 -2.864370
77600.000000 -3.182633
77602.000000 -3.500897
77604.000000 -3.819160
77606.000000 1.414927
77608.000000 5.655823
77610.000000 7.069455
77612.000000 8.483087
77614.000000 5.655823
77616.000000 2.828559
77618.000000 1.414927
77620.000000 0.001295
77622.000000 -1.591317
77624.000000 -1.909580
77626.000000 -2.227843
77628.000000 -2.546107
77630.000000 -2.864370
77632.000000 -3.182633
77634.000000 -3.500897
77636.000000 -3.819160
77638.000000 -4.137424
77640.000000 -4.455687
77642.000000 -4.773950
77644.000000 -5.092214
77646.000000 -5.410477
77648.000000 -5.728740
77650.000000 -6.047004
77652.000000 -6.365267
77654.000000 -6.683530
77656.000000 -7.001794
77658.000000 -7.320057
77660.000000 -7.638320
77662.000000 -7.956584
77664.000000 -8.274847
77666.000000 -8.593110
77668.000000 -8.911374
77670.000000 -9.229637
77672.000000 -9.547900
77674.000000 -9.866164
77676.000000 -10.184427
77678.000000 -10.502690
77680.000000 -10.820954
77682.000000 -11.139217
77684.000000 -11.457481
77686.000000 -11.775744
77688.000000 -12.094007
77690.000000 -12.412271
77692.000000 -12.730534
77694.000000 -13.048797
77696.000000 -13.367061
77698.000000 -13.685324
77700.000000 0.001295
77702.000000 -13.685324
77704.000000 -14.003587
77706.000000 -14.321851
77708.000000 -14.640114
77710.000000 -14.958377
77712.000000 -15.276641
77714.000000 -15.594904
77716.000000 -15.913167
77718.000000 -16.231431
77720.000000 -16.549694
77722.000000 -16.867957
77724.000000 -17.186221
77726.000000 -17.504484
77728.000000 -17.822748
77730.000000 -18.141011
77732.000000 -18.459274
77734.000000 -18.777538
77736.000000 -19.095801
77738.000000 -19.414064
77740.000000 -19.732328
77742.000000 -20.050591
77744.000000 -20.368854
77746.000000 -20.687118
77748.000000 -21.005381
77750.000000 -21.323644
77752.000000 -21.641908
77754.000000 -21.960171
77756.000000 -22.278434
77758.000000 -22.596698
77760.000000 -22.914961
77762.000000 -23.233224
77764.000000 -23.551488
77766.000000 -23.869751
77768.000000 -24.188014
77770.000000 -24.506278
77772.000000 -24.824541
77774.000000 -25.142805
77776.000000 -25.461068
77778.000000 -25.779331
77780.000000 -26.097595
77782.000000 -26.256726
77784.000000 -26.256726
77786.000000 -26.256726
77788.000000 -26.256726
77790.000000 -26.256726
77792.000000 -26.256726
77794.000000 -26.256726
77796.000000 -26.256726
77798.000000 -26.256726
77800.000000 -26.256726
77802.000000 -26.256726
77804.000000 -26.256726
77806.000000 -26.256726
77808.000000 -26.256726
77810.000000 -26.256726
77812.000000 -26.256726
77814.000000 -26.256726
77816.000000 -26.256726
77818.000000 -26.256726
77820.000000 -26.256726
77822.000000 -26.256726
77824.000000 -26.256726
77826.000000 -26.256726
77828.000000 -26.256726
77830.000000 -26.256726
77832.000000 -26.256726
77834.000000 -26.256726
77836.000000 -26.256726
77838.000000 -26.256726
77840.000000 -26.256726
77842.000000 -26.256726
77844.000000 -26.256726
77846.000000 -26.256726
77848.000000 -26.256726
77850.000000 -26.256726
77852.000000 2.828559
77854.000000 1.414927
77856.000000 0.001295
77858.000000 -25.620200
77860.000000 -25.938463
77862.000000 -26.256726
77864.000000 -26.256726
77866.000000 -26.256726
77868.000000 -26.256726
77870.000000 -26.256726
77872.000000 -26.256726
77874.000000 -26.256726
77876.000000 -26.256726
77878.000000 -26.256726
77880.000000 -26.256726
77882.000000 -26.256726
77884.000000 -26.256726
77886.000000 -26.256726
77888.000000 -26.256726
77890.000000 -26.256726
77892.000000 -26.256726
77894.000000 -26.256726
77896.000000 -26.256726
77898.000000 -26.256726
77900.000000 -26.256726
77902.000000 -26.256726
77904.000000 -26.256726
77906.000000 -26.256726
77908.000000 -26.256726
77910.000000 -26.256726
77912.000000 -26.256726
77914.000000 -26.256726
77916.000000 -26.256726
77918.000000 -26.256726
77920.000000 -26.256726
77922.000000 -26.256726
77924.000000 -26.256726
77926.000000 -26.256726
77928.000000 -26.256726
77930.000000 -26.256726
77932.000000 -26.256726
77934.000000 -26.256726
77936.000000 -26.256726
77938.000000 -26.256726
77940.000000 -26.256726
77942.000000 -26.256726
77944.000000 -26.256726
77946.000000 0.001295
77948.000000 5.655823
77950.000000 4.954403
77952.000000 4.242191
77954.000000 3.529979
77956.000000 2.828559
77958.000000 1.414927
77960.000000 0.001295
77962.000000 -24.028883
77964.000000 -24.347146
77966.000000 -24.665410
77968.000000 -24.983673
77970.000000 -25.301936
77972.000000 -25.620200
77974.000000 -25.938463
77976.000000 -26.256726
77978.000000 -26.256726
77980.000000 -26.256726
77982.000000 -26.256726
77984.000000 -26.256726
77986.000000 -26.256726
77988.000000 -26.256726
77990.000000 -26.256726
77992.000000 -26.256726
77994.000000 -26.256726
77996.000000 -26.256726
77998.000000 -26.256726
78000.000000 -26.256726
78002.000000 -26.256726
78004.000000 -26.256726
78006.000000 -26.256726
78008.000000 -26.256726
78010.000000 -26.256726
78012.000000 -26.256726
78014.000000 -26.256726
78016.000000 -26.256726
78018.000000 -26.256726
78020.000000 -26.256726
78022.000000 -26.256726
78024.000000 -26.256726
78026.000000 -26.256726
78028.000000 -26.256726
78030.000000 -26.256726
78032.000000 -26.256726
78034.000000 -26.256726
78036.000000 -26.256726
78038.000000 -26.256726
78040.000000 -26.256726
78042.000000 -26.256726
78044.000000 -26.256726
78046.000000 -26.256726
78048.000000 -26.256726
78050.000000 -26.256726
78052.000000 -26.256726
78054.000000 -26.256726
78056.000000 -26.256726
78058.000000 -26.256726
78060.000000 0.001295
78062.000000 -26.256726
78064.000000 -26.256726
78066.000000 -26.256726
78068.000000 -26.256726
78070.000000 -26.256726
78072.000000 -26.256726
78074.000000 -26.256726
78076.000000 -26.256726
78078.000000 -26.256726
78080.000000 -26.256726
78082.000000 -26.256726
78084.000000 -26.256726
78086.000000 -26.256726
78088.000000 -26.256726
78090.000000 -26.256726
78092.000000 -26.256726
78094.000000 -26.256726
78096.000000 -26.256726
78098.000000 -26.256726
78100.000000 -26.256726
78102.000000 -26.256726
78104.000000 -26.256726
78106.000000 -26.256726
78108.000000 -26.256726
78110.000000 -26.256726
78112.000000 -26.256726
78114.000000 -26.256726
78116.000000 -26.256726
78118.000000 -26.256726
78120.000000 -26.256726
78122.000000 -26.256726
78124.000000 -26.256726
78126.000000 -26.256726
78128.000000 -26.256726
78130.000000 -26.256726
78132.000000 -26.256726
78134.000000 -26.256726
78136.000000 -26.256726
78138.000000 -26.256726
78140.000000 -26.256726
78142.000000 -26.256726
78144.000000 -26.256726
78146.000000 -26.256726
78148.000000 -26.256726
78150.000000 -26.256726
78152.000000 -26.256726
78154.000000 -26.256726
78156.000000 -26.256726
78158.000000 -26.256726
78160.000000 -26.256726
78162.000000 -26.256726
78164.000000 -26.256726
78166.000000 -26.256726
78168.000000 -26.256726
78170.000000 -26.256726
78172.000000 -26.256726
78174.000000 -26.256726
78176.000000 -26.256726
78178.000000 -26.256726
78180.000000 -26.256726
78182.000000 -26.256726
78184.000000 -26.256726
78186.000000 5.666614
78188.000000 14.148406
78190.000000 16.263459
78192.000000 18.389303
78194.000000 20.515146
78196.000000 22.630199
78198.000000 28.284727
78200.000000 33.950046
78202.000000 36.777310
78204.000000 39.604574
78206.000000 46.672734
78208.000000 53.751686
78210.000000 50.212210
78212.000000 46.672734
78214.000000 43.144050
78216.000000 39.604574
78218.000000 45.259102
78220.000000 50.913631
78222.000000 56.578950
78224.000000 62.233478
78226.000000 61.521266
78228.000000 60.819846
78230.000000 60.118426
78232.000000 59.406214
78234.000000 57.992582
78236.000000 56.578950
78238.000000 57.992582
78240.000000 59.406214
78242.000000 55.154527
78244.000000 50.913631
78246.000000 48.787787
78248.000000 46.672734
78250.000000 44.557682
78252.000000 42.431838
78254.000000 35.363678
78256.000000 28.284727
78258.000000 21.216567
78260.000000 14.148406
78262.000000 9.896719
78264.000000 5.655823
78266.000000 9.896719
78268.000000 14.148406
78270.000000 12.723983
78272.000000 11.310351
78274.000000 8.483087
78276.000000 5.655823
78278.000000 -11.934876
78280.000000 -12.253139
78282.000000 -12.571402
78284.000000 -12.889666
78286.000000 -13.207929
78288.000000 -13.526192
78290.000000 -13.844456
78292.000000 -14.162719
78294.000000 -14.480982
78296.000000 -14.799246
78298.000000 -15.117509
78300.000000 -15.435772
78302.000000 -15.754036
78304.000000 -16.072299
78306.000000 -16.390562
78308.000000 -16.708826
78310.000000 -17.027089
78312.000000 -17.345353
78314.000000 -17.663616
78316.000000 -17.981879
78318.000000 -18.300143
78320.000000 -18.618406
78322.000000 -18.936669
78324.000000 -19.254933
78326.000000 -19.573196
78328.000000 -19.891459
78330.000000 -20.209723
78332.000000 -20.527986
78334.000000 -20.846249
78336.000000 -21.164513
78338.000000 -21.482776
78340.000000 -21.801039
78342.000000 -22.119303
78344.000000 -22.437566
78346.000000 -22.755829
78348.000000 -23.074093
78350.000000 -23.392356
78352.000000 -23.710619
78354.000000 -24.028883
78356.000000 -24.347146
78358.000000 -24.665410
78360.000000 -24.983673
78362.000000 -25.301936
78364.000000 -25.620200
78366.000000 -25.938463
78368.000000 -26.256726
78370.000000 -26.256726
78372.000000 -26.256726
78374.000000 -26.256726
78376.000000 -26.256726
78378.000000 -26.256726
78380.000000 -26.256726
78382.000000 -26.256726
78384.000000 -26.256726
78386.000000 -26.256726
78388.000000 -26.256726
78390.000000 -26.256726
78392.000000 -26.256726
78394.000000 -26.256726
78396.000000 -26.256726
78398.000000 -26.256726
78400.000000 -26.256726
78402.000000 -26.256726
78404.000000 -26.256726
78406.000000 -26.256726
78408.000000 -26.256726
78410.000000 -26.256726
78412.000000 -26.256726
78414.000000 -26.256726
78416.000000 -26.256726
78418.000000 -26.256726
78420.000000 -26.256726
78422.000000 -26.256726
78424.000000 -26.256726
78426.000000 -26.256726
78428.000000 -26.256726
78430.000000 -26.256726
78432.000000 -26.256726
78434.000000 -26.256726
78436.000000 -26.256726
78438.000000 -26.256726
78440.000000 -26.256726
78442.000000 -26.256726
78444.000000 -26.256726
78446.000000 -26.256726
78448.000000 -26.256726
78450.000000 -26.256726
78452.000000 -26.256726
78454.000000 -26.256726
78456.000000 -26.256726
78458.000000 -26.256726
78460.000000 -26.256726
78462.000000 -26.256726
78464.000000 -26.256726
78466.000000 -26.256726
78468.000000 -26.256726
78470.000000 -26.256726
78472.000000 -26.256726
78474.000000 -26.256726
78476.000000 -26.256726
78478.000000 -26.256726
78480.000000 -26.256726
78482.000000 -26.256726
78484.000000 -26.256726
78486.000000 -26.256726
78488.000000 -26.256726
78490.000000 -26.256726
78492.000000 -26.256726
78494.000000 -26.256726
78496.000000 -26.256726
78498.000000 -26.256726
78500.000000 -26.256726
78502.000000 -26.256726
78504.000000 -26.256726
78506.000000 -26.256726
78508.000000 -26.256726
78510.000000 -26.256726
78512.000000 -26.256726
78514.000000 -26.256726
78516.000000 -26.256726
78518.000000 -26.256726
78520.000000 -26.256726
78522.000000 -26.256726
78524.000000 -26.256726
78526.000000 -26.256726
78528.000000 -26.256726
78530.000000 -26.256726
78532.000000 -26.256726
78534.000000 -26.256726
78536.000000 -26.256726
78538.000000 -26.256726
78540.000000 -26.256726
78542.000000 -26.256726
78544.000000 -26.256726
78546.000000 -26.256726
78548.000000 -26.256726
78550.000000 -26.256726
78552.000000 -26.256726
78554.000000 -26.256726
78556.000000 -26.256726
78558.000000 -26.256726
78560.000000 -26.256726
78562.000000 -26.256726
78564.000000 -26.256726
78566.000000 -26.256726
78568.000000 -26.256726
78570.000000 -26.256726
78572.000000 -26.256726
78574.000000 -26.256726
78576.000000 -26.256726
78578.000000 -26.256726
78580.000000 -26.256726
78582.000000 -26.256726
78584.000000 -26.256726
78586.000000 -26.256726
78588.000000 -26.256726
78590.000000 -26.256726
78592.000000 -26.256726
78594.000000 -26.256726
78596.000000 -26.256726
78598.000000 -26.256726
78600.000000 -26.256726
78602.000000 -26.256726
78604.000000 -26.256726
78606.000000 -26.256726
78608.000000 -26.256726
78610.000000 -26.256726
78612.000000 -26.256726
78614.000000 -26.256726
78616.000000 -26.256726
78618.000000 -26.256726
78620.000000 -26.256726
78622.000000 -26.256726
78624.000000 -26.256726
78626.000000 -26.256726
78628.000000 -26.256726
78630.000000 -26.256726
78632.000000 -26.256726
78634.000000 -26.256726
78636.000000 -26.256726
78638.000000 -26.256726
78640.000000 -26.256726
78642.000000 -26.256726
78644.000000 -26.256726
78646.000000 -26.256726
78648.000000 -26.256726
78650.000000 -26.256726
78652.000000 -26.256726
78654.000000 -26.256726
78656.000000 -26.256726
78658.000000 -26.256726
78660.000000 -26.256726
78662.000000 -26.256726
78664.000000 -26.256726
78666.000000 -26.256726
78668.000000 -26.256726
78670.000000 -26.256726
78672.000000 -26.256726
78674.000000 -26.256726
78676.000000 -26.256726
78678.000000 -26.256726
78680.000000 -26.256726
78682.000000 -26.256726
78684.000000 -26.256726
78686.000000 -26.256726
78688.000000 -26.256726
78690.000000 -26.256726
78692.000000 -26.256726
78694.000000 -26.256726
78696.000000 -26.256726
78698.000000 -26.256726
78700.000000 -26.256726
78702.000000 -26.256726
78704.000000 -26.256726
78706.000000 -26.256726
78708.000000 -26.256726
78710.000000 -26.256726
78712.000000 -26.256726
78714.000000 -26.256726
78716.000000 -26.256726
78718.000000 -26.256726
78720.000000 -26.256726
78722.000000 -26.256726
78724.000000 -26.256726
78726.000000 -26.256726
78728.000000 -26.256726
78730.000000 -26.256726
78732.000000 -26.256726
78734.000000 -26.256726
78736.000000 -26.256726
78738.000000 -26.256726
78740.000000 -26.256726
78742.000000 -26.256726
78744.000000 -26.256726
78746.000000 -26.256726
78748.000000 -26.256726
78750.000000 -26.256726
78752.000000 -26.256726
78754.000000 -26.256726
78756.000000 -26.256726
78758.000000 -26.256726
78760.000000 -26.256726
78762.000000 -26.256726
78764.000000 -26.256726
78766.000000 -26.256726
78768.000000 -26.256726
78770.000000 -26.256726
78772.000000 -26.256726
78774.000000 -26.256726
78776.000000 -26.256726
78778.000000 -26.256726
78780.000000 -26.256726
78782.000000 -26.256726
78784.000000 -26.256726
78786.000000 -26.256726
78788.000000 -26.256726
78790.000000 -26.256726
78792.000000 -26.256726
78794.000000 -26.256726
78796.000000 -26.256726
78798.000000 -26.256726
78800.000000 -26.256726
78802.000000 -26.256726
78804.000000 -26.256726
78806.000000 -26.256726
78808.000000 -26.256726
78810.000000 -26.256726
78812.000000 -26.256726
78814.000000 -26.256726
78816.000000 -26.256726
78818.000000 -26.256726
78820.000000 -26.256726
78822.000000 -26.256726
78824.000000 -26.256726
78826.000000 -26.256726
78828.000000 -26.256726
78830.000000 -26.256726
78832.000000 -26.256726
78834.000000 -26.256726
78836.000000 -26.256726
78838.000000 -26.256726
78840.000000 -25.938463
78842.000000 -25.620200
78844.000000 -25.301936
78846.000000 -24.983673
78848.000000 -24.665410
78850.000000 -24.347146
78852.000000 -24.028883
78854.000000 -23.710619
78856.000000 -23.392356
78858.000000 -23.074093
78860.000000 -22.755829
78862.000000 -22.437566
78864.000000 -22.119303
78866.000000 -21.801039
78868.000000 -21.482776
78870.000000 -21.164513
78872.000000 -20.846249
78874.000000 -20.527986
78876.000000 -20.209723
78878.000000 -19.891459
78880.000000 -19.573196
78882.000000 -19.254933
78884.000000 -18.936669
78886.000000 -18.618406
78888.000000 -18.300143
78890.000000 -17.981879
78892.000000 -17.663616
78894.000000 -17.504484
78896.000000 -17.504484
78898.000000 -17.504484
78900.000000 -17.504484
78902.000000 -17.504484
78904.000000 -17.504484
78906.000000 -17.504484
78908.000000 -17.504484
78910.000000 -17.504484
78912.000000 -0.001068
78914.000000 -17.504484
78916.000000 -17.504484
78918.000000 -17.504484
78920.000000 -17.504484
78922.000000 -17.504484
78924.000000 -17.504484
78926.000000 -17.504484
78928.000000 -17.504484
78930.000000 -17.504484
78932.000000 -17.504484
78934.000000 -17.504484
78936.000000 -17.504484
78938.000000 -17.504484
78940.000000 -17.504484
78942.000000 -17.504484
78944.000000 -17.504484
78946.000000 -17.504484
78948.000000 -17.504484
78950.000000 -17.504484
78952.000000 -17.504484
78954.000000 -17.504484
78956.000000 -17.504484
78958.000000 -17.504484
78960.000000 -17.504484
78962.000000 -17.504484
78964.000000 -17.504484
78966.000000 -17.504484
78968.000000 -17.504484
78970.000000 -17.504484
78972.000000 -17.504484
78974.000000 -17.504484
78976.000000 -17.504484
78978.000000 -17.504484
78980.000000 -17.504484
78982.000000 -17.504484
78984.000000 -17.504484
78986.000000 -17.504484
78988.000000 -17.504484
78990.000000 -17.504484
78992.000000 -17.504484
78994.000000 -17.504484
78996.000000 -17.504484
78998.000000 -17.504484
79000.000000 -17.504484
79002.000000 -17.504484
79004.000000 -17.504484
79006.000000 -17.504484
79008.000000 -17.504484
79010.000000 -17.504484
79012.000000 -17.504484
79014.000000 -17.504484
79016.000000 -17.504484
79018.000000 -17.504484
79020.000000 -17.504484
79022.000000 -17.504484
79024.000000 -17.504484
79026.000000 -17.504484
79028.000000 -17.504484
79030.000000 -17.504484
79032.000000 -17.504484
79034.000000 -17.504484
79036.000000 -17.504484
79038.000000 -17.504484
79040.000000 -17.504484
79042.000000 -17.504484
79044.000000 -17.504484
79046.000000 -17.504484
79048.000000 -17.504484
79050.000000 -17.504484
79052.000000 -17.504484
79054.000000 -17.504484
79056.000000 -17.504484
79058.000000 -17.504484
79060.000000 -17.504484
79062.000000 -17.504484
79064.000000 -17.504484
79066.000000 -17.504484
79068.000000 -17.504484
79070.000000 -17.504484
79072.000000 -17.504484
79074.000000 -17.504484
79076.000000 -17.504484
79078.000000 -17.504484
79080.000000 -17.504484
79082.000000 -17.504484
79084.000000 -17.504484
79086.000000 -17.504484
79088.000000 -17.504484
79090.000000 -17.504484
79092.000000 -17.504484
79094.000000 -17.504484
79096.000000 -17.504484
79098.000000 -17.504484
79100.000000 -17.504484
79102.000000 -17.504484
79104.000000 -17.504484
79106.000000 -17.504484
79108.000000 -17.504484
79110.000000 -17.504484
79112.000000 -17.504484
79114.000000 -17.504484
79116.000000 -17.504484
79118.000000 -17.504484
79120.000000 -17.504484
79122.000000 -17.504484
79124.000000 -17.504484
79126.000000 -17.504484
79128.000000 -17.504484
79130.000000 -17.504484
79132.000000 -17.504484
79134.000000 -17.504484
79136.000000 -17.504484
79138.000000 -17.504484
79140.000000 -17.504484
79142.000000 -17.504484
79144.000000 -17.504484
79146.000000 -17.504484
79148.000000 -17.504484
79150.000000 -17.504484
79152.000000 -17.504484
79154.000000 -17.504484
79156.000000 -17.504484
79158.000000 -17.504484
79160.000000 -17.504484
79162.000000 -17.504484
79164.000000 -17.504484
79166.000000 -17.504484
79168.000000 -17.504484
79170.000000 -17.504484
79172.000000 -17.504484
79174.000000 -17.504484
79176.000000 -17.504484
79178.000000 -17.504484
79180.000000 -17.504484
79182.000000 -17.504484
79184.000000 -4.666367
79186.000000 -6.999016
79188.000000 -9.331665
79190.000000 -12.830639
79192.000000 -16.338516
79194.000000 -18.671165
79196.000000 -21.003814
79198.000000 -12.830639
79200.000000 -4.666367
79202.000000 -8.165340
79204.000000 -11.673217
79206.000000 -14.005867
79208.000000 -16.338516
79210.000000 -17.504840
79212.000000 -18.671165
79214.000000 -21.003814
79216.000000 -23.336463
79218.000000 -18.671165
79220.000000 -14.005867
79222.000000 -10.497990
79224.000000 -6.999016
79226.000000 -3.500042
79228.000000 -0.001068
79230.000000 -10.502690
79232.000000 -10.820954
79234.000000 -11.139217
79236.000000 -11.457481
79238.000000 -11.775744
79240.000000 -12.094007
79242.000000 -12.412271
79244.000000 -12.730534
79246.000000 -13.048797
79248.000000 -13.367061
79250.000000 -13.685324
79252.000000 -14.003587
79254.000000 -14.321851
79256.000000 -14.640114
79258.000000 -14.958377
79260.000000 -15.276641
79262.000000 -15.594904
79264.000000 -15.913167
79266.000000 -16.231431
79268.000000 -16.549694
79270.000000 -16.867957
79272.000000 -17.186221
79274.000000 -17.504484
79276.000000 -17.504484
79278.000000 -17.504484
79280.000000 -17.504484
79282.000000 0.001295
79284.000000 5.655823
79286.000000 11.321142
79288.000000 16.975671
79290.000000 22.630199
79292.000000 28.284727
79294.000000 26.871095
79296.000000 25.457463
79298.000000 24.043831
79300.000000 22.630199
79302.000000 18.389303
79304.000000 14.148406
79306.000000 15.562038
79308.000000 16.975671
79310.000000 21.216567
79312.000000 25.457463
79314.000000 29.709150
79316.000000 33.950046
79318.000000 42.431838
79320.000000 50.913631
79322.000000 53.751686
79324.000000 56.578950
79326.000000 53.751686
79328.000000 50.913631
79330.000000 54.453106
79332.000000 57.981791
79334.000000 61.521266
79336.000000 65.060742
79338.000000 69.312429
79340.000000 73.553325
79342.000000 76.380590
79344.000000 79.207854
79346.000000 73.542534
79348.000000 67.888006
79350.000000 69.301638
79352.000000 70.715270
79354.000000 72.139693
79356.000000 73.553325
79358.000000 74.254746
79360.000000 74.966957
79362.000000 75.679169
79364.000000 76.380590
79366.000000 72.139693
79368.000000 67.888006
79370.000000 65.060742
79372.000000 62.233478
79374.000000 66.474374
79376.000000 70.715270
79378.000000 73.542534
79380.000000 76.380590
79382.000000 77.794222
79384.000000 79.207854
79386.000000 83.448750
79388.000000 84.864540
79390.000000 84.862382
79392.000000 82.035118
79394.000000 84.160961
79396.000000 84.864540
79398.000000 84.864540
79400.000000 84.864540
79402.000000 84.864540
79404.000000 84.864540
79406.000000 84.864540
79408.000000 84.864540
79410.000000 84.864540
79412.000000 84.864540
79414.000000 84.864540
79416.000000 84.864540
79418.000000 84.864540
79420.000000 84.864540
79422.000000 84.864540
79424.000000 84.864540
79426.000000 84.864540
79428.000000 84.864540
79430.000000 84.864540
79432.000000 84.864540
79434.000000 84.864540
79436.000000 84.864540
79438.000000 84.864540
79440.000000 84.864540
79442.000000 84.864540
79444.000000 84.864540
79446.000000 84.864540
79448.000000 84.864540
79450.000000 84.864540
79452.000000 84.864540
79454.000000 84.864540
79456.000000 84.864540
79458.000000 83.448750
79460.000000 79.207854
79462.000000 74.966957
79464.000000 67.251999
79466.000000 59.537041
79468.000000 51.822083
79470.000000 44.107125
79472.000000 42.713365
79474.000000 42.713365
79476.000000 42.713365
79478.000000 42.713365
79480.000000 42.713365
79482.000000 42.713365
79484.000000 42.713365
79486.000000 42.713365
79488.000000 42.713365
79490.000000 42.713365
79492.000000 42.713365
79494.000000 42.713365
79496.000000 42.713365
79498.000000 42.713365
79500.000000 42.713365
79502.000000 42.713365
79504.000000 42.713365
79506.000000 42.713365
79508.000000 42.713365
79510.000000 42.713365
79512.000000 42.713365
79514.000000 42.713365
79516.000000 42.713365
79518.000000 42.713365
79520.000000 42.713365
79522.000000 42.713365
79524.000000 42.713365
79526.000000 42.713365
79528.000000 42.713365
79530.000000 42.713365
79532.000000 42.713365
79534.000000 42.713365
79536.000000 42.713365
79538.000000 42.713365
79540.000000 42.713365
79542.000000 42.713365
79544.000000 42.713365
79546.000000 42.713365
79548.000000 42.713365
79550.000000 42.713365
79552.000000 42.713365
79554.000000 42.713365
79556.000000 42.713365
79558.000000 42.713365
79560.000000 42.713365
79562.000000 42.713365
79564.000000 42.713365
79566.000000 42.713365
79568.000000 42.713365
79570.000000 42.713365
79572.000000 42.713365
79574.000000 42.713365
79576.000000 42.713365
79578.000000 42.713365
79580.000000 42.713365
79582.000000 42.713365
79584.000000 42.713365
79586.000000 42.713365
79588.000000 42.713365
79590.000000 42.713365
79592.000000 42.713365
79594.000000 42.713365
79596.000000 42.713365
79598.000000 42.713365
79600.000000 42.713365
79602.000000 42.713365
79604.000000 65.060742
79606.000000 69.312429
79608.000000 73.553325
79610.000000 72.139693
79612.000000 70.715270
79614.000000 73.542534
79616.000000 76.380590
79618.000000 80.621486
79620.000000 84.862382
79622.000000 80.621486
79624.000000 76.380590
79626.000000 70.715270
79628.000000 65.060742
79630.000000 62.233478
79632.000000 59.406214
79634.000000 61.521266
79636.000000 63.647110
79638.000000 65.772954
79640.000000 67.888006
79642.000000 72.139693
79644.000000 76.380590
79646.000000 73.542534
79648.000000 70.715270
79650.000000 66.474374
79652.000000 62.233478
79654.000000 59.406214
79656.000000 56.578950
79658.000000 62.233478
79660.000000 67.888006
79662.000000 65.060742
79664.000000 62.233478
79666.000000 60.819846
79668.000000 59.406214
79670.000000 57.992582
79672.000000 56.578950
79674.000000 57.291161
79676.000000 57.992582
79678.000000 58.694002
79680.000000 59.406214
79682.000000 60.819846
79684.000000 62.233478
79686.000000 61.521266
79688.000000 60.819846
79690.000000 60.118426
79692.000000 59.406214
79694.000000 57.992582
79696.000000 56.578950
79698.000000 55.154527
79700.000000 53.740895
79702.000000 52.327263
79704.000000 50.913631
79706.000000 53.751686
79708.000000 56.578950
79710.000000 65.060742
79712.000000 73.553325
79714.000000 70.715270
79716.000000 67.888006
79718.000000 65.060742
79720.000000 62.233478
79722.000000 60.819846
79724.000000 59.406214
79726.000000 62.233478
79728.000000 65.060742
79730.000000 66.474374
79732.000000 67.888006
79734.000000 70.715270
79736.000000 73.553325
79738.000000 76.380590
79740.000000 79.207854
79742.000000 70.715270
79744.000000 62.233478
79746.000000 59.406214
79748.000000 56.578950
79750.000000 57.992582
79752.000000 59.406214
79754.000000 65.060742
79756.000000 70.715270
79758.000000 72.139693
79760.000000 73.553325
79762.000000 76.380590
79764.000000 79.207854
79766.000000 74.966957
79768.000000 70.715270
79770.000000 65.060742
79772.000000 57.345784
79774.000000 49.630826
79776.000000 41.915868
79778.000000 34.200909
79780.000000 33.211588
79782.000000 33.211588
79784.000000 33.211588
79786.000000 33.211588
79788.000000 33.211588
79790.000000 33.211588
79792.000000 33.211588
79794.000000 33.211588
79796.000000 33.211588
79798.000000 33.211588
79800.000000 33.211588
79802.000000 33.211588
79804.000000 33.211588
79806.000000 33.211588
79808.000000 33.211588
79810.000000 33.211588
79812.000000 33.211588
79814.000000 33.211588
79816.000000 33.211588
79818.000000 33.211588
79820.000000 33.211588
79822.000000 33.211588
79824.000000 33.211588
79826.000000 33.211588
79828.000000 33.211588
79830.000000 33.211588
79832.000000 33.211588
79834.000000 33.211588
79836.000000 33.211588
79838.000000 33.211588
79840.000000 33.211588
79842.000000 33.211588
79844.000000 33.211588
79846.000000 33.211588
79848.000000 33.211588
79850.000000 33.211588
79852.000000 33.211588
79854.000000 33.211588
79856.000000 33.211588
79858.000000 33.211588
79860.000000 33.211588
79862.000000 33.211588
79864.000000 33.211588
79866.000000 33.211588
79868.000000 33.211588
79870.000000 33.211588
79872.000000 33.211588
79874.000000 33.211588
79876.000000 33.211588
79878.000000 33.211588
79880.000000 33.211588
79882.000000 33.211588
79884.000000 33.211588
79886.000000 33.211588
79888.000000 33.211588
79890.000000 33.211588
79892.000000 33.211588
79894.000000 33.211588
79896.000000 33.211588
79898.000000 33.211588
79900.000000 33.211588
79902.000000 33.211588
79904.000000 33.211588
79906.000000 33.211588
79908.000000 33.211588
79910.000000 33.211588
79912.000000 19.802935
79914.000000 14.148406
79916.000000 8.483087
79918.000000 7.781667
79920.000000 7.069455
79922.000000 6.357244
79924.000000 5.655823
79926.000000 8.483087
79928.000000 11.310351
79930.000000 12.723983
79932.000000 14.148406
79934.000000 18.389303
79936.000000 22.630199
79938.000000 21.216567
79940.000000 19.802935
79942.000000 19.090723
79944.000000 18.389303
79946.000000 17.687882
79948.000000 16.975671
79950.000000 14.849827
79952.000000 12.723983
79954.000000 10.608931
79956.000000 8.483087
79958.000000 4.242191
79960.000000 0.001295
79962.000000 -0.318263
79964.000000 -0.636527
79966.000000 -0.954790
79968.000000 -1.273053
79970.000000 -1.591317
79972.000000 -1.909580
79974.000000 -2.227843
79976.000000 -2.546107
79978.000000 -2.864370
79980.000000 -3.182633
79982.000000 -3.500897
79984.000000 -3.819160
79986.000000 -4.137424
79988.000000 -4.455687
79990.000000 -4.773950
79992.000000 -5.092214
79994.000000 -5.410477
79996.000000 -5.728740
79998.000000 -6.047004
80000.000000 -6.365267
80002.000000 -6.683530
80004.000000 -7.001794
80006.000000 -7.320057
80008.000000 -7.638320
80010.000000 -7.956584
80012.000000 -8.274847
80014.000000 -8.593110
80016.000000 -8.911374
80018.000000 -9.229637
80020.000000 -9.547900
80022.000000 -9.866164
80024.000000 -10.184427
80026.000000 -10.502690
80028.000000 -10.820954
80030.000000 -11.139217
80032.000000 -11.457481
80034.000000 -11.775744
80036.000000 -2.333718
80038.000000 -0.001068
80040.000000 -11.457481
80042.000000 -0.001068
80044.000000 -2.333718
80046.000000 -7.007919
80048.000000 -11.673217
80050.000000 -16.338516
80052.000000 -21.003814
80054.000000 -16.338516
80056.000000 -11.673217
80058.000000 -7.007919
80060.000000 -2.333718
80062.000000 -0.001068
80064.000000 -8.274847
80066.000000 -8.593110
80068.000000 -8.911374
80070.000000 -9.229637
80072.000000 -0.001068
80074.000000 -9.229637
80076.000000 -9.547900
80078.000000 -9.866164
80080.000000 -10.184427
80082.000000 -10.502690
80084.000000 -10.820954
80086.000000 -11.139217
80088.000000 -11.457481
80090.000000 -11.775744
80092.000000 -12.094007
80094.000000 -12.412271
80096.000000 -12.730534
80098.000000 -13.048797
80100.000000 -13.367061
80102.000000 -13.685324
80104.000000 -14.003587
80106.000000 -14.321851
80108.000000 -14.640114
80110.000000 -14.958377
80112.000000 -15.276641
80114.000000 -15.594904
80116.000000 -15.913167
80118.000000 -16.231431
80120.000000 -16.549694
80122.000000 -16.867957
80124.000000 -17.186221
80126.000000 -17.504484
80128.000000 -17.822748
80130.000000 -18.141011
80132.000000 -18.459274
80134.000000 -18.777538
80136.000000 -19.095801
80138.000000 -19.414064
80140.000000 -19.732328
80142.000000 -20.050591
80144.000000 -20.368854
80146.000000 -20.687118
80148.000000 -21.005381
80150.000000 -21.323644
80152.000000 -21.641908
80154.000000 -21.960171
80156.000000 -22.278434
80158.000000 -22.596698
80160.000000 -22.914961
80162.000000 -23.233224
80164.000000 -23.551488
80166.000000 -23.869751
80168.000000 -24.188014
80170.000000 -24.506278
80172.000000 -24.824541
80174.000000 -25.142805
80176.000000 -25.461068
80178.000000 -25.779331
80180.000000 -26.097595
80182.000000 -26.256726
80184.000000 -26.256726
80186.000000 -26.256726
80188.000000 -26.256726
80190.000000 -26.256726
80192.000000 -26.256726
80194.000000 -26.256726
80196.000000 -26.256726
80198.000000 -26.256726
80200.000000 -26.256726
80202.000000 -26.256726
80204.000000 -26.256726
80206.000000 -26.256726
80208.000000 -26.256726
80210.000000 -26.256726
80212.000000 -26.256726
80214.000000 -26.256726
80216.000000 -26.256726
80218.000000 -26.256726
80220.000000 -26.256726
80222.000000 -26.256726
80224.000000 -26.256726
80226.000000 -26.256726
80228.000000 -26.256726
80230.000000 -26.256726
80232.000000 -26.256726
80234.000000 -26.256726
80236.000000 -26.256726
80238.000000 -26.256726
80240.000000 -26.256726
80242.000000 -26.256726
80244.000000 -26.256726
80246.000000 -26.256726
80248.000000 -26.256726
80250.000000 -26.256726
80252.000000 -26.256726
80254.000000 -26.256726
80256.000000 -26.256726
80258.000000 -26.256726
80260.000000 -26.256726
80262.000000 -26.256726
80264.000000 -26.256726
80266.000000 -26.256726
80268.000000 -26.256726
80270.000000 -26.256726
80272.000000 -26.256726
80274.000000 -26.256726
80276.000000 -26.256726
80278.000000 -26.256726
80280.000000 -26.256726
80282.000000 -26.256726
80284.000000 -26.256726
80286.000000 -26.256726
80288.000000 -26.256726
80290.000000 -26.256726
80292.000000 -26.256726
80294.000000 -26.256726
80296.000000 -26.256726
80298.000000 -26.256726
80300.000000 -26.256726
80302.000000 -26.256726
80304.000000 -26.256726
80306.000000 -26.256726
80308.000000 -26.256726
80310.000000 -26.256726
80312.000000 -26.256726
80314.000000 -26.256726
80316.000000 -26.256726
80318.000000 -26.256726
80320.000000 -26.256726
80322.000000 -26.256726
80324.000000 -26.256726
80326.000000 -26.256726
80328.000000 -26.256726
80330.000000 -26.256726
80332.000000 -26.256726
80334.000000 -26.256726
80336.000000 -26.256726
80338.000000 -26.256726
80340.000000 -26.256726
80342.000000 -26.256726
80344.000000 -26.256726
80346.000000 -26.256726
80348.000000 -26.256726
80350.000000 -26.256726
80352.000000 -26.256726
80354.000000 -26.256726
80356.000000 -26.256726
80358.000000 -26.256726
80360.000000 -26.256726
80362.000000 -26.256726
80364.000000 -26.256726
80366.000000 -26.256726
80368.000000 -26.256726
80370.000000 -26.256726
80372.000000 -26.256726
80374.000000 -26.256726
80376.000000 -26.256726
80378.000000 -26.256726
80380.000000 -26.256726
80382.000000 -26.256726
80384.000000 -26.256726
80386.000000 -26.256726
80388.000000 -26.256726
80390.000000 -26.256726
80392.000000 -26.256726
80394.000000 -26.256726
80396.000000 -26.256726
80398.000000 -26.256726
80400.000000 -26.256726
80402.000000 -26.256726
80404.000000 0.001295
80406.000000 -26.256726
80408.000000 -26.256726
80410.000000 -26.256726
80412.000000 -26.256726
80414.000000 -26.256726
80416.000000 -26.256726
80418.000000 -26.256726
80420.000000 -26.256726
80422.000000 -26.256726
80424.000000 -26.256726
80426.000000 -26.256726
80428.000000 -26.256726
80430.000000 -26.256726
80432.000000 -26.256726
80434.000000 -26.256726
80436.000000 -26.256726
80438.000000 -26.256726
80440.000000 0.001295
80442.000000 -26.256726
80444.000000 -26.256726
80446.000000 -26.256726
80448.000000 -26.256726
80450.000000 -26.256726
80452.000000 -26.256726
80454.000000 -26.256726
80456.000000 -26.256726
80458.000000 -26.256726
80460.000000 -26.256726
80462.000000 -26.256726
80464.000000 -26.256726
80466.000000 -26.256726
80468.000000 -26.256726
80470.000000 -26.256726
80472.000000 -26.256726
80474.000000 -26.256726
80476.000000 -26.256726
80478.000000 -26.256726
80480.000000 -26.256726
80482.000000 -26.256726
80484.000000 -26.256726
80486.000000 -26.256726
80488.000000 -26.256726
80490.000000 -26.256726
80492.000000 -26.256726
80494.000000 -26.256726
80496.000000 -26.256726
80498.000000 -26.256726
80500.000000 -26.256726
80502.000000 -26.256726
80504.000000 -26.256726
80506.000000 -26.256726
80508.000000 -26.256726
80510.000000 0.001295
80512.000000 5.655823
80514.000000 9.896719
80516.000000 14.148406
80518.000000 22.630199
80520.000000 31.111991
80522.000000 24.043831
80524.000000 16.975671
80526.000000 11.321142
80528.000000 5.655823
80530.000000 8.483087
80532.000000 11.310351
80534.000000 14.148406
80536.000000 16.975671
80538.000000 19.802935
80540.000000 22.630199
80542.000000 26.871095
80544.000000 31.111991
80546.000000 29.698359
80548.000000 28.284727
80550.000000 19.802935
80552.000000 11.310351
80554.000000 7.069455
80556.000000 2.828559
80558.000000 1.414927
80560.000000 0.001295
80562.000000 -18.300143
80564.000000 -18.618406
80566.000000 -18.936669
80568.000000 0.001295
80570.000000 4.242191
80572.000000 8.483087
80574.000000 11.321142
80576.000000 14.148406
80578.000000 18.389303
80580.000000 22.630199
80582.000000 19.802935
80584.000000 16.975671
80586.000000 11.321142
80588.000000 5.655823
80590.000000 4.954403
80592.000000 4.242191
80594.000000 3.529979
80596.000000 2.828559
80598.000000 -14.480982
80600.000000 -14.799246
80602.000000 -15.117509
80604.000000 -15.435772
80606.000000 -15.754036
80608.000000 -16.072299
80610.000000 -16.390562
80612.000000 -16.708826
80614.000000 -17.027089
80616.000000 -17.345353
80618.000000 4.242191
80620.000000 11.310351
80622.000000 12.022563
80624.000000 12.723983
80626.000000 13.436195
80628.000000 14.148406
80630.000000 19.802935
80632.000000 25.457463
80634.000000 21.216567
80636.000000 16.975671
80638.000000 14.148406
80640.000000 11.310351
80642.000000 5.655823
80644.000000 0.001295
80646.000000 -13.207929
80648.000000 -13.526192
80650.000000 -13.844456
80652.000000 -14.162719
80654.000000 -14.480982
80656.000000 -14.799246
80658.000000 -15.117509
80660.000000 -15.435772
80662.000000 -15.754036
80664.000000 -16.072299
80666.000000 -16.390562
80668.000000 -16.708826
80670.000000 -17.027089
80672.000000 -17.345353
80674.000000 -17.663616
80676.000000 -17.981879
80678.000000 -18.300143
80680.000000 -18.618406
80682.000000 -18.936669
80684.000000 -19.254933
80686.000000 -19.573196
80688.000000 -19.891459
80690.000000 -20.209723
80692.000000 -20.527986
80694.000000 -20.846249
80696.000000 -21.164513
80698.000000 -21.482776
80700.000000 -21.801039
80702.000000 -22.119303
80704.000000 -22.437566
80706.000000 -22.755829
80708.000000 -23.074093
80710.000000 -23.392356
80712.000000 -23.710619
80714.000000 -24.028883
80716.000000 -24.347146
80718.000000 -24.665410
80720.000000 -24.983673
80722.000000 -25.301936
80724.000000 -25.620200
80726.000000 -25.938463
80728.000000 -26.256726
80730.000000 -26.256726
80732.000000 -26.256726
80734.000000 -26.256726
80736.000000 -26.256726
80738.000000 -26.256726
80740.000000 -26.256726
80742.000000 -26.256726
80744.000000 -26.256726
80746.000000 -26.256726
80748.000000 -26.256726
80750.000000 -26.256726
80752.000000 -26.256726
80754.000000 -26.256726
80756.000000 -26.256726
80758.000000 -26.256726
80760.000000 -26.256726
80762.000000 -26.256726
80764.000000 -26.256726
80766.000000 -26.256726
80768.000000 -26.256726
80770.000000 -26.256726
80772.000000 -26.256726
80774.000000 -26.256726
80776.000000 -26.256726
80778.000000 -26.256726
80780.000000 -26.256726
80782.000000 -26.256726
80784.000000 -26.256726
80786.000000 -26.256726
80788.000000 -26.256726
80790.000000 -26.256726
80792.000000 -26.256726
80794.000000 -26.256726
80796.000000 -26.256726
80798.000000 -26.256726
80800.000000 -26.256726
80802.000000 -26.256726
80804.000000 -26.256726
80806.000000 -26.256726
80808.000000 -26.256726
80810.000000 -26.256726
80812.000000 -26.256726
80814.000000 -26.256726
80816.000000 -26.256726
80818.000000 -26.256726
80820.000000 -26.256726
80822.000000 -26.256726
80824.000000 -26.256726
80826.000000 -26.256726
80828.000000 -26.256726
80830.000000 -26.256726
80832.000000 -26.256726
80834.000000 -26.256726
80836.000000 -26.256726
80838.000000 -26.256726
80840.000000 -26.256726
80842.000000 -26.256726
80844.000000 -26.256726
80846.000000 -26.256726
80848.000000 -26.256726
80850.000000 -26.256726
80852.000000 -26.256726
80854.000000 -26.256726
80856.000000 -26.256726
80858.000000 -26.256726
80860.000000 -26.256726
80862.000000 -26.256726
80864.000000 -26.256726
80866.000000 -26.256726
80868.000000 -26.256726
80870.000000 -26.256726
80872.000000 -26.256726
80874.000000 -26.256726
80876.000000 -26.256726
80878.000000 -26.256726
80880.000000 -26.256726
80882.000000 -26.256726
80884.000000 -26.256726
80886.000000 -26.256726
80888.000000 -26.256726
80890.000000 -26.256726
80892.000000 -26.256726
80894.000000 -26.256726
80896.000000 5.655823
80898.000000 9.896719
80900.000000 14.148406
80902.000000 16.975671
80904.000000 19.802935
80906.000000 22.630199
80908.000000 25.457463
80910.000000 32.536414
80912.000000 39.604574
80914.000000 42.431838
80916.000000 45.259102
80918.000000 44.557682
80920.000000 43.845470
80922.000000 43.133259
80924.000000 42.431838
80926.000000 39.604574
80928.000000 36.777310
80930.000000 33.939255
80932.000000 31.111991
80934.000000 28.284727
80936.000000 25.457463
80938.000000 24.043831
80940.000000 22.630199
80942.000000 16.975671
80944.000000 11.310351
80946.000000 7.069455
80948.000000 2.828559
80950.000000 -17.981879
80952.000000 -18.300143
80954.000000 -18.618406
80956.000000 -18.936669
80958.000000 -19.254933
80960.000000 -19.573196
80962.000000 -19.891459
80964.000000 -20.209723
80966.000000 -20.527986
80968.000000 -20.846249
80970.000000 -21.164513
80972.000000 -21.482776
80974.000000 -21.801039
80976.000000 -22.119303
80978.000000 -22.437566
80980.000000 -22.755829
80982.000000 -23.074093
80984.000000 -23.392356
80986.000000 -23.710619
80988.000000 -24.028883
80990.000000 -24.347146
80992.000000 -24.665410
80994.000000 -24.983673
80996.000000 -25.301936
80998.000000 -25.620200
81000.000000 -25.938463
81002.000000 -26.256726
81004.000000 -26.256726
81006.000000 -26.256726
81008.000000 -26.256726
81010.000000 0.001295
81012.000000 2.828559
81014.000000 7.069455
81016.000000 11.310351
81018.000000 16.975671
81020.000000 22.630199
81022.000000 26.871095
81024.000000 31.111991
81026.000000 29.698359
81028.000000 28.284727
81030.000000 26.871095
81032.000000 25.457463
81034.000000 28.284727
81036.000000 31.111991
81038.000000 28.284727
81040.000000 25.457463
81042.000000 26.871095
81044.000000 28.284727
81046.000000 29.698359
81048.000000 31.111991
81050.000000 29.698359
81052.000000 28.284727
81054.000000 22.630199
81056.000000 16.975671
81058.000000 11.321142
81060.000000 5.655823
81062.000000 2.828559
81064.000000 0.001295
81066.000000 -17.663616
81068.000000 -17.981879
81070.000000 -18.300143
81072.000000 -18.618406
81074.000000 -18.936669
81076.000000 -19.254933
81078.000000 -19.573196
81080.000000 -19.891459
81082.000000 -20.209723
81084.000000 -20.527986
81086.000000 -20.846249
81088.000000 -21.164513
81090.000000 -21.482776
81092.000000 -21.801039
81094.000000 -22.119303
81096.000000 0.001295
81098.000000 4.242191
81100.000000 8.483087
81102.000000 7.069455
81104.000000 5.655823
81106.000000 7.069455
81108.000000 8.483087
81110.000000 11.321142
81112.000000 14.148406
81114.000000 12.723983
81116.000000 11.310351
81118.000000 12.723983
81120.000000 14.137615
81122.000000 15.551247
81124.000000 16.975671
81126.000000 18.389303
81128.000000 19.802935
81130.000000 16.975671
81132.000000 14.148406
81134.000000 8.493878
81136.000000 2.828559
81138.000000 1.414927
81140.000000 0.001295
81142.000000 -15.117509
81144.000000 -15.435772
81146.000000 -15.754036
81148.000000 -16.072299
81150.000000 -16.390562
81152.000000 0.001295
81154.000000 -16.390562
81156.000000 -16.708826
81158.000000 -17.027089
81160.000000 -17.345353
81162.000000 -17.663616
81164.000000 -17.981879
81166.000000 -18.300143
81168.000000 -18.618406
81170.000000 -18.936669
81172.000000 -19.254933
81174.000000 -19.573196
81176.000000 -19.891459
81178.000000 -20.209723
81180.000000 -20.527986
81182.000000 -20.846249
81184.000000 -21.164513
81186.000000 -21.482776
81188.000000 -21.801039
81190.000000 -22.119303
81192.000000 -22.437566
81194.000000 -22.755829
81196.000000 -23.074093
81198.000000 -23.392356
81200.000000 -23.710619
81202.000000 -24.028883
81204.000000 -24.347146
81206.000000 -24.665410
81208.000000 -24.983673
81210.000000 -25.301936
81212.000000 -25.620200
81214.000000 -25.938463
81216.000000 -26.256726
81218.000000 -26.256726
81220.000000 -26.256726
81222.000000 -26.256726
81224.000000 -26.256726
81226.000000 -26.256726
81228.000000 -26.256726
81230.000000 -26.256726
81232.000000 -26.256726
81234.000000 -26.256726
81236.000000 -26.256726
81238.000000 -26.256726
81240.000000 -26.256726
81242.000000 -26.256726
81244.000000 -26.256726
81246.000000 -26.256726
81248.000000 -26.256726
81250.000000 -26.256726
81252.000000 -26.256726
81254.000000 -26.256726
81256.000000 0.001295
81258.000000 1.414927
81260.000000 2.828559
81262.000000 1.414927
81264.000000 0.001295
81266.000000 0.702715
81268.000000 1.414927
81270.000000 2.127139
81272.000000 2.828559
81274.000000 7.069455
81276.000000 11.310351
81278.000000 12.723983
81280.000000 14.148406
81282.000000 11.321142
81284.000000 8.483087
81286.000000 2.828559
81288.000000 -21.482776
81290.000000 -21.801039
81292.000000 -22.119303
81294.000000 -22.437566
81296.000000 -22.755829
81298.000000 -23.074093
81300.000000 -23.392356
81302.000000 -23.710619
81304.000000 -24.028883
81306.000000 -24.347146
81308.000000 -24.665410
81310.000000 -24.983673
81312.000000 -25.301936
81314.000000 -25.620200
81316.000000 -25.938463
81318.000000 -26.256726
81320.000000 -26.256726
81322.000000 -26.256726
81324.000000 -26.256726
81326.000000 -26.256726
81328.000000 -26.256726
81330.000000 -26.256726
81332.000000 -26.256726
81334.000000 -26.256726
81336.000000 -26.256726
81338.000000 -26.256726
81340.000000 -26.256726
81342.000000 -26.256726
81344.000000 -26.256726
81346.000000 -26.256726
81348.000000 -26.256726
81350.000000 -26.256726
81352.000000 -26.256726
81354.000000 -26.256726
81356.000000 0.001295
81358.000000 1.414927
81360.000000 2.828559
81362.000000 4.242191
81364.000000 5.655823
81366.000000 7.069455
81368.000000 8.483087
81370.000000 7.069455
81372.000000 5.655823
81374.000000 4.242191
81376.000000 2.828559
81378.000000 5.655823
81380.000000 8.483087
81382.000000 4.242191
81384.000000 0.001295
81386.000000 1.414927
81388.000000 2.828559
81390.000000 4.242191
81392.000000 5.655823
81394.000000 4.242191
81396.000000 2.828559
81398.000000 1.414927
81400.000000 0.001295
81402.000000 -19.254933
81404.000000 -19.573196
81406.000000 -19.891459
81408.000000 -20.209723
81410.000000 -20.527986
81412.000000 -20.846249
81414.000000 -21.164513
81416.000000 -21.482776
81418.000000 -21.801039
81420.000000 -22.119303
81422.000000 -22.437566
81424.000000 -22.755829
81426.000000 -23.074093
81428.000000 -23.392356
81430.000000 -23.710619
81432.000000 -24.028883
81434.000000 -24.347146
81436.000000 -24.665410
81438.000000 -24.983673
81440.000000 -25.301936
81442.000000 -25.620200
81444.000000 -25.938463
81446.000000 -25.620200
81448.000000 -0.001068
81450.000000 -24.983673
81452.000000 -24.665410
81454.000000 -24.347146
81456.000000 -0.001068
81458.000000 -23.710619
81460.000000 -23.392356
81462.000000 -23.074093
81464.000000 -22.755829
81466.000000 -22.437566
81468.000000 -22.119303
81470.000000 -21.801039
81472.000000 -21.482776
81474.000000 -21.164513
81476.000000 -20.846249
81478.000000 -20.527986
81480.000000 -20.209723
81482.000000 -19.891459
81484.000000 -19.573196
81486.000000 -19.254933
81488.000000 -18.936669
81490.000000 -18.618406
81492.000000 -18.300143
81494.000000 -17.981879
81496.000000 -17.663616
81498.000000 -17.504484
81500.000000 -17.504484
81502.000000 -17.504484
81504.000000 -17.504484
81506.000000 -17.504484
81508.000000 -17.504484
81510.000000 -17.504484
81512.000000 -17.504484
81514.000000 -17.504484
81516.000000 -17.504484
81518.000000 -17.504484
81520.000000 -17.504484
81522.000000 -17.504484
81524.000000 -17.504484
81526.000000 -17.504484
81528.000000 -17.504484
81530.000000 -17.504484
81532.000000 -17.504484
81534.000000 -17.504484
81536.000000 -17.504484
81538.000000 -17.504484
81540.000000 -17.504484
81542.000000 -17.504484
81544.000000 -17.504484
81546.000000 -17.504484
81548.000000 -17.504484
81550.000000 -17.504484
81552.000000 -17.504484
81554.000000 5.666614
81556.000000 14.148406
81558.000000 9.896719
81560.000000 5.655823
81562.000000 3.529979
81564.000000 1.414927
81566.000000 -15.913167
81568.000000 -16.231431
81570.000000 -16.549694
81572.000000 -16.867957
81574.000000 -17.186221
81576.000000 -17.504484
81578.000000 -17.504484
81580.000000 -17.504484
81582.000000 -17.504484
81584.000000 -17.504484
81586.000000 -17.504484
81588.000000 -17.504484
81590.000000 -17.504484
81592.000000 -17.504484
81594.000000 -17.504484
81596.000000 -17.504484
81598.000000 -17.504484
81600.000000 -17.504484
81602.000000 -17.504484
81604.000000 -17.504484
81606.000000 -17.504484
81608.000000 -17.504484
81610.000000 -17.504484
81612.000000 -17.504484
81614.000000 -17.504484
81616.000000 -17.504484
81618.000000 -17.504484
81620.000000 -17.504484
81622.000000 -17.504484
81624.000000 -17.504484
81626.000000 -17.504484
81628.000000 -17.504484
81630.000000 -17.504484
81632.000000 -17.504484
81634.000000 -17.504484
81636.000000 -17.504484
81638.000000 -17.504484
81640.000000 -17.504484
81642.000000 -17.504484
81644.000000 -17.504484
81646.000000 -17.504484
81648.000000 -17.504484
81650.000000 -17.504484
81652.000000 -17.504484
81654.000000 -17.504484
81656.000000 -17.504484
81658.000000 -17.504484
81660.000000 -17.504484
81662.000000 -17.504484
81664.000000 -17.504484
81666.000000 -17.504484
81668.000000 -17.504484
81670.000000 -17.504484
81672.000000 -17.504484
81674.000000 -17.504484
81676.000000 -17.504484
81678.000000 -17.504484
81680.000000 -17.504484
81682.000000 -17.504484
81684.000000 -17.504484
81686.000000 -17.504484
81688.000000 -17.504484
81690.000000 -17.504484
81692.000000 -17.504484
81694.000000 -17.504484
81696.000000 -17.504484
81698.000000 -17.504484
81700.000000 -17.504484
81702.000000 -17.504484
81704.000000 -17.504484
81706.000000 -17.504484
81708.000000 -17.504484
81710.000000 -17.504484
81712.000000 -17.504484
81714.000000 -17.504484
81716.000000 -17.504484
81718.000000 -17.504484
81720.000000 -17.504484
81722.000000 -17.504484
81724.000000 -17.504484
81726.000000 -17.504484
81728.000000 -17.504484
81730.000000 -17.504484
81732.000000 -17.504484
81734.000000 -17.504484
81736.000000 -0.001068
81738.000000 -1.167393
81740.000000 -2.333718
81742.000000 -5.832691
81744.000000 -9.331665
81746.000000 -12.830639
81748.000000 -16.338516
81750.000000 -15.172191
81752.000000 -14.005867
81754.000000 -11.673217
81756.000000 -9.331665
81758.000000 -3.500042
81760.000000 -14.003587
81762.000000 -14.321851
81764.000000 -14.640114
81766.000000 -14.958377
81768.000000 -15.276641
81770.000000 -15.594904
81772.000000 -15.913167
81774.000000 -16.231431
81776.000000 -16.549694
81778.000000 -16.867957
81780.000000 -17.186221
81782.000000 -17.504484
81784.000000 -17.504484
81786.000000 -17.504484
81788.000000 -17.504484
81790.000000 -17.504484
81792.000000 -17.504484
81794.000000 -17.504484
81796.000000 -17.504484
81798.000000 -17.504484
81800.000000 -17.504484
81802.000000 -17.504484
81804.000000 -17.504484
81806.000000 -17.504484
81808.000000 -17.504484
81810.000000 -17.504484
81812.000000 -17.504484
81814.000000 -17.504484
81816.000000 -17.504484
81818.000000 -17.504484
81820.000000 -17.504484
81822.000000 -17.504484
81824.000000 -17.504484
81826.000000 -17.504484
81828.000000 -17.504484
81830.000000 -17.504484
81832.000000 -17.504484
81834.000000 -17.504484
81836.000000 -17.504484
81838.000000 -17.504484
81840.000000 -17.504484
81842.000000 -17.504484
81844.000000 -17.504484
81846.000000 -17.504484
81848.000000 -17.504484
81850.000000 -17.504484
81852.000000 -17.504484
81854.000000 -17.504484
81856.000000 -17.504484
81858.000000 -17.504484
81860.000000 -17.504484
81862.000000 -17.504484
81864.000000 -17.504484
81866.000000 -17.504484
81868.000000 -17.504484
81870.000000 -17.504484
81872.000000 -17.504484
81874.000000 -17.504484
81876.000000 -17.504484
81878.000000 -17.504484
81880.000000 -17.504484
81882.000000 -17.504484
81884.000000 -17.504484
81886.000000 -17.504484
81888.000000 -17.504484
81890.000000 -17.504484
81892.000000 -17.504484
81894.000000 -17.504484
81896.000000 -17.504484
81898.000000 -17.504484
81900.000000 -17.504484
81902.000000 -17.504484
81904.000000 -17.504484
81906.000000 -17.504484
81908.000000 -17.504484
81910.000000 -17.504484
81912.000000 -17.504484
81914.000000 -17.504484
81916.000000 -17.504484
81918.000000 -17.504484
81920.000000 -17.504484
81922.000000 -17.504484
81924.000000 -17.504484
81926.000000 -17.504484
81928.000000 -17.504484
81930.000000 -17.504484
81932.000000 -17.504484
81934.000000 -17.504484
81936.000000 -17.504484
81938.000000 -17.504484
81940.000000 -17.504484
81942.000000 -17.504484
81944.000000 -17.504484
81946.000000 -17.504484
81948.000000 -0.001068
81950.000000 -1.167393
81952.000000 -2.333718
81954.000000 -0.001068
81956.000000 -16.549694
81958.000000 -16.867957
81960.000000 -17.186221
81962.000000 -17.504484
81964.000000 -17.504484
81966.000000 -17.504484
81968.000000 -17.504484
81970.000000 -17.504484
81972.000000 -17.504484
81974.000000 -17.504484
81976.000000 -17.504484
81978.000000 -17.504484
81980.000000 -17.504484
81982.000000 -17.504484
81984.000000 -17.504484
81986.000000 -17.504484
81988.000000 -17.504484
81990.000000 -17.504484
81992.000000 -17.504484
81994.000000 -17.504484
81996.000000 -17.504484
81998.000000 -17.504484
82000.000000 -17.504484
82002.000000 -17.504484
82004.000000 -17.504484
82006.000000 -17.504484
82008.000000 -17.504484
82010.000000 -17.504484
82012.000000 -17.504484
82014.000000 -17.504484
82016.000000 -17.504484
82018.000000 -17.504484
82020.000000 -17.504484
82022.000000 -17.504484
82024.000000 -17.504484
82026.000000 -17.504484
82028.000000 -17.504484
82030.000000 -17.504484
82032.000000 -0.001068
82034.000000 -17.504484
82036.000000 -17.504484
82038.000000 -17.504484
82040.000000 -17.504484
82042.000000 -17.504484
82044.000000 -17.504484
82046.000000 -17.504484
82048.000000 -17.504484
82050.000000 -17.504484
82052.000000 -17.504484
82054.000000 -17.504484
82056.000000 -17.504484
82058.000000 -17.504484
82060.000000 -17.504484
82062.000000 -17.504484
82064.000000 -17.504484
82066.000000 -17.504484
82068.000000 -17.504484
82070.000000 -17.504484
82072.000000 -17.504484
82074.000000 -17.504484
82076.000000 -17.504484
82078.000000 -17.504484
82080.000000 -17.504484
82082.000000 -17.504484
82084.000000 -17.504484
82086.000000 -17.504484
82088.000000 -17.504484
82090.000000 -17.504484
82092.000000 -17.504484
82094.000000 -17.504484
82096.000000 -17.504484
82098.000000 -17.504484
82100.000000 -17.504484
82102.000000 -17.504484
82104.000000 -17.504484
82106.000000 -17.504484
82108.000000 -17.504484
82110.000000 -17.504484
82112.000000 -17.504484
82114.000000 -17.504484
82116.000000 -17.504484
82118.000000 -17.504484
82120.000000 -0.001068
82122.000000 -3.500042
82124.000000 -6.999016
82126.000000 -8.165340
82128.000000 -9.331665
82130.000000 -10.497990
82132.000000 -11.673217
82134.000000 -10.889732
82136.000000 -10.115150
82138.000000 -9.340568
82140.000000 -8.557083
82142.000000 -7.773598
82144.000000 -6.999016
82146.000000 -9.340568
82148.000000 -11.673217
82150.000000 -15.172191
82152.000000 -18.671165
82154.000000 -16.338516
82156.000000 -14.005867
82158.000000 -17.504840
82160.000000 -21.003814
82162.000000 -23.336463
82164.000000 -25.669112
82166.000000 -28.001762
82168.000000 -30.343314
82170.000000 -31.509638
82172.000000 -32.675963
82174.000000 -32.675963
82176.000000 -32.675963
82178.000000 -32.097252
82180.000000 -31.509638
82182.000000 -30.922025
82184.000000 -30.343314
82186.000000 -26.844340
82188.000000 -23.336463
82190.000000 -22.170139
82192.000000 -21.003814
82194.000000 -18.671165
82196.000000 -16.338516
82198.000000 -12.830639
82200.000000 -9.331665
82202.000000 -9.919279
82204.000000 -10.497990
82206.000000 -11.085603
82208.000000 -11.673217
82210.000000 -10.497990
82212.000000 -9.331665
82214.000000 -8.165340
82216.000000 -6.999016
82218.000000 -9.340568
82220.000000 -11.673217
82222.000000 -8.165340
82224.000000 -4.666367
82226.000000 -6.999016
82228.000000 -9.331665
82230.000000 -11.673217
82232.000000 -14.005867
82234.000000 -12.839542
82236.000000 -11.673217
82238.000000 -14.005867
82240.000000 -16.338516
82242.000000 -19.837489
82244.000000 -23.336463
82246.000000 -22.170139
82248.000000 -21.003814
82250.000000 -19.837489
82252.000000 -18.671165
82254.000000 -11.673217
82256.000000 -4.666367
82258.000000 -0.318263
82260.000000 -0.636527
82262.000000 -0.954790
82264.000000 -1.273053
82266.000000 -1.591317
82268.000000 -1.909580
82270.000000 -2.227843
82272.000000 -2.546107
82274.000000 -2.864370
82276.000000 -3.182633
82278.000000 -3.500897
82280.000000 -3.819160
82282.000000 -4.137424
82284.000000 -4.455687
82286.000000 -4.773950
82288.000000 -5.092214
82290.000000 -5.410477
82292.000000 -5.728740
82294.000000 -6.047004
82296.000000 -6.365267
82298.000000 -6.683530
82300.000000 -7.001794
82302.000000 -7.320057
82304.000000 -7.638320
82306.000000 -7.956584
82308.000000 0.001295
82310.000000 -7.956584
82312.000000 -8.274847
82314.000000 -8.593110
82316.000000 -8.911374
82318.000000 -9.229637
82320.000000 -9.547900
82322.000000 -9.866164
82324.000000 -10.184427
82326.000000 -10.502690
82328.000000 -10.820954
82330.000000 -11.139217
82332.000000 -11.457481
82334.000000 -11.775744
82336.000000 -12.094007
82338.000000 -12.412271
82340.000000 -12.730534
82342.000000 -13.048797
82344.000000 -13.367061
82346.000000 -13.685324
82348.000000 -14.003587
82350.000000 -14.321851
82352.000000 -14.640114
82354.000000 -14.958377
82356.000000 -15.276641
82358.000000 -15.594904
82360.000000 -15.913167
82362.000000 -16.231431
82364.000000 -16.549694
82366.000000 -16.867957
82368.000000 -17.186221
82370.000000 -17.504484
82372.000000 -17.504484
82374.000000 -17.504484
82376.000000 -17.504484
82378.000000 -17.504484
82380.000000 -17.504484
82382.000000 -17.504484
82384.000000 -17.504484
82386.000000 -17.504484
82388.000000 -17.504484
82390.000000 -17.504484
82392.000000 -17.504484
82394.000000 -17.504484
82396.000000 -17.504484
82398.000000 -17.504484
82400.000000 0.001295
82402.000000 5.655823
82404.000000 11.310351
82406.000000 12.723983
82408.000000 14.148406
82410.000000 11.321142
82412.000000 8.483087
82414.000000 9.184508
82416.000000 9.896719
82418.000000 10.608931
82420.000000 11.310351
82422.000000 12.723983
82424.000000 14.148406
82426.000000 18.389303
82428.000000 22.630199
82430.000000 21.917987
82432.000000 21.216567
82434.000000 20.515146
82436.000000 19.802935
82438.000000 15.551247
82440.000000 11.310351
82442.000000 12.723983
82444.000000 14.148406
82446.000000 16.975671
82448.000000 19.802935
82450.000000 18.389303
82452.000000 16.975671
82454.000000 11.321142
82456.000000 5.655823
82458.000000 0.001295
82460.000000 -8.274847
82462.000000 -8.593110
82464.000000 -8.911374
82466.000000 -9.229637
82468.000000 -9.547900
82470.000000 -9.866164
82472.000000 -10.184427
82474.000000 -10.502690
82476.000000 -10.820954
82478.000000 -11.139217
82480.000000 -11.457481
82482.000000 -11.775744
82484.000000 -12.094007
82486.000000 -12.412271
82488.000000 -12.730534
82490.000000 -13.048797
82492.000000 -13.367061
82494.000000 -13.685324
82496.000000 -14.003587
82498.000000 -14.321851
82500.000000 -14.640114
82502.000000 -14.958377
82504.000000 -15.276641
82506.000000 -15.594904
82508.000000 -15.913167
82510.000000 -16.231431
82512.000000 -16.549694
82514.000000 -16.867957
82516.000000 -17.186221
82518.000000 -17.504484
82520.000000 -17.504484
82522.000000 -17.504484
82524.000000 -17.504484
82526.000000 -17.504484
82528.000000 -17.504484
82530.000000 -17.504484
82532.000000 -17.504484
82534.000000 -17.504484
82536.000000 -17.504484
82538.000000 -17.504484
82540.000000 -17.504484
82542.000000 -17.504484
82544.000000 -17.504484
82546.000000 -17.504484
82548.000000 -17.504484
82550.000000 -17.504484
82552.000000 -17.504484
82554.000000 -17.504484
82556.000000 -17.504484
82558.000000 -17.504484
82560.000000 -17.504484
82562.000000 -17.504484
82564.000000 -17.504484
82566.000000 -17.504484
82568.000000 -17.504484
82570.000000 -17.504484
82572.000000 -17.504484
82574.000000 -17.504484
82576.000000 -17.504484
82578.000000 -17.504484
82580.000000 -17.504484
82582.000000 -17.504484
82584.000000 -17.504484
82586.000000 -17.504484
82588.000000 -17.504484
82590.000000 -17.504484
82592.000000 -17.504484
82594.000000 -17.504484
82596.000000 -17.504484
82598.000000 -17.504484
82600.000000 -17.504484
82602.000000 -17.504484
82604.000000 -17.504484
82606.000000 -17.504484
82608.000000 -17.504484
82610.000000 -17.504484
82612.000000 -17.504484
82614.000000 -17.504484
82616.000000 -17.504484
82618.000000 -17.504484
82620.000000 -17.504484
82622.000000 -17.504484
82624.000000 -17.504484
82626.000000 -17.504484
82628.000000 -17.504484
82630.000000 -17.504484
82632.000000 -17.504484
82634.000000 -17.504484
82636.000000 -17.504484
82638.000000 -17.504484
82640.000000 -17.504484
82642.000000 -17.504484
82644.000000 -17.504484
82646.000000 -17.504484
82648.000000 0.001295
82650.000000 -17.504484
82652.000000 -17.504484
82654.000000 -17.504484
82656.000000 -17.504484
82658.000000 -17.504484
82660.000000 -17.504484
82662.000000 -17.504484
82664.000000 -17.504484
82666.000000 -17.504484
82668.000000 -17.504484
82670.000000 -17.504484
82672.000000 -17.504484
82674.000000 -17.504484
82676.000000 -17.504484
82678.000000 -17.504484
82680.000000 -17.504484
82682.000000 -17.504484
82684.000000 -17.504484
82686.000000 -17.504484
82688.000000 -17.504484
82690.000000 -17.504484
82692.000000 -17.504484
82694.000000 -17.504484
82696.000000 -17.504484
82698.000000 -17.504484
82700.000000 -17.504484
82702.000000 -17.504484
82704.000000 -17.504484
82706.000000 -17.504484
82708.000000 -17.504484
82710.000000 -17.504484
82712.000000 -17.504484
82714.000000 -17.504484
82716.000000 -17.504484
82718.000000 -17.504484
82720.000000 -17.504484
82722.000000 -17.504484
82724.000000 -17.504484
82726.000000 -17.504484
82728.000000 -17.504484
82730.000000 -17.504484
82732.000000 -17.504484
82734.000000 -17.504484
82736.000000 -17.504484
82738.000000 -17.504484
82740.000000 -17.504484
82742.000000 -17.504484
82744.000000 -17.504484
82746.000000 -17.504484
82748.000000 -17.504484
82750.000000 -17.504484
82752.000000 2.828559
82754.000000 9.896719
82756.000000 16.975671
82758.000000 15.562038
82760.000000 14.148406
82762.000000 9.896719
82764.000000 5.655823
82766.000000 7.069455
82768.000000 8.483087
82770.000000 2.828559
82772.000000 -14.640114
82774.000000 0.001295
82776.000000 2.828559
82778.000000 5.655823
82780.000000 8.483087
82782.000000 15.551247
82784.000000 22.630199
82786.000000 18.389303
82788.000000 14.148406
82790.000000 12.723983
82792.000000 11.310351
82794.000000 15.551247
82796.000000 19.802935
82798.000000 21.216567
82800.000000 22.630199
82802.000000 16.975671
82804.000000 11.310351
82806.000000 9.896719
82808.000000 8.483087
82810.000000 7.069455
82812.000000 5.655823
82814.000000 8.483087
82816.000000 11.310351
82818.000000 12.022563
82820.000000 12.723983
82822.000000 13.436195
82824.000000 14.148406
82826.000000 9.896719
82828.000000 5.655823
82830.000000 0.001295
82832.000000 -5.728740
82834.000000 -6.047004
82836.000000 -6.365267
82838.000000 -6.683530
82840.000000 0.001295
82842.000000 -6.683530
82844.000000 -7.001794
82846.000000 -7.320057
82848.000000 -7.638320
82850.000000 -7.956584
82852.000000 -8.274847
82854.000000 -8.593110
82856.000000 -8.911374
82858.000000 -9.229637
82860.000000 0.001295
82862.000000 -9.229637
82864.000000 -9.547900
82866.000000 0.001295
82868.000000 2.828559
82870.000000 1.889735
82872.000000 0.940119
82874.000000 0.001295
82876.000000 -8.274847
82878.000000 -8.593110
82880.000000 -8.911374
82882.000000 5.666614
82884.000000 14.148406
82886.000000 21.216567
82888.000000 28.284727
82890.000000 32.536414
82892.000000 36.777310
82894.000000 39.604574
82896.000000 42.431838
82898.000000 43.845470
82900.000000 45.259102
82902.000000 46.197927
82904.000000 47.147542
82906.000000 48.086367
82908.000000 49.025191
82910.000000 49.974806
82912.000000 50.913631
82914.000000 49.499999
82916.000000 48.086367
82918.000000 49.499999
82920.000000 50.913631
82922.000000 46.672734
82924.000000 42.431838
82926.000000 36.766519
82928.000000 31.111991
82930.000000 36.766519
82932.000000 42.431838
82934.000000 48.097158
82936.000000 53.751686
82938.000000 52.338054
82940.000000 50.924422
82942.000000 49.499999
82944.000000 48.086367
82946.000000 46.672734
82948.000000 45.259102
82950.000000 41.018206
82952.000000 36.777310
82954.000000 45.269894
82956.000000 53.751686
82958.000000 56.578950
82960.000000 59.406214
82962.000000 52.327263
82964.000000 45.259102
82966.000000 48.086367
82968.000000 50.913631
82970.000000 52.327263
82972.000000 53.751686
82974.000000 50.924422
82976.000000 48.086367
82978.000000 49.499999
82980.000000 50.913631
82982.000000 48.787787
82984.000000 46.672734
82986.000000 44.557682
82988.000000 42.431838
82990.000000 41.730418
82992.000000 41.018206
82994.000000 40.305995
82996.000000 39.604574
82998.000000 38.903154
83000.000000 38.190942
83002.000000 37.478731
83004.000000 36.777310
83006.000000 41.018206
83008.000000 45.259102
83010.000000 48.086367
83012.000000 50.913631
83014.000000 48.086367
83016.000000 45.259102
83018.000000 46.672734
83020.000000 48.086367
83022.000000 49.499999
83024.000000 50.913631
83026.000000 52.327263
83028.000000 53.751686
83030.000000 56.578950
83032.000000 59.406214
83034.000000 60.819846
83036.000000 62.233478
83038.000000 63.647110
83040.000000 65.060742
83042.000000 69.312429
83044.000000 73.553325
83046.000000 69.312429
83048.000000 65.060742
83050.000000 63.647110
83052.000000 62.233478
83054.000000 66.474374
83056.000000 70.715270
83058.000000 80.621486
83060.000000 84.864540
83062.000000 84.864540
83064.000000 84.864540
83066.000000 84.864540
83068.000000 84.864540
83070.000000 84.864540
83072.000000 84.864540
83074.000000 84.864540
83076.000000 84.864540
83078.000000 84.864540
83080.000000 84.864540
83082.000000 84.864540
83084.000000 84.864540
83086.000000 84.864540
83088.000000 84.864540
83090.000000 84.864540
83092.000000 84.864540
83094.000000 84.864540
83096.000000 84.864540
83098.000000 84.864540
83100.000000 84.864540
83102.000000 84.864540
83104.000000 84.864540
83106.000000 84.864540
83108.000000 84.864540
83110.000000 84.864540
83112.000000 84.864540
83114.000000 84.864540
83116.000000 84.864540
83118.000000 84.864540
83120.000000 84.864540
83122.000000 84.864540
83124.000000 84.864540
83126.000000 84.864540
83128.000000 84.864540
83130.000000 84.864540
83132.000000 84.864540
83134.000000 84.864540
83136.000000 84.864540
83138.000000 84.864540
83140.000000 84.864540
83142.000000 84.864540
83144.000000 84.864540
83146.000000 84.864540
83148.000000 84.864540
83150.000000 84.864540
83152.000000 84.864540
83154.000000 84.864540
83156.000000 84.864540
83158.000000 84.864540
83160.000000 84.862382
83162.000000 82.035118
83164.000000 79.207854
83166.000000 81.333697
83168.000000 83.448750
83170.000000 84.864540
83172.000000 84.864540
83174.000000 84.864540
83176.000000 84.864540
83178.000000 84.864540
83180.000000 84.864540
83182.000000 84.864540
83184.000000 84.864540
83186.000000 84.864540
83188.000000 84.864540
83190.000000 84.864540
83192.000000 84.864540
83194.000000 84.864540
83196.000000 84.864540
83198.000000 84.864540
83200.000000 84.864540
83202.000000 84.864540
83204.000000 84.864540
83206.000000 84.864540
83208.000000 84.864540
83210.000000 83.448750
83212.000000 79.207854
83214.000000 84.864540
83216.000000 84.864540
83218.000000 84.864540
83220.000000 84.864540
83222.000000 84.864540
83224.000000 84.864540
83226.000000 84.864540
83228.000000 84.864540
83230.000000 84.864540
83232.000000 84.862382
83234.000000 84.864540
83236.000000 84.864540
83238.000000 84.864540
83240.000000 84.864540
83242.000000 84.864540
83244.000000 84.864540
83246.000000 84.864540
83248.000000 84.862382
83250.000000 83.448750
83252.000000 82.035118
83254.000000 84.864540
83256.000000 84.864540
83258.000000 84.864540
83260.000000 84.864540
83262.000000 84.864540
83264.000000 84.864540
83266.000000 84.864540
83268.000000 84.864540
83270.000000 84.864540
83272.000000 84.864540
83274.000000 84.864540
83276.000000 84.864540
83278.000000 84.864540
83280.000000 84.864540
83282.000000 84.864540
83284.000000 84.864540
83286.000000 84.864540
83288.000000 84.864540
83290.000000 84.864540
83292.000000 84.864540
83294.000000 84.864540
83296.000000 76.380590
83298.000000 72.139693
83300.000000 67.888006
83302.000000 70.715270
83304.000000 73.553325
83306.000000 72.139693
83308.000000 70.715270
83310.000000 77.794222
83312.000000 84.862382
83314.000000 82.035118
83316.000000 79.207854
83318.000000 76.380590
83320.000000 73.553325
83322.000000 66.485165
83324.000000 59.406214
83326.000000 57.992582
83328.000000 56.578950
83330.000000 53.751686
83332.000000 50.913631
83334.000000 48.086367
83336.000000 45.259102
83338.000000 52.327263
83340.000000 59.406214
83342.000000 63.647110
83344.000000 67.888006
83346.000000 67.888006
83348.000000 67.888006
83350.000000 67.888006
83352.000000 67.888006
83354.000000 65.060742
83356.000000 62.233478
83358.000000 66.474374
83360.000000 70.715270
83362.000000 69.301638
83364.000000 67.888006
83366.000000 65.772954
83368.000000 63.647110
83370.000000 61.521266
83372.000000 59.406214
83374.000000 52.327263
83376.000000 45.259102
83378.000000 45.960523
83380.000000 46.672734
83382.000000 47.384946
83384.000000 48.086367
83386.000000 45.259102
83388.000000 42.431838
83390.000000 43.845470
83392.000000 45.259102
83394.000000 48.086367
83396.000000 50.924422
83398.000000 53.751686
83400.000000 56.578950
83402.000000 57.291161
83404.000000 57.992582
83406.000000 58.694002
83408.000000 59.406214
83410.000000 63.647110
83412.000000 67.888006
83414.000000 66.474374
83416.000000 65.060742
83418.000000 63.172302
83420.000000 61.294654
83422.000000 59.406214
83424.000000 57.517774
83426.000000 55.640126
83428.000000 53.751686
83430.000000 57.992582
83432.000000 62.233478
83434.000000 66.474374
83436.000000 70.715270
83438.000000 72.128902
83440.000000 73.542534
83442.000000 74.966957
83444.000000 76.380590
83446.000000 77.794222
83448.000000 79.207854
83450.000000 77.794222
83452.000000 76.380590
83454.000000 72.139693
83456.000000 67.888006
83458.000000 70.715270
83460.000000 73.553325
83462.000000 71.427482
83464.000000 69.312429
83466.000000 67.186586
83468.000000 65.060742
83470.000000 59.406214
83472.000000 53.751686
83474.000000 50.924422
83476.000000 48.086367
83478.000000 49.499999
83480.000000 50.913631
83482.000000 55.154527
83484.000000 59.406214
83486.000000 60.819846
83488.000000 62.233478
83490.000000 60.819846
83492.000000 59.406214
83494.000000 56.578950
83496.000000 53.751686
83498.000000 55.165318
83500.000000 56.578950
83502.000000 57.053758
83504.000000 57.517774
83506.000000 57.992582
83508.000000 58.467390
83510.000000 58.931406
83512.000000 59.406214
83514.000000 57.280370
83516.000000 55.154527
83518.000000 53.039474
83520.000000 50.913631
83522.000000 49.499999
83524.000000 48.086367
83526.000000 42.431838
83528.000000 36.777310
83530.000000 39.604574
83532.000000 42.431838
83534.000000 43.845470
83536.000000 45.259102
83538.000000 46.672734
83540.000000 48.086367
83542.000000 46.672734
83544.000000 45.259102
83546.000000 39.604574
83548.000000 33.950046
83550.000000 36.777310
83552.000000 39.604574
83554.000000 42.431838
83556.000000 45.259102
83558.000000 49.499999
83560.000000 53.751686
83562.000000 52.327263
83564.000000 50.913631
83566.000000 43.845470
83568.000000 36.777310
83570.000000 35.363678
83572.000000 33.950046
83574.000000 31.111991
83576.000000 28.284727
83578.000000 29.698359
83580.000000 31.111991
83582.000000 30.399779
83584.000000 29.698359
83586.000000 28.996938
83588.000000 28.284727
83590.000000 29.698359
83592.000000 31.111991
83594.000000 35.363678
83596.000000 39.604574
83598.000000 38.190942
83600.000000 36.777310
83602.000000 42.431838
83604.000000 48.086367
83606.000000 46.672734
83608.000000 45.259102
83610.000000 43.133259
83612.000000 41.018206
83614.000000 38.903154
83616.000000 36.777310
83618.000000 32.536414
83620.000000 28.284727
83622.000000 29.698359
83624.000000 31.111991
83626.000000 28.284727
83628.000000 25.457463
83630.000000 21.216567
83632.000000 16.975671
83634.000000 14.849827
83636.000000 12.723983
83638.000000 10.608931
83640.000000 8.483087
83642.000000 9.896719
83644.000000 11.310351
83646.000000 9.896719
83648.000000 8.483087
83650.000000 7.069455
83652.000000 5.655823
83654.000000 4.242191
83656.000000 2.828559
83658.000000 0.001295
83660.000000 -0.318263
83662.000000 -0.636527
83664.000000 0.001295
83666.000000 2.828559
83668.000000 5.655823
83670.000000 7.069455
83672.000000 8.483087
83674.000000 9.896719
83676.000000 11.310351
83678.000000 16.975671
83680.000000 22.630199
83682.000000 24.043831
83684.000000 25.457463
83686.000000 22.630199
83688.000000 19.802935
83690.000000 21.216567
83692.000000 22.630199
83694.000000 24.043831
83696.000000 25.457463
83698.000000 26.871095
83700.000000 28.284727
83702.000000 32.536414
83704.000000 36.777310
83706.000000 29.709150
83708.000000 22.630199
83710.000000 21.216567
83712.000000 19.802935
83714.000000 28.284727
83716.000000 36.777310
83718.000000 39.604574
83720.000000 42.431838
83722.000000 40.305995
83724.000000 38.190942
83726.000000 36.075890
83728.000000 33.950046
83730.000000 35.363678
83732.000000 36.777310
83734.000000 39.604574
83736.000000 42.431838
83738.000000 45.259102
83740.000000 48.086367
83742.000000 45.259102
83744.000000 42.431838
83746.000000 36.766519
83748.000000 31.111991
83750.000000 35.363678
83752.000000 39.604574
83754.000000 41.730418
83756.000000 43.845470
83758.000000 45.960523
83760.000000 48.086367
83762.000000 45.259102
83764.000000 42.431838
83766.000000 38.190942
83768.000000 33.950046
83770.000000 36.777310
83772.000000 39.604574
83774.000000 41.018206
83776.000000 42.431838
83778.000000 35.363678
83780.000000 28.284727
83782.000000 27.809919
83784.000000 27.345903
83786.000000 26.871095
83788.000000 26.396287
83790.000000 25.932270
83792.000000 25.457463
83794.000000 22.630199
83796.000000 19.802935
83798.000000 19.090723
83800.000000 18.389303
83802.000000 17.687882
83804.000000 16.975671
83806.000000 18.389303
83808.000000 19.802935
83810.000000 21.216567
83812.000000 22.630199
83814.000000 25.457463
83816.000000 28.284727
83818.000000 30.410570
83820.000000 32.536414
83822.000000 34.651467
83824.000000 36.777310
83826.000000 33.939255
83828.000000 31.111991
83830.000000 25.457463
83832.000000 19.802935
83834.000000 15.551247
83836.000000 11.310351
83838.000000 9.896719
83840.000000 8.483087
83842.000000 9.896719
83844.000000 11.310351
83846.000000 12.249176
83848.000000 13.198791
83850.000000 14.148406
83852.000000 15.087231
83854.000000 16.026055
83856.000000 16.975671
83858.000000 22.630199
83860.000000 28.284727
83862.000000 22.630199
83864.000000 16.975671
83866.000000 12.723983
83868.000000 8.483087
83870.000000 4.242191
83872.000000 0.001295
83874.000000 4.242191
83876.000000 8.483087
83878.000000 7.069455
83880.000000 5.655823
83882.000000 7.069455
83884.000000 8.483087
83886.000000 5.655823
83888.000000 2.828559
83890.000000 0.001295
83892.000000 -0.318263
83894.000000 -0.636527
83896.000000 -0.954790
83898.000000 -1.273053
83900.000000 -1.591317
83902.000000 -1.909580
83904.000000 -2.227843
83906.000000 -2.546107
83908.000000 -2.864370
83910.000000 -3.182633
83912.000000 -3.500897
83914.000000 -3.819160
83916.000000 -4.137424
83918.000000 -4.455687
83920.000000 -4.773950
83922.000000 -5.092214
83924.000000 -5.410477
83926.000000 -5.728740
83928.000000 -6.047004
83930.000000 -6.365267
83932.000000 -6.683530
83934.000000 -7.001794
83936.000000 -7.320057
83938.000000 -7.638320
83940.000000 -7.956584
83942.000000 -8.274847
83944.000000 -8.593110
83946.000000 -8.911374
83948.000000 -9.229637
83950.000000 -9.547900
83952.000000 -9.866164
83954.000000 -10.184427
83956.000000 2.828559
83958.000000 0.001295
83960.000000 -9.866164
83962.000000 -10.184427
83964.000000 -10.502690
83966.000000 -10.820954
83968.000000 -11.139217
83970.000000 2.828559
83972.000000 8.483087
83974.000000 5.655823
83976.000000 2.828559
83978.000000 0.001295
83980.000000 -9.866164
83982.000000 -10.184427
83984.000000 -10.502690
83986.000000 -10.820954
83988.000000 -11.139217
83990.000000 -11.457481
83992.000000 -11.775744
83994.000000 -12.094007
83996.000000 -12.412271
83998.000000 -12.730534
84000.000000 -13.048797
84002.000000 -13.367061
84004.000000 -13.685324
84006.000000 -14.003587
84008.000000 -14.321851
84010.000000 -14.640114
84012.000000 -14.958377
84014.000000 -15.276641
84016.000000 -15.594904
84018.000000 -15.913167
84020.000000 -16.231431
84022.000000 -16.549694
84024.000000 -16.867957
84026.000000 -17.186221
84028.000000 -17.504484
84030.000000 -17.822748
84032.000000 -18.141011
84034.000000 -18.459274
84036.000000 -18.777538
84038.000000 -19.095801
84040.000000 -19.414064
84042.000000 -19.732328
84044.000000 -20.050591
84046.000000 -20.368854
84048.000000 -20.687118
84050.000000 -21.005381
84052.000000 -21.323644
84054.000000 -21.641908
84056.000000 -21.960171
84058.000000 -22.278434
84060.000000 -22.596698
84062.000000 -22.914961
84064.000000 -23.233224
84066.000000 -23.551488
84068.000000 -23.869751
84070.000000 -24.188014
84072.000000 -24.506278
84074.000000 -24.824541
84076.000000 -25.142805
84078.000000 -25.461068
84080.000000 -25.779331
84082.000000 -26.097595
84084.000000 -26.256726
84086.000000 -26.256726
84088.000000 -26.256726
84090.000000 -26.256726
84092.000000 -26.256726
84094.000000 -26.256726
84096.000000 -26.256726
84098.000000 -26.256726
84100.000000 -26.256726
84102.000000 -26.256726
84104.000000 -26.256726
84106.000000 -26.256726
84108.000000 -26.256726
84110.000000 -26.256726
84112.000000 -26.256726
84114.000000 -26.256726
84116.000000 -26.256726
84118.000000 -26.256726
84120.000000 -26.256726
84122.000000 -26.256726
84124.000000 -26.256726
84126.000000 -26.256726
84128.000000 -26.256726
84130.000000 -26.256726
84132.000000 -26.256726
84134.000000 -26.256726
84136.000000 -26.256726
84138.000000 -26.256726
84140.000000 -26.256726
84142.000000 -26.256726
84144.000000 -26.256726
84146.000000 -26.256726
84148.000000 -26.256726
84150.000000 -26.256726
84152.000000 -26.256726
84154.000000 -26.256726
84156.000000 -26.256726
84158.000000 -26.256726
84160.000000 -26.256726
84162.000000 -26.256726
84164.000000 -26.256726
84166.000000 -26.256726
84168.000000 -26.256726
84170.000000 -26.256726
84172.000000 -26.256726
84174.000000 -26.256726
84176.000000 -26.256726
84178.000000 -26.256726
84180.000000 -26.256726
84182.000000 -26.256726
84184.000000 -26.256726
84186.000000 -26.256726
84188.000000 -26.256726
84190.000000 -26.256726
84192.000000 -26.256726
84194.000000 -26.256726
84196.000000 -26.256726
84198.000000 -26.256726
84200.000000 -26.256726
84202.000000 -26.256726
84204.000000 -26.256726
84206.000000 -26.256726
84208.000000 -26.256726
84210.000000 -26.256726
84212.000000 -26.256726
84214.000000 -26.256726
84216.000000 -26.256726
84218.000000 -26.256726
84220.000000 -26.256726
84222.000000 -26.256726
84224.000000 -26.256726
84226.000000 -26.256726
84228.000000 -26.256726
84230.000000 -26.256726
84232.000000 -26.256726
84234.000000 -26.256726
84236.000000 -26.256726
84238.000000 -26.256726
84240.000000 -26.256726
84242.000000 -26.256726
84244.000000 -26.256726
84246.000000 -26.256726
84248.000000 -26.256726
84250.000000 -26.256726
84252.000000 -26.256726
84254.000000 -26.256726
84256.000000 -26.256726
84258.000000 -26.256726
84260.000000 -26.256726
84262.000000 -26.256726
84264.000000 -26.256726
84266.000000 -26.256726
84268.000000 -26.256726
84270.000000 -26.256726
84272.000000 -26.256726
84274.000000 -26.256726
84276.000000 -26.256726
84278.000000 -26.256726
84280.000000 -26.256726
84282.000000 -26.256726
84284.000000 -26.256726
84286.000000 -26.256726
84288.000000 -26.256726
84290.000000 -26.256726
84292.000000 -26.256726
84294.000000 -26.256726
84296.000000 -26.256726
84298.000000 -26.256726
84300.000000 -26.256726
84302.000000 -26.256726
84304.000000 -26.256726
84306.000000 -26.256726
84308.000000 -26.256726
84310.000000 -26.256726
84312.000000 -26.256726
84314.000000 -26.256726
84316.000000 -26.256726
84318.000000 -26.256726
84320.000000 -26.256726
84322.000000 -26.256726
84324.000000 -26.256726
84326.000000 -26.256726
84328.000000 -26.256726
84330.000000 -26.256726
84332.000000 -26.256726
84334.000000 -26.256726
84336.000000 -26.256726
84338.000000 -26.256726
84340.000000 -26.256726
84342.000000 -26.256726
84344.000000 -26.256726
84346.000000 -26.256726
84348.000000 -26.256726
84350.000000 -26.256726
84352.000000 -26.256726
84354.000000 -26.256726
84356.000000 -26.256726
84358.000000 -26.256726
84360.000000 -26.256726
84362.000000 -26.256726
84364.000000 -26.256726
84366.000000 -26.256726
84368.000000 -26.256726
84370.000000 -26.256726
84372.000000 -26.256726
84374.000000 -26.256726
84376.000000 -26.256726
84378.000000 -26.256726
84380.000000 -26.256726
84382.000000 -26.256726
84384.000000 -26.256726
84386.000000 -26.256726
84388.000000 -26.256726
84390.000000 -26.256726
84392.000000 -26.256726
84394.000000 -26.256726
84396.000000 -26.256726
84398.000000 -26.256726
84400.000000 -26.256726
84402.000000 -26.256726
84404.000000 -26.256726
84406.000000 -26.256726
84408.000000 -26.256726
84410.000000 -26.256726
84412.000000 -26.256726
84414.000000 -26.256726
84416.000000 -26.256726
84418.000000 -26.256726
84420.000000 -26.256726
84422.000000 -26.256726
84424.000000 -26.256726
84426.000000 -26.256726
84428.000000 -26.256726
84430.000000 -26.256726
84432.000000 0.001295
84434.000000 5.655823
84436.000000 11.310351
84438.000000 12.723983
84440.000000 14.148406
84442.000000 15.562038
84444.000000 16.975671
84446.000000 17.687882
84448.000000 18.389303
84450.000000 19.090723
84452.000000 19.802935
84454.000000 21.216567
84456.000000 22.630199
84458.000000 26.871095
84460.000000 31.111991
84462.000000 30.637183
84464.000000 30.173167
84466.000000 29.698359
84468.000000 29.223551
84470.000000 28.759535
84472.000000 28.284727
84474.000000 25.457463
84476.000000 22.630199
84478.000000 21.216567
84480.000000 19.802935
84482.000000 22.630199
84484.000000 25.457463
84486.000000 29.709150
84488.000000 33.950046
84490.000000 31.824202
84492.000000 29.709150
84494.000000 27.583306
84496.000000 25.457463
84498.000000 21.216567
84500.000000 16.975671
84502.000000 16.263459
84504.000000 15.562038
84506.000000 14.860618
84508.000000 14.148406
84510.000000 9.896719
84512.000000 5.655823
84514.000000 7.069455
84516.000000 8.483087
84518.000000 7.069455
84520.000000 5.655823
84522.000000 8.483087
84524.000000 11.321142
84526.000000 14.148406
84528.000000 16.975671
84530.000000 19.802935
84532.000000 22.630199
84534.000000 24.043831
84536.000000 25.457463
84538.000000 28.284727
84540.000000 31.111991
84542.000000 26.871095
84544.000000 22.630199
84546.000000 26.871095
84548.000000 31.111991
84550.000000 29.698359
84552.000000 28.284727
84554.000000 22.630199
84556.000000 16.975671
84558.000000 12.723983
84560.000000 8.483087
84562.000000 5.655823
84564.000000 2.828559
84566.000000 0.001295
84568.000000 -4.933082
84570.000000 -5.251345
84572.000000 -5.569609
84574.000000 -5.887872
84576.000000 2.828559
84578.000000 7.069455
84580.000000 11.310351
84582.000000 5.655823
84584.000000 0.001295
84586.000000 -4.614819
84588.000000 -4.933082
84590.000000 -5.251345
84592.000000 -5.569609
84594.000000 -5.887872
84596.000000 -6.206135
84598.000000 -6.524399
84600.000000 -6.842662
84602.000000 -7.160925
84604.000000 -7.479189
84606.000000 -7.797452
84608.000000 -8.115715
84610.000000 -8.433979
84612.000000 -8.752242
84614.000000 -9.070505
84616.000000 -9.388769
84618.000000 -9.707032
84620.000000 -10.025295
84622.000000 -10.343559
84624.000000 -10.661822
84626.000000 -10.980086
84628.000000 -11.298349
84630.000000 -11.616612
84632.000000 -11.934876
84634.000000 -12.253139
84636.000000 -12.571402
84638.000000 -12.889666
84640.000000 -13.207929
84642.000000 -13.526192
84644.000000 -13.844456
84646.000000 -14.162719
84648.000000 -14.480982
84650.000000 -14.799246
84652.000000 -15.117509
84654.000000 -15.435772
84656.000000 -0.001068
84658.000000 -15.435772
84660.000000 -15.754036
84662.000000 -16.072299
84664.000000 -16.390562
84666.000000 -16.708826
84668.000000 -17.027089
84670.000000 -17.345353
84672.000000 -17.663616
84674.000000 -17.981879
84676.000000 -18.300143
84678.000000 -18.618406
84680.000000 -18.936669
84682.000000 -19.254933
84684.000000 -19.573196
84686.000000 -19.891459
84688.000000 -20.209723
84690.000000 -20.527986
84692.000000 -20.846249
84694.000000 -21.164513
84696.000000 -21.482776
84698.000000 -21.801039
84700.000000 -22.119303
84702.000000 -22.437566
84704.000000 -22.755829
84706.000000 -23.074093
84708.000000 -23.392356
84710.000000 -23.710619
84712.000000 -24.028883
84714.000000 -24.347146
84716.000000 -24.665410
84718.000000 -24.983673
84720.000000 -25.301936
84722.000000 -25.620200
84724.000000 -25.938463
84726.000000 -26.256726
84728.000000 -26.256726
84730.000000 -26.256726
84732.000000 -26.256726
84734.000000 -26.256726
84736.000000 -26.256726
84738.000000 -26.256726
84740.000000 -26.256726
84742.000000 -26.256726
84744.000000 -26.256726
84746.000000 -26.256726
84748.000000 -26.256726
84750.000000 -26.256726
84752.000000 -26.256726
84754.000000 -26.256726
84756.000000 -26.256726
84758.000000 -26.256726
84760.000000 -26.256726
84762.000000 -26.256726
84764.000000 -26.256726
84766.000000 -26.256726
84768.000000 -26.256726
84770.000000 -26.256726
84772.000000 -26.256726
84774.000000 -26.256726
84776.000000 -26.256726
84778.000000 -26.256726
84780.000000 -26.256726
84782.000000 -26.256726
84784.000000 -26.256726
84786.000000 -26.256726
84788.000000 -26.256726
84790.000000 -26.256726
84792.000000 -26.256726
84794.000000 -26.256726
84796.000000 -26.256726
84798.000000 -26.256726
84800.000000 -26.256726
84802.000000 -26.256726
84804.000000 -26.256726
84806.000000 -26.256726
84808.000000 -26.256726
84810.000000 -0.579779
84812.000000 -2.333718
84814.000000 -4.666367
84816.000000 -6.999016
84818.000000 -5.832691
84820.000000 -4.666367
84822.000000 -3.500042
84824.000000 -2.333718
84826.000000 -1.167393
84828.000000 -0.001068
84830.000000 -23.392356
84832.000000 -23.710619
84834.000000 -24.028883
84836.000000 -24.347146
84838.000000 -24.665410
84840.000000 -24.983673
84842.000000 -2.333718
84844.000000 -6.999016
84846.000000 -8.165340
84848.000000 -9.331665
84850.000000 -8.165340
84852.000000 -6.999016
84854.000000 -6.420305
84856.000000 -5.832691
84858.000000 -5.245077
84860.000000 -4.666367
84862.000000 -6.999016
84864.000000 -9.331665
84866.000000 -10.497990
84868.000000 -11.673217
84870.000000 -9.340568
84872.000000 -7.007919
84874.000000 -4.666367
84876.000000 -2.333718
84878.000000 -19.573196
84880.000000 -19.891459
84882.000000 -20.209723
84884.000000 -20.527986
84886.000000 -20.846249
84888.000000 -0.001068
84890.000000 -1.167393
84892.000000 -2.333718
84894.000000 -5.832691
84896.000000 -9.331665
84898.000000 -11.673217
84900.000000 -14.005867
84902.000000 -12.839542
84904.000000 -11.673217
84906.000000 -10.497990
84908.000000 -9.331665
84910.000000 -6.999016
84912.000000 -4.666367
84914.000000 -2.333718
84916.000000 -0.001068
84918.000000 -16.390562
84920.000000 -16.708826
84922.000000 -2.333718
84924.000000 -6.999016
84926.000000 -14.005867
84928.000000 -21.003814
84930.000000 -23.336463
84932.000000 -25.669112
84934.000000 -23.336463
84936.000000 -21.003814
84938.000000 -21.591428
84940.000000 -22.170139
84942.000000 -22.748849
84944.000000 -23.336463
84946.000000 -25.669112
84948.000000 -28.010665
84950.000000 -25.669112
84952.000000 -23.336463
84954.000000 -21.003814
84956.000000 -18.671165
84958.000000 -14.005867
84960.000000 -9.331665
84962.000000 -6.999016
84964.000000 -4.666367
84966.000000 -10.025295
84968.000000 -10.343559
84970.000000 -10.661822
84972.000000 -10.980086
84974.000000 -11.298349
84976.000000 -11.616612
84978.000000 -11.934876
84980.000000 -12.253139
84982.000000 -12.571402
84984.000000 -12.889666
84986.000000 -13.207929
84988.000000 -13.526192
84990.000000 -13.844456
84992.000000 -14.162719
84994.000000 -14.480982
84996.000000 -14.799246
84998.000000 -15.117509
85000.000000 -15.435772
85002.000000 -15.754036
85004.000000 -16.072299
85006.000000 -0.001068
85008.000000 -2.333718
85010.000000 -4.666367
85012.000000 -6.999016
85014.000000 -8.165340
85016.000000 -9.331665
85018.000000 -10.497990
85020.000000 -11.673217
85022.000000 -15.172191
85024.000000 -18.671165
85026.000000 -19.837489
85028.000000 -21.003814
85030.000000 -18.671165
85032.000000 -16.338516
85034.000000 -18.671165
85036.000000 -21.003814
85038.000000 -17.504840
85040.000000 -14.005867
85042.000000 -10.497990
85044.000000 -6.999016
85046.000000 -1.167393
85048.000000 -9.707032
85050.000000 -10.025295
85052.000000 -10.343559
85054.000000 -10.661822
85056.000000 -10.980086
85058.000000 -11.298349
85060.000000 -11.616612
85062.000000 -11.934876
85064.000000 -12.253139
85066.000000 -12.571402
85068.000000 -12.889666
85070.000000 -13.207929
85072.000000 -13.526192
85074.000000 -13.844456
85076.000000 -14.162719
85078.000000 -14.480982
85080.000000 -14.799246
85082.000000 -15.117509
85084.000000 -15.435772
85086.000000 -15.754036
85088.000000 -16.072299
85090.000000 -16.390562
85092.000000 -16.708826
85094.000000 -17.027089
85096.000000 -17.345353
85098.000000 -17.663616
85100.000000 -17.981879
85102.000000 -18.300143
85104.000000 -18.618406
85106.000000 -18.936669
85108.000000 -19.254933
85110.000000 -19.573196
85112.000000 -19.891459
85114.000000 -20.209723
85116.000000 -20.527986
85118.000000 -20.846249
85120.000000 -21.164513
85122.000000 -21.482776
85124.000000 -21.801039
85126.000000 7.069455
85128.000000 16.975671
85130.000000 15.562038
85132.000000 14.148406
85134.000000 11.321142
85136.000000 8.483087
85138.000000 4.242191
85140.000000 0.001295
85142.000000 -19.573196
85144.000000 -19.891459
85146.000000 -20.209723
85148.000000 -20.527986
85150.000000 -20.846249
85152.000000 -21.164513
85154.000000 -21.482776
85156.000000 -21.801039
85158.000000 -22.119303
85160.000000 -22.437566
85162.000000 -22.755829
85164.000000 -23.074093
85166.000000 -23.392356
85168.000000 -23.710619
85170.000000 -24.028883
85172.000000 -24.347146
85174.000000 -24.665410
85176.000000 -24.983673
85178.000000 -25.301936
85180.000000 -25.620200
85182.000000 -25.938463
85184.000000 -26.256726
85186.000000 -26.256726
85188.000000 -26.256726
85190.000000 -26.256726
85192.000000 -26.256726
85194.000000 -26.256726
85196.000000 -26.256726
85198.000000 -26.256726
85200.000000 -26.256726
85202.000000 -26.256726
85204.000000 -26.256726
85206.000000 -26.256726
85208.000000 -26.256726
85210.000000 -26.256726
85212.000000 -26.256726
85214.000000 -26.256726
85216.000000 -26.256726
85218.000000 -26.256726
85220.000000 -26.256726
85222.000000 -26.256726
85224.000000 -26.256726
85226.000000 -26.256726
85228.000000 -26.256726
85230.000000 -26.256726
85232.000000 -26.256726
85234.000000 -26.256726
85236.000000 -26.256726
85238.000000 -26.256726
85240.000000 -26.256726
85242.000000 -26.256726
85244.000000 -26.256726
85246.000000 -26.256726
85248.000000 -26.256726
85250.000000 -26.256726
85252.000000 -26.256726
85254.000000 -26.256726
85256.000000 -26.256726
85258.000000 -26.256726
85260.000000 -0.001068
85262.000000 -1.167393
85264.000000 -2.333718
85266.000000 -3.500042
85268.000000 -4.666367
85270.000000 -3.500042
85272.000000 -2.333718
85274.000000 -0.001068
85276.000000 -24.028883
85278.000000 -24.347146
85280.000000 -24.665410
85282.000000 -24.983673
85284.000000 -25.301936
85286.000000 -25.620200
85288.000000 -25.938463
85290.000000 -26.256726
85292.000000 -26.256726
85294.000000 -26.256726
85296.000000 -26.256726
85298.000000 -26.256726
85300.000000 -26.256726
85302.000000 -26.256726
85304.000000 -26.256726
85306.000000 -26.256726
85308.000000 -26.256726
85310.000000 -26.256726
85312.000000 -26.256726
85314.000000 -26.256726
85316.000000 -26.256726
85318.000000 -26.256726
85320.000000 -26.256726
85322.000000 -26.256726
85324.000000 -26.256726
85326.000000 -26.256726
85328.000000 -26.256726
85330.000000 -26.256726
85332.000000 -26.256726
85334.000000 -26.256726
85336.000000 -26.256726
85338.000000 -26.256726
85340.000000 -26.256726
85342.000000 -26.256726
85344.000000 -26.256726
85346.000000 -26.256726
85348.000000 -26.256726
85350.000000 -26.256726
85352.000000 -26.256726
85354.000000 -26.256726
85356.000000 -26.256726
85358.000000 -26.256726
85360.000000 -26.256726
85362.000000 -26.256726
85364.000000 -26.256726
85366.000000 -26.256726
85368.000000 -26.256726
85370.000000 -26.256726
85372.000000 -26.256726
85374.000000 -26.256726
85376.000000 -26.256726
85378.000000 -26.256726
85380.000000 -26.256726
85382.000000 -26.256726
85384.000000 -26.256726
85386.000000 -26.256726
85388.000000 -26.256726
85390.000000 -26.256726
85392.000000 -26.256726
85394.000000 -26.256726
85396.000000 -26.256726
85398.000000 -26.256726
85400.000000 -26.256726
85402.000000 -26.256726
85404.000000 -26.256726
85406.000000 -26.256726
85408.000000 -26.256726
85410.000000 -26.256726
85412.000000 -26.256726
85414.000000 -26.256726
85416.000000 -26.256726
85418.000000 -26.256726
85420.000000 -26.256726
85422.000000 -26.256726
85424.000000 -26.256726
85426.000000 -26.256726
85428.000000 -26.256726
85430.000000 -26.256726
85432.000000 -26.256726
85434.000000 -26.256726
85436.000000 -26.256726
85438.000000 -26.256726
85440.000000 -25.938463
85442.000000 -25.620200
85444.000000 -25.301936
85446.000000 -24.983673
85448.000000 -24.665410
85450.000000 -24.347146
85452.000000 -24.028883
85454.000000 -23.710619
85456.000000 -23.392356
85458.000000 -23.074093
85460.000000 -22.755829
85462.000000 -22.437566
85464.000000 -22.119303
85466.000000 -21.801039
85468.000000 -21.482776
85470.000000 -21.164513
85472.000000 -20.846249
85474.000000 -20.527986
85476.000000 -20.209723
85478.000000 -19.891459
85480.000000 -19.573196
85482.000000 -19.254933
85484.000000 -18.936669
85486.000000 -18.618406
85488.000000 -18.300143
85490.000000 -17.981879
85492.000000 -17.663616
85494.000000 -17.504484
85496.000000 -17.504484
85498.000000 -17.504484
85500.000000 -17.504484
85502.000000 -17.504484
85504.000000 -17.504484
85506.000000 -17.504484
85508.000000 -17.504484
85510.000000 -17.504484
85512.000000 -17.504484
85514.000000 -17.504484
85516.000000 -17.504484
85518.000000 -17.504484
85520.000000 -17.504484
85522.000000 -17.504484
85524.000000 -17.504484
85526.000000 -17.504484
85528.000000 -17.504484
85530.000000 -17.504484
85532.000000 -17.504484
85534.000000 -17.504484
85536.000000 -17.504484
85538.000000 -17.504484
85540.000000 -17.504484
85542.000000 -17.504484
85544.000000 -17.504484
85546.000000 -17.504484
85548.000000 -17.504484
85550.000000 -17.504484
85552.000000 -17.504484
85554.000000 -17.504484
85556.000000 -17.504484
85558.000000 -17.504484
85560.000000 -17.504484
85562.000000 -17.504484
85564.000000 0.001295
85566.000000 2.828559
85568.000000 5.655823
85570.000000 7.069455
85572.000000 8.483087
85574.000000 11.321142
85576.000000 14.148406
85578.000000 8.493878
85580.000000 2.828559
85582.000000 1.414927
85584.000000 0.001295
85586.000000 -14.321851
85588.000000 -14.640114
85590.000000 -14.958377
85592.000000 -15.276641
85594.000000 -15.594904
85596.000000 -15.913167
85598.000000 1.414927
85600.000000 5.655823
85602.000000 -15.594904
85604.000000 -15.913167
85606.000000 -16.231431
85608.000000 -16.549694
85610.000000 -16.867957
85612.000000 -17.186221
85614.000000 -17.504484
85616.000000 -17.504484
85618.000000 -17.504484
85620.000000 -17.504484
85622.000000 -17.504484
85624.000000 -17.504484
85626.000000 -17.504484
85628.000000 -17.504484
85630.000000 -17.504484
85632.000000 -17.504484
85634.000000 -17.504484
85636.000000 -17.504484
85638.000000 -17.504484
85640.000000 -17.504484
85642.000000 -17.504484
85644.000000 0.001295
85646.000000 1.414927
85648.000000 2.828559
85650.000000 8.493878
85652.000000 14.148406
85654.000000 18.389303
85656.000000 22.630199
85658.000000 21.216567
85660.000000 19.802935
85662.000000 21.216567
85664.000000 22.630199
85666.000000 21.216567
85668.000000 19.802935
85670.000000 12.723983
85672.000000 5.655823
85674.000000 2.828559
85676.000000 0.001295
85678.000000 -12.412271
85680.000000 -12.730534
85682.000000 -13.048797
85684.000000 -13.367061
85686.000000 -13.685324
85688.000000 -14.003587
85690.000000 -14.321851
85692.000000 -14.640114
85694.000000 -14.958377
85696.000000 -15.276641
85698.000000 -15.594904
85700.000000 -15.913167
85702.000000 -16.231431
85704.000000 -16.549694
85706.000000 -16.867957
85708.000000 -17.186221
85710.000000 -17.504484
85712.000000 -17.504484
85714.000000 -17.504484
85716.000000 -17.504484
85718.000000 -17.504484
85720.000000 -17.504484
85722.000000 -17.504484
85724.000000 -17.504484
85726.000000 -17.504484
85728.000000 -17.504484
85730.000000 -17.504484
85732.000000 -17.504484
85734.000000 -17.504484
85736.000000 -17.504484
85738.000000 -17.504484
85740.000000 -17.504484
85742.000000 -17.504484
85744.000000 -17.504484
85746.000000 -17.504484
85748.000000 -17.504484
85750.000000 -17.504484
85752.000000 -17.504484
85754.000000 -17.504484
85756.000000 -17.504484
85758.000000 -17.504484
85760.000000 -17.504484
85762.000000 -17.504484
85764.000000 -17.504484
85766.000000 -17.504484
85768.000000 -17.504484
85770.000000 -17.504484
85772.000000 -17.504484
85774.000000 -17.504484
85776.000000 -17.504484
85778.000000 -17.504484
85780.000000 -17.504484
85782.000000 -17.504484
85784.000000 -17.504484
85786.000000 -17.504484
85788.000000 -17.504484
85790.000000 -17.504484
85792.000000 -17.504484
85794.000000 -17.504484
85796.000000 -17.504484
85798.000000 -17.504484
85800.000000 -17.504484
85802.000000 -17.504484
85804.000000 -17.504484
85806.000000 -17.504484
85808.000000 -17.504484
85810.000000 -17.504484
85812.000000 -17.504484
85814.000000 -17.504484
85816.000000 -17.504484
85818.000000 -17.504484
85820.000000 -17.504484
85822.000000 -17.504484
85824.000000 -17.504484
85826.000000 -17.504484
85828.000000 -17.504484
85830.000000 -17.504484
85832.000000 -17.504484
85834.000000 -17.504484
85836.000000 -17.504484
85838.000000 -17.504484
85840.000000 -17.504484
85842.000000 -17.504484
85844.000000 -17.504484
85846.000000 -17.504484
85848.000000 -17.504484
85850.000000 -17.504484
85852.000000 -17.504484
85854.000000 -17.504484
85856.000000 -17.504484
85858.000000 -17.504484
85860.000000 -17.504484
85862.000000 -17.504484
85864.000000 -17.504484
85866.000000 -17.504484
85868.000000 -17.504484
85870.000000 -17.504484
85872.000000 -17.504484
85874.000000 -17.504484
85876.000000 -17.504484
85878.000000 -17.504484
85880.000000 -17.504484
85882.000000 -17.504484
85884.000000 -17.504484
85886.000000 -17.504484
85888.000000 -17.504484
85890.000000 -17.504484
85892.000000 -17.504484
85894.000000 -17.504484
85896.000000 -17.504484
85898.000000 -17.504484
85900.000000 -17.504484
85902.000000 -17.504484
85904.000000 -17.504484
85906.000000 -17.504484
85908.000000 -17.504484
85910.000000 -17.504484
85912.000000 -17.504484
85914.000000 -17.504484
85916.000000 -17.504484
85918.000000 -17.504484
85920.000000 -17.504484
85922.000000 -17.504484
85924.000000 -17.504484
85926.000000 -17.504484
85928.000000 11.310351
85930.000000 21.205776
85932.000000 31.111991
85934.000000 32.536414
85936.000000 33.950046
85938.000000 36.777310
85940.000000 39.604574
85942.000000 42.431838
85944.000000 45.259102
85946.000000 42.431838
85948.000000 39.604574
85950.000000 29.709150
85952.000000 19.802935
85954.000000 12.723983
85956.000000 5.655823
85958.000000 4.242191
85960.000000 2.828559
85962.000000 5.655823
85964.000000 8.483087
85966.000000 11.321142
85968.000000 14.148406
85970.000000 19.802935
85972.000000 25.457463
85974.000000 28.284727
85976.000000 31.111991
85978.000000 33.950046
85980.000000 36.777310
85982.000000 36.075890
85984.000000 35.363678
85986.000000 34.651467
85988.000000 33.950046
85990.000000 32.536414
85992.000000 31.111991
85994.000000 33.939255
85996.000000 36.777310
85998.000000 33.939255
86000.000000 31.111991
86002.000000 32.536414
86004.000000 33.950046
86006.000000 35.363678
86008.000000 36.777310
86010.000000 37.478731
86012.000000 38.190942
86014.000000 38.903154
86016.000000 39.604574
86018.000000 37.478731
86020.000000 35.363678
86022.000000 33.237835
86024.000000 31.111991
86026.000000 24.043831
86028.000000 16.975671
86030.000000 9.896719
86032.000000 2.828559
86034.000000 0.001295
86036.000000 -0.636527
86038.000000 -0.954790
86040.000000 0.001295
86042.000000 -0.954790
86044.000000 -1.273053
86046.000000 -1.591317
86048.000000 -1.909580
86050.000000 -2.227843
86052.000000 0.001295
86054.000000 1.414927
86056.000000 2.828559
86058.000000 5.655823
86060.000000 8.483087
86062.000000 11.310351
86064.000000 14.148406
86066.000000 16.975671
86068.000000 19.802935
86070.000000 24.043831
86072.000000 28.284727
86074.000000 32.536414
86076.000000 36.777310
86078.000000 35.363678
86080.000000 33.950046
86082.000000 32.536414
86084.000000 31.111991
86086.000000 29.698359
86088.000000 28.284727
86090.000000 36.766519
86092.000000 45.259102
86094.000000 45.960523
86096.000000 46.672734
86098.000000 47.384946
86100.000000 48.086367
86102.000000 45.259102
86104.000000 42.431838
86106.000000 39.604574
86108.000000 36.777310
86110.000000 35.363678
86112.000000 33.950046
86114.000000 36.777310
86116.000000 39.604574
86118.000000 33.939255
86120.000000 28.284727
86122.000000 26.871095
86124.000000 25.457463
86126.000000 16.975671
86128.000000 8.483087
86130.000000 4.242191
86132.000000 0.001295
86134.000000 1.414927
86136.000000 2.828559
86138.000000 7.069455
86140.000000 11.310351
86142.000000 9.896719
86144.000000 8.483087
86146.000000 7.069455
86148.000000 5.655823
86150.000000 8.483087
86152.000000 11.310351
86154.000000 12.723983
86156.000000 14.148406
86158.000000 16.975671
86160.000000 19.802935
86162.000000 21.216567
86164.000000 22.630199
86166.000000 25.457463
86168.000000 28.284727
86170.000000 25.457463
86172.000000 22.630199
86174.000000 21.216567
86176.000000 19.802935
86178.000000 18.389303
86180.000000 16.975671
86182.000000 14.148406
86184.000000 11.310351
86186.000000 8.483087
86188.000000 5.655823
86190.000000 8.483087
86192.000000 11.310351
86194.000000 9.896719
86196.000000 8.483087
86198.000000 7.069455
86200.000000 5.655823
86202.000000 -0.318263
86204.000000 -0.636527
86206.000000 -0.954790
86208.000000 -1.273053
86210.000000 -1.591317
86212.000000 -1.909580
86214.000000 -2.227843
86216.000000 -2.546107
86218.000000 -2.864370
86220.000000 -3.182633
86222.000000 -3.500897
86224.000000 -3.819160
86226.000000 -4.137424
86228.000000 -4.455687
86230.000000 -4.773950
86232.000000 -5.092214
86234.000000 -5.410477
86236.000000 -5.728740
86238.000000 -6.047004
86240.000000 -6.365267
86242.000000 -6.683530
86244.000000 -7.001794
86246.000000 -7.320057
86248.000000 -7.638320
86250.000000 -7.956584
86252.000000 -8.274847
86254.000000 -8.593110
86256.000000 -8.911374
86258.000000 -9.229637
86260.000000 -9.547900
86262.000000 -9.866164
86264.000000 -10.184427
86266.000000 -10.502690
86268.000000 -10.820954
86270.000000 -11.139217
86272.000000 -11.457481
86274.000000 -11.775744
86276.000000 -12.094007
86278.000000 -12.412271
86280.000000 -12.730534
86282.000000 -13.048797
86284.000000 -13.367061
86286.000000 -13.685324
86288.000000 -14.003587
86290.000000 -14.321851
86292.000000 -14.640114
86294.000000 -14.958377
86296.000000 -15.276641
86298.000000 -15.594904
86300.000000 -15.9
